125	0	5.22E+00
125	1	7.39E+01
125	2	8.59E-02
125	3	4.45E-01
125	4	6.14E-01
125	5	7.14E-01
125	6	1.54E-02
125	7	1.05E+01
125	8	2.80E+02
125	9	3.30E+01
125	10	2.00E+01
125	11	1.11E+02
125	12	7.40E+01
125	13	1.10E+02
125	21	5.47E-02
125	51	1.01E-03
125	122	6.00E+00
125	124	1.30E+01
8	126	2.00E+00
9	126	2.00E-01
10	126	9.50E+00
12	126	1.44E+00
44	126	2.13E-01
46	126	9.55E-03
50	126	2.77E-02
51	126	4.56E-07
52	126	3.90E-03
53	126	8.16E-03
54	126	4.15E-05
55	126	2.25E-03
59	126	1.21E-06
60	126	4.13E-06
62	126	1.89E-06
64	126	1.24E-03
65	126	4.53E-07
69	126	1.75E-04
75	126	5.80E-05
76	126	1.26E-04
77	126	3.74E-04
78	126	2.61E-04
79	126	2.94E-04
80	126	1.39E-07
81	126	1.05E-02
82	126	2.81E-05
83	126	1.19E-06
84	126	3.53E-03
85	126	1.18E-03
86	126	1.01E-03
87	126	2.64E-05
88	126	1.77E-07
89	126	9.97E-05
90	126	2.10E-03
91	126	2.92E-03
95	126	4.23E-06
96	126	4.40E-08
97	126	4.46E-08
98	126	3.12E-08
99	126	1.18E-08
14	127	9.86E+01
15	127	1.32E+02
16	127	1.03E+01
17	127	1.78E+00
18	127	8.42E+00
19	127	1.51E-01
20	127	1.02E+01
21	127	5.43E-01
22	127	6.13E+00
23	127	9.23E+01
24	127	8.36E+00
25	127	3.32E+01
26	127	2.21E-01
27	127	1.28E-02
28	127	2.19E-02
29	127	7.84E-01
30	127	8.17E-01
31	127	2.96E-01
32	127	3.43E-02
33	127	3.05E-02
34	127	1.26E+00
35	127	1.00E+00
36	127	5.75E-01
37	127	8.61E-01
38	127	6.99E-02
39	127	1.31E-01
40	127	1.79E-01
41	127	5.27E-01
42	127	1.12E+00
43	127	5.73E-01
44	127	8.33E-01
45	127	3.74E-02
46	127	6.29E-02
47	127	3.16E-02
48	127	2.76E-01
49	127	8.55E-03
50	127	1.16E-01
51	127	2.11E-03
52	127	4.53E-05
53	127	1.71E-02
54	127	6.84E-04
55	127	6.44E-04
56	127	1.68E-02
57	127	8.37E-05
58	127	2.36E-01
59	127	1.68E-03
60	127	5.82E-03
61	127	1.24E-02
62	127	6.01E-03
63	127	1.17E-03
64	127	9.96E-03
65	127	3.70E-03
66	127	8.37E-04
67	127	9.86E-02
68	127	1.71E-02
69	127	2.80E-04
70	127	1.47E-03
71	127	5.00E-03
72	127	6.93E-03
73	127	1.07E-02
74	127	3.26E-03
75	127	2.66E-05
76	127	3.49E-04
77	127	2.07E-04
78	127	4.95E-03
79	127	9.86E-04
80	127	1.05E-02
81	127	2.02E-02
82	127	1.26E-04
83	127	6.39E-02
84	127	1.91E-02
85	127	3.17E-03
86	127	7.41E-05
87	127	1.74E-02
88	127	1.71E-03
89	127	3.80E-06
90	127	1.88E-03
91	127	1.29E-02
92	127	6.23E-03
93	127	6.43E-02
94	127	4.13E-03
95	127	8.51E-03
96	127	1.70E-02
97	127	2.93E-02
98	127	3.02E-04
99	127	8.16E-03
100	127	1.20E-05
101	127	2.82E-04
102	127	3.08E-02
103	127	6.90E-03
104	127	1.49E-02
105	127	9.55E-03
106	127	4.53E-03
107	127	5.42E-03
108	127	2.62E-03
109	127	5.26E-03
110	127	5.15E-04
111	127	8.05E-04
112	127	3.66E-03
113	127	1.21E-03
114	127	4.38E-03
115	127	4.10E-05
116	127	9.97E-04
117	127	1.30E-03
118	127	6.56E-04
119	127	4.70E-06
120	127	2.13E-03
121	127	1.76E-03
122	127	6.07E+00
123	127	3.07E+02
0	15	2.34E+00
0	16	1.62E-01
0	17	1.51E-01
0	18	7.22E-01
0	19	1.30E-02
0	20	9.65E-01
0	22	3.35E-02
0	26	1.65E-02
0	29	3.48E-03
0	30	9.26E-02
0	36	5.56E-02
0	66	1.91E-05
0	68	4.38E-04
0	70	1.14E-05
0	124	6.63E-01
1	15	3.31E+01
1	16	2.29E+00
1	17	2.13E+00
1	18	1.02E+01
1	19	1.84E-01
1	20	1.37E+01
1	22	7.46E+00
1	26	2.94E-01
1	29	3.92E-02
1	30	8.96E-01
1	31	1.41E-01
1	34	3.65E-01
1	36	5.19E-01
1	37	1.01E-01
1	38	7.36E-03
1	39	2.08E-02
1	44	9.39E-02
1	47	5.15E-03
1	70	3.80E-04
1	83	1.14E-02
1	88	1.67E-04
1	90	8.02E-04
1	124	2.31E+00
2	17	2.87E-03
2	18	1.37E-02
2	19	2.48E-04
2	22	1.00E-02
2	29	6.31E-05
2	70	2.43E-06
2	83	1.46E-05
2	88	1.28E-06
2	90	1.13E-06
2	124	5.89E-02
3	15	2.00E-01
3	16	1.38E-02
3	17	1.29E-02
3	18	6.16E-02
3	19	1.11E-03
3	20	8.24E-02
3	22	4.49E-02
3	26	1.77E-03
3	27	1.80E-03
3	30	9.05E-03
3	36	5.18E-03
3	124	1.11E-02
4	16	2.09E-02
4	17	1.95E-02
4	18	9.34E-02
4	19	1.69E-03
4	22	6.81E-02
4	26	1.64E-03
4	27	2.73E-03
4	30	1.17E-01
4	36	5.94E-03
4	44	8.25E-02
4	66	2.90E-05
4	68	6.64E-04
4	70	1.73E-05
4	124	2.00E-01
5	16	2.43E-02
5	17	2.27E-02
5	18	1.09E-01
5	19	1.96E-03
5	21	2.93E-02
5	22	7.92E-02
5	26	2.91E-03
5	30	1.53E-02
5	36	8.74E-03
5	66	3.37E-05
5	68	7.72E-04
5	70	2.02E-05
5	124	4.20E-01
6	16	5.83E-04
6	17	5.44E-04
6	18	2.61E-03
6	19	4.70E-05
6	22	1.71E-03
6	26	4.17E-05
6	29	1.13E-05
6	30	1.44E-04
6	36	8.38E-05
6	66	7.28E-07
6	68	1.67E-05
6	70	4.35E-07
6	124	9.63E-03
7	23	2.90E+00
7	24	3.12E-01
7	25	1.21E+00
7	29	6.23E-03
7	31	1.12E-01
7	34	3.05E-01
7	35	1.89E-02
7	37	3.20E-01
7	38	4.39E-02
7	39	1.38E-01
7	40	1.50E-01
7	42	2.57E-01
7	44	1.49E-02
7	47	2.62E-02
7	70	3.02E-04
7	99	1.33E-05
7	123	4.69E+00
8	40	8.11E-02
8	41	3.63E-01
8	43	7.43E-03
8	44	2.11E-01
8	48	1.93E-01
8	64	6.73E-03
8	83	6.39E-03
8	99	1.92E-03
8	108	1.12E-03
8	109	1.05E-03
8	118	2.42E-03
8	121	1.14E-03
8	122	8.31E+01
8	123	1.11E+02
8	124	8.31E+01
9	40	8.67E-03
9	41	4.12E-02
9	43	8.44E-04
9	44	2.39E-02
9	48	2.20E-02
9	64	7.64E-04
9	83	7.26E-04
9	99	2.18E-04
9	108	5.08E-04
9	109	4.79E-04
9	121	2.60E-04
9	122	9.81E+00
9	123	1.31E+01
9	124	9.81E+00
10	40	7.36E-03
10	41	2.97E-02
10	43	6.08E-04
10	44	1.72E-02
10	48	1.58E-02
10	64	5.50E-04
10	83	5.23E-04
10	99	1.57E-04
10	108	3.66E-04
10	109	3.45E-04
10	121	3.74E-04
10	122	3.13E+00
10	123	4.17E+00
10	124	3.13E+00
11	123	1.11E+02
12	70	4.21E-04
12	83	2.53E-02
12	88	4.45E-04
12	90	9.78E-04
12	99	1.86E-04
12	122	2.18E+01
12	123	2.90E+01
12	124	2.18E+01
13	29	6.12E-01
13	32	5.88E-02
13	40	1.57E-01
13	41	4.34E-01
13	42	2.07E+00
13	43	5.33E-02
13	44	1.09E-01
13	45	6.16E-02
13	48	2.89E-02
13	64	7.69E-03
13	70	1.98E-03
13	82	1.35E-05
13	83	4.36E-03
13	88	1.57E-03
13	90	3.10E-03
13	99	1.31E-03
13	108	7.62E-04
13	109	7.18E-04
13	118	8.27E-04
13	121	3.90E-04
13	122	3.19E+01
13	123	4.26E+01
13	124	3.19E+01
14	15	2.60E+01
14	16	2.34E+00
14	17	7.83E-01
14	18	3.75E+00
14	19	6.77E-02
14	20	4.92E+00
14	22	2.71E+00
14	26	2.92E-02
14	30	2.50E-01
14	122	2.70E+01
15	16	8.31E+00
15	17	1.40E+00
15	18	6.72E+00
15	19	1.21E-01
15	20	9.30E+00
15	22	4.86E+00
15	26	3.05E-02
15	30	9.62E-02
15	36	1.50E-01
15	122	1.20E+02
16	17	8.49E-02
16	18	4.07E-01
16	19	7.34E-03
16	22	2.94E-01
16	26	1.85E-03
16	30	5.82E-03
16	36	9.54E-03
16	122	9.47E+00
17	21	6.83E-02
17	27	2.05E-03
17	28	1.69E-03
17	29	2.94E-04
17	44	1.05E-02
17	56	6.15E-04
17	57	2.10E-05
17	58	1.65E-02
17	64	1.43E-04
17	66	2.18E-05
17	67	1.78E-03
17	68	4.99E-04
17	71	7.76E-04
17	72	3.53E-04
17	73	7.17E-04
17	74	2.12E-05
17	76	1.65E-05
17	77	5.73E-06
17	80	1.90E-04
17	81	1.68E-03
17	84	3.25E-04
17	85	1.09E-04
17	93	7.69E-03
17	94	3.93E-04
17	95	9.24E-05
17	98	1.07E-06
17	122	2.84E+00
18	21	3.20E-01
18	27	9.58E-03
18	28	1.80E-02
18	29	1.37E-03
18	44	4.90E-02
18	56	2.88E-03
18	57	9.82E-05
18	58	7.71E-02
18	64	1.18E-05
18	66	1.02E-04
18	67	8.31E-03
18	68	2.33E-03
18	71	3.99E-03
18	72	1.65E-03
18	73	2.29E-03
18	74	5.67E-04
18	76	5.25E-05
18	77	2.69E-05
18	80	8.88E-04
18	81	7.86E-03
18	84	1.52E-03
18	85	5.13E-04
18	93	3.00E-02
18	94	2.52E-03
18	95	4.76E-04
18	98	3.44E-06
18	122	1.37E+01
19	21	5.60E-03
19	27	1.67E-04
19	28	1.37E-04
19	29	2.39E-05
19	44	8.53E-04
19	56	5.01E-05
19	57	1.71E-06
19	58	1.34E-03
19	64	4.88E-04
19	66	1.78E-06
19	67	1.45E-04
19	68	4.07E-05
19	71	6.32E-05
19	72	2.87E-05
19	73	3.99E-05
19	74	9.87E-06
19	76	9.14E-07
19	77	4.67E-07
19	80	1.55E-05
19	81	1.37E-04
19	84	2.65E-05
19	85	8.93E-06
19	93	6.27E-04
19	94	3.20E-05
19	95	7.53E-06
19	98	5.99E-08
19	122	2.48E-01
20	21	2.33E-01
20	27	6.98E-03
20	28	9.52E-05
20	29	1.00E-03
20	44	3.57E-02
20	56	2.10E-03
20	57	7.16E-05
20	58	6.18E-02
20	64	4.36E-04
20	66	7.43E-05
20	67	6.66E-03
20	68	1.87E-03
20	71	2.91E-03
20	72	6.61E-04
20	73	1.83E-03
20	74	2.27E-04
20	76	3.82E-05
20	77	1.96E-05
20	80	6.47E-04
20	81	2.99E-03
20	84	1.11E-03
20	85	3.74E-04
20	93	2.20E-02
20	94	2.02E-03
20	95	3.15E-04
20	98	2.51E-06
20	122	1.91E+01
21	28	5.98E-03
21	56	6.68E-05
21	57	7.51E-05
21	58	3.15E-02
21	64	6.83E-06
21	66	1.28E-06
21	67	2.22E-02
21	68	2.93E-05
21	69	2.95E-05
21	71	1.82E-03
21	95	1.25E-05
21	122	3.65E-01
22	21	2.54E-01
22	27	7.20E-03
22	28	4.85E-03
22	29	9.29E-04
22	36	5.93E-04
22	44	3.68E-04
22	56	2.16E-03
22	57	7.38E-05
22	58	5.21E-02
22	64	5.05E-04
22	66	7.66E-05
22	67	5.04E-03
22	68	1.58E-03
22	71	2.45E-03
22	72	5.58E-04
22	73	1.74E-03
22	74	1.92E-04
22	95	2.92E-04
22	122	9.50E+00
23	24	9.16E+00
23	25	3.30E+01
23	31	4.77E-03
23	34	1.44E-03
23	35	1.73E-02
23	36	9.26E-03
23	37	4.70E-02
23	38	9.82E-02
23	39	2.78E-01
23	90	4.22E-04
23	123	4.97E+01
24	25	3.72E+00
24	31	3.32E-04
24	34	5.37E-01
24	35	1.21E-03
24	36	7.34E-04
24	37	3.27E-03
24	38	6.84E-03
24	39	2.15E-02
24	90	2.95E-05
24	123	7.74E+00
25	29	2.68E-02
25	31	5.24E-03
25	35	7.62E-01
25	37	4.26E-01
25	43	1.82E-02
25	44	2.76E-01
25	46	5.21E-02
25	47	1.86E-02
25	57	2.19E-05
25	81	8.05E-03
25	84	4.26E-03
25	88	1.61E-03
25	90	1.41E-03
25	95	3.44E-03
25	99	1.31E-03
25	123	8.63E+01
26	29	1.48E-01
26	56	2.91E-03
26	80	2.65E-03
26	82	2.26E-06
26	83	1.03E-02
26	88	6.68E-04
26	96	4.99E-03
26	99	1.08E-04
26	117	2.17E-04
26	119	1.62E-05
26	121	3.85E-05
26	122	7.67E-02
27	87	3.82E-04
27	88	2.13E-05
27	96	1.59E-04
27	123	1.71E-02
28	29	6.32E-02
28	80	7.25E-05
28	83	7.30E-03
28	87	6.91E-03
28	96	2.01E-03
28	117	1.05E-04
28	119	1.19E-07
28	123	1.53E-02
29	35	4.54E-02
29	46	6.99E-03
29	60	3.88E-03
29	88	1.95E-04
29	96	1.81E-02
29	97	4.93E-04
29	99	3.93E-04
29	101	5.44E-06
29	117	2.55E-04
29	119	2.90E-07
29	121	7.24E-05
29	123	2.39E-01
30	29	5.86E-02
30	33	1.37E-02
30	35	9.81E-02
30	43	6.28E-02
30	48	2.92E-02
30	49	1.34E-03
30	50	1.85E-02
30	51	3.94E-04
30	52	2.29E-04
30	53	2.75E-02
30	55	6.39E-04
30	56	3.07E-03
30	57	3.75E-05
30	60	3.08E-04
30	66	5.35E-04
30	67	1.32E-02
30	68	1.22E-02
30	77	2.82E-04
30	80	3.71E-03
30	81	5.75E-03
30	82	6.11E-05
30	83	5.72E-04
30	84	1.79E-03
30	86	1.63E-04
30	88	6.77E-05
30	96	1.13E-04
30	97	5.14E-03
30	99	2.47E-06
30	101	6.65E-06
30	104	3.38E-04
30	105	2.18E-04
30	106	1.67E-04
30	107	1.17E-04
30	108	1.56E-04
30	109	6.48E-04
30	110	1.07E-05
30	112	2.65E-04
30	113	9.64E-05
30	114	2.71E-04
30	117	8.31E-04
30	119	9.47E-07
30	120	3.40E-05
30	121	8.85E-05
30	123	6.52E-01
31	29	3.73E-03
31	33	2.56E-02
31	43	3.62E-02
31	46	7.06E-03
31	51	2.28E-05
31	52	1.59E-05
31	53	1.75E-03
31	55	4.07E-05
31	56	6.11E-03
31	57	6.97E-05
31	60	1.24E-04
31	66	6.20E-05
31	67	1.87E-02
31	68	1.42E-03
31	73	5.55E-04
31	77	1.63E-05
31	80	5.21E-04
31	81	3.33E-04
31	82	3.55E-06
31	83	4.41E-04
31	86	2.07E-05
31	96	7.33E-04
31	97	2.04E-03
31	99	1.59E-05
31	104	2.15E-04
31	105	1.39E-04
31	106	1.06E-04
31	107	7.45E-05
31	108	9.88E-05
31	109	4.13E-04
31	110	6.80E-06
31	112	1.69E-04
31	113	6.14E-05
31	114	1.72E-04
31	117	1.59E-04
31	119	1.80E-07
31	121	5.64E-06
31	123	9.47E-02
32	51	3.33E-06
32	52	2.11E-06
32	53	2.56E-04
32	55	5.94E-06
32	56	8.93E-04
32	57	1.02E-05
32	60	4.93E-05
32	67	2.74E-03
32	80	7.61E-05
32	81	4.85E-05
32	82	5.17E-07
32	83	6.44E-05
32	86	1.51E-05
32	96	1.06E-04
32	97	2.98E-04
32	99	2.32E-06
32	106	1.56E-05
32	108	1.44E-05
32	109	6.02E-05
32	112	2.46E-05
32	113	8.97E-06
32	114	2.52E-05
32	117	2.32E-05
32	123	1.98E-02
33	51	2.83E-06
33	52	2.10E-06
33	53	2.19E-04
33	55	5.06E-06
33	56	7.61E-04
33	57	8.67E-06
33	60	4.20E-05
33	77	2.03E-06
33	80	6.48E-05
33	81	4.14E-05
33	82	4.41E-07
33	83	5.49E-05
33	86	1.29E-05
33	96	7.46E-04
33	97	2.54E-04
33	99	1.98E-06
33	108	1.22E-05
33	109	5.14E-05
33	112	2.10E-05
33	113	7.64E-06
33	114	2.14E-05
33	117	1.98E-05
33	123	1.83E-02
34	35	1.39E-01
34	43	9.13E-02
34	48	1.42E-02
34	53	9.83E-03
34	55	2.28E-04
34	60	2.02E-03
34	61	2.71E-05
34	67	4.36E-03
34	77	9.15E-05
34	80	8.44E-03
34	81	1.11E-02
34	82	2.67E-05
34	83	1.23E-02
34	84	2.57E-03
34	88	2.20E-05
34	93	1.14E-02
34	94	1.17E-03
34	95	9.58E-04
34	96	4.11E-03
34	97	2.54E-04
34	99	8.92E-05
34	104	2.42E-04
34	105	1.55E-04
34	106	1.19E-04
34	107	8.36E-05
34	108	2.78E-05
34	109	2.31E-04
34	110	3.81E-06
34	112	1.89E-04
34	113	1.15E-04
34	114	3.22E-04
34	117	2.97E-04
34	119	3.38E-07
34	121	3.17E-05
34	123	8.36E-01
35	43	1.99E-01
35	48	1.40E-02
35	53	8.77E-03
35	55	2.04E-04
35	60	1.29E-03
35	61	2.66E-05
35	67	3.89E-03
35	77	8.16E-05
35	80	7.53E-03
35	81	8.89E-03
35	82	2.39E-05
35	83	1.10E-02
35	84	2.29E-03
35	88	1.97E-05
35	93	1.02E-02
35	94	1.04E-03
35	95	8.85E-04
35	96	3.67E-03
35	97	2.26E-04
35	99	7.96E-05
35	101	1.06E-05
35	104	2.16E-04
35	105	1.39E-04
35	106	1.06E-04
35	107	7.45E-05
35	108	2.48E-05
35	109	2.07E-04
35	110	3.41E-06
35	112	1.69E-04
35	113	1.03E-04
35	114	2.88E-04
35	117	2.65E-04
35	119	3.02E-07
35	121	2.82E-05
35	123	3.10E-01
36	35	1.28E-01
36	48	1.29E-02
36	53	4.53E-03
36	55	1.05E-04
36	60	9.67E-04
36	61	1.25E-05
36	67	2.01E-03
36	68	1.00E-03
36	77	4.21E-05
36	80	4.89E-03
36	81	5.10E-03
36	82	1.23E-05
36	83	5.66E-03
36	84	2.19E-03
36	88	1.01E-05
36	93	9.81E-03
36	94	9.94E-04
36	95	4.40E-04
36	96	1.88E-03
36	97	1.28E-04
36	99	4.09E-05
36	101	5.48E-06
36	104	1.11E-04
36	105	7.17E-05
36	106	5.51E-05
36	107	3.85E-05
36	108	1.27E-05
36	109	1.06E-04
36	110	1.76E-06
36	112	8.73E-05
36	113	5.30E-05
36	114	1.49E-04
36	117	1.37E-04
36	119	1.56E-07
36	121	1.45E-05
36	123	1.88E-01
37	35	7.59E-02
37	44	4.35E-03
37	46	8.22E-03
37	53	2.27E-03
37	55	5.27E-05
37	56	4.73E-03
37	57	3.51E-07
37	60	7.46E-03
37	66	8.03E-05
37	67	1.80E-02
37	68	3.15E-04
37	77	2.11E-05
37	80	3.67E-04
37	81	1.27E-04
37	83	4.19E-02
37	84	1.35E-04
37	87	2.06E-03
37	88	2.54E-05
37	90	2.02E-05
37	95	2.71E-04
37	97	6.08E-04
37	99	2.06E-05
37	104	2.79E-04
37	105	1.80E-04
37	106	1.38E-04
37	107	9.64E-05
37	112	2.19E-04
37	113	7.96E-05
37	114	2.23E-04
37	121	7.29E-06
37	123	2.57E-01
38	28	7.27E-04
38	29	8.47E-05
38	35	1.90E-02
38	44	5.51E-04
38	46	1.15E-03
38	48	2.51E-02
38	53	5.56E-03
38	55	6.67E-06
38	56	5.24E-04
38	57	5.29E-06
38	60	3.89E-03
38	66	1.02E-05
38	67	1.19E-02
38	68	3.10E-03
38	69	1.09E-06
38	72	8.24E-05
38	73	1.28E-03
38	74	2.83E-05
38	77	2.69E-06
38	80	3.93E-03
38	81	4.48E-04
38	82	1.48E-06
38	83	2.51E-03
38	84	1.87E-05
38	86	8.17E-04
38	87	2.90E-04
38	90	2.83E-06
38	92	3.85E-04
38	93	1.47E-02
38	94	2.81E-04
38	95	6.88E-05
38	97	2.73E-03
38	99	1.02E-03
38	123	4.05E-02
39	28	2.70E-02
39	29	6.99E-04
39	35	1.89E-02
39	43	1.60E-01
39	46	1.28E-02
39	48	3.93E-02
39	51	1.26E-03
39	56	2.50E-03
39	57	2.44E-05
39	58	8.34E-03
39	61	2.98E-05
39	65	2.26E-03
39	66	1.15E-04
39	67	3.65E-03
39	68	2.64E-03
39	69	1.24E-05
39	71	2.17E-03
39	72	5.26E-03
39	73	4.22E-03
39	74	1.81E-03
39	80	8.72E-04
39	81	3.43E-03
39	82	1.13E-05
39	83	2.30E-02
39	84	1.03E-03
39	85	4.86E-04
39	86	9.49E-05
39	87	2.43E-03
39	90	2.16E-05
39	92	3.22E-03
39	93	2.81E-03
39	94	2.87E-04
39	95	5.77E-04
39	97	1.29E-03
39	99	2.06E-03
39	121	7.01E-06
39	123	1.63E-01
40	28	7.27E-03
40	29	9.41E-04
40	35	5.13E-02
40	43	3.03E-02
40	46	5.57E-03
40	48	2.04E-02
40	56	2.75E-03
40	57	2.68E-05
40	58	8.07E-03
40	61	3.65E-05
40	65	1.99E-03
40	66	2.10E-04
40	67	5.56E-03
40	68	4.31E-03
40	69	2.25E-05
40	71	3.06E-04
40	72	6.77E-03
40	73	6.11E-03
40	74	2.91E-03
40	80	9.61E-04
40	81	3.58E-03
40	82	1.25E-05
40	83	2.08E-02
40	84	1.14E-03
40	85	4.24E-04
40	86	1.04E-04
40	87	1.66E-03
40	90	2.37E-05
40	92	2.54E-03
40	93	3.09E-03
40	94	3.16E-04
40	95	6.35E-04
40	97	3.05E-04
40	99	1.04E-03
40	121	9.43E-06
40	123	1.72E-01
41	28	1.60E-02
41	29	1.86E-03
41	35	7.43E-02
41	46	2.12E-02
41	55	1.36E-04
41	56	5.15E-03
41	57	5.75E-06
41	58	1.68E-02
41	66	2.07E-04
41	68	8.10E-04
41	69	2.22E-05
41	71	6.06E-04
41	72	8.07E-05
41	73	1.39E-03
41	74	2.77E-05
41	77	5.43E-05
41	78	3.01E-03
41	80	3.06E-03
41	81	8.31E-03
41	82	2.74E-05
41	83	1.02E-03
41	84	2.50E-03
41	86	1.15E-04
41	87	5.30E-03
41	90	5.22E-05
41	92	3.90E-03
41	95	6.98E-04
41	99	5.30E-05
41	121	1.87E-05
41	123	1.74E-01
42	28	2.29E-02
42	43	1.88E-01
42	49	2.66E-04
42	50	3.69E-03
42	55	1.94E-04
42	56	2.86E-03
42	57	1.77E-04
42	58	2.00E-02
42	59	1.59E-03
42	60	1.32E-04
42	61	9.54E-04
42	62	4.14E-03
42	63	1.28E-03
42	65	3.17E-03
42	66	2.96E-04
42	67	3.07E-02
42	68	1.16E-03
42	69	6.97E-05
42	71	1.25E-04
42	72	4.78E-04
42	73	2.94E-03
42	74	1.64E-04
42	75	1.78E-05
42	76	2.02E-04
42	77	7.77E-05
42	78	2.06E-03
42	79	6.35E-04
42	80	6.86E-04
42	81	3.27E-03
42	82	1.67E-05
42	83	1.02E-04
42	84	8.08E-03
42	85	1.97E-03
42	86	2.47E-04
42	87	3.79E-03
42	92	1.02E-03
42	95	9.79E-04
42	97	1.69E-03
42	98	1.33E-05
42	99	1.19E-04
42	100	5.88E-07
42	101	1.00E-05
42	102	9.71E-04
42	103	2.19E-04
42	104	1.02E-03
42	105	6.57E-04
42	106	5.04E-04
42	107	3.52E-04
42	108	2.34E-04
42	109	9.77E-04
42	110	1.61E-05
42	112	7.99E-04
42	113	2.91E-04
42	114	8.15E-04
42	115	3.09E-06
42	116	2.74E-04
42	117	1.51E-03
42	119	1.71E-06
42	120	1.03E-05
42	121	2.67E-05
42	122	8.88E-01
43	28	1.13E-02
43	49	1.79E-03
43	50	2.48E-02
43	52	2.12E-06
43	53	4.13E-03
43	55	9.59E-05
43	56	2.83E-03
43	57	1.75E-04
43	58	9.90E-03
43	59	3.78E-03
43	60	2.86E-04
43	61	4.72E-04
43	62	2.05E-03
43	63	6.32E-04
43	66	2.92E-05
43	67	3.04E-03
43	68	6.69E-04
43	69	3.44E-05
43	71	6.16E-05
43	72	2.36E-04
43	73	7.27E-04
43	74	8.12E-05
43	75	8.80E-06
43	76	1.00E-04
43	77	3.85E-05
43	78	2.13E-03
43	79	6.57E-04
43	80	3.74E-04
43	81	5.29E-03
43	82	1.25E-05
43	83	5.05E-05
43	84	4.40E-03
43	85	4.24E-03
43	86	1.62E-04
43	87	3.05E-03
43	92	7.43E-04
43	95	7.90E-04
43	97	4.85E-03
43	98	6.58E-06
43	99	7.77E-05
43	100	2.91E-07
43	101	4.96E-06
43	102	4.81E-04
43	103	1.08E-04
43	104	5.05E-04
43	105	3.26E-04
43	106	2.50E-04
43	107	1.75E-04
43	108	1.16E-04
43	109	4.84E-04
43	110	7.97E-06
43	112	3.95E-04
43	113	1.44E-04
43	114	4.04E-04
43	115	1.53E-06
43	116	1.35E-04
43	117	7.45E-04
43	119	8.48E-07
43	120	5.08E-06
43	121	1.32E-05
43	123	2.29E-01
44	52	8.06E-05
44	53	6.07E-03
44	55	1.41E-04
44	56	1.04E-03
44	57	6.43E-05
44	58	3.63E-03
44	59	2.42E-03
44	60	2.21E-04
44	61	6.93E-04
44	62	3.01E-03
44	63	9.27E-04
44	67	4.47E-03
44	69	5.06E-05
44	71	2.49E-05
44	72	3.47E-04
44	73	1.07E-03
44	74	1.19E-04
44	75	1.43E-05
44	76	1.48E-04
44	77	5.64E-05
44	78	3.44E-03
44	79	1.06E-03
44	80	4.99E-04
44	81	2.37E-03
44	82	1.21E-05
44	83	8.15E-05
44	84	5.87E-03
44	85	2.68E-03
44	86	3.94E-04
44	87	6.11E-03
44	92	1.49E-03
44	95	1.74E-03
44	98	9.65E-06
44	99	6.06E-05
44	100	3.50E-07
44	101	5.97E-06
44	102	5.79E-04
44	103	1.30E-04
44	104	6.08E-04
44	105	3.91E-04
44	106	3.00E-04
44	107	2.10E-04
44	108	1.40E-04
44	109	5.82E-04
44	110	9.60E-06
44	112	4.76E-04
44	113	1.73E-04
44	114	4.86E-04
44	115	1.84E-06
44	116	1.63E-04
44	117	8.97E-04
44	119	1.02E-06
44	120	6.11E-06
44	121	1.59E-05
44	123	2.21E-01
45	28	2.22E-04
45	55	2.60E-06
45	56	1.23E-03
45	57	7.62E-05
45	58	2.15E-03
45	59	3.58E-05
45	62	4.45E-05
45	63	1.37E-05
45	66	3.16E-06
45	67	3.29E-04
45	68	7.23E-05
45	69	7.45E-07
45	71	1.34E-05
45	72	2.53E-05
45	73	3.11E-05
45	74	8.67E-06
45	78	4.60E-05
45	79	1.42E-05
45	80	7.35E-06
45	81	3.50E-05
45	84	8.64E-05
45	85	1.99E-05
45	86	5.27E-06
45	87	9.00E-05
45	92	2.19E-05
45	95	2.33E-05
45	122	1.95E-02
46	51	1.11E-04
46	52	7.20E-06
46	53	6.43E-04
46	54	5.62E-05
46	55	1.49E-05
46	60	1.57E-04
46	75	1.37E-06
46	84	1.80E-03
46	87	2.66E-04
46	97	4.96E-04
46	100	4.52E-08
46	101	7.72E-07
46	106	3.89E-05
46	107	2.72E-05
46	112	6.16E-05
46	113	2.24E-05
46	114	6.28E-05
46	116	2.10E-05
46	117	1.16E-04
46	119	1.32E-07
46	123	3.87E-02
47	49	5.54E-04
47	50	7.67E-03
47	52	6.06E-06
47	53	1.86E-04
47	54	2.07E-05
47	55	2.34E-03
47	59	7.41E-05
47	60	2.29E-04
47	61	4.89E-03
47	62	9.22E-05
47	63	2.84E-05
47	67	1.15E-03
47	68	1.29E-05
47	69	5.15E-06
47	75	3.96E-07
47	77	1.73E-06
47	83	9.45E-04
47	87	1.87E-04
47	92	9.41E-05
47	96	7.77E-05
47	97	6.09E-03
47	106	1.67E-05
47	108	7.77E-06
47	109	3.25E-05
47	112	2.65E-05
47	113	9.67E-06
47	114	2.71E-05
47	116	9.08E-06
47	117	5.01E-05
47	119	5.69E-08
47	123	1.74E-02
48	43	2.47E-02
48	49	8.98E-03
48	50	1.24E-01
48	51	2.31E-05
48	52	4.44E-05
48	53	2.72E-03
48	54	3.36E-04
48	55	7.00E-05
48	59	1.20E-03
48	60	2.37E-03
48	61	4.93E-03
48	62	1.50E-03
48	63	4.61E-04
48	67	1.86E-02
48	68	8.37E-05
48	69	8.36E-05
48	75	6.43E-06
48	77	2.80E-05
48	81	8.23E-04
48	82	6.03E-06
48	83	5.09E-04
48	84	4.27E-03
48	87	1.25E-03
48	92	1.53E-03
48	95	3.46E-03
48	96	1.26E-03
48	97	3.40E-03
48	99	2.74E-05
48	100	2.12E-07
48	101	3.62E-06
48	104	3.69E-04
48	105	2.37E-04
48	106	1.82E-04
48	107	1.28E-04
48	108	8.45E-05
48	109	3.54E-04
48	110	5.83E-06
48	112	2.89E-04
48	113	1.05E-04
48	114	2.95E-04
48	115	1.11E-06
48	116	9.88E-05
48	117	5.44E-04
48	119	6.20E-07
48	121	9.65E-06
48	123	1.46E-01
49	52	4.49E-04
49	53	8.00E-05
49	54	8.90E-06
49	59	3.17E-05
49	60	9.86E-05
49	61	1.30E-04
49	62	3.93E-05
49	63	1.21E-05
49	69	2.20E-06
49	75	1.69E-07
49	77	7.39E-07
49	87	3.66E-05
49	96	3.32E-05
49	97	1.41E-03
49	113	2.77E-06
49	123	2.72E-03
50	52	2.27E-04
50	53	5.10E-04
50	54	7.24E-05
50	55	1.18E-05
50	59	2.03E-04
50	60	6.29E-04
50	61	8.33E-04
50	62	2.53E-04
50	63	7.79E-05
50	69	1.41E-05
50	75	1.09E-06
50	77	4.75E-06
50	87	2.11E-04
50	96	2.13E-04
50	97	3.41E-03
50	100	8.23E-08
50	101	1.40E-06
50	106	7.05E-05
50	107	4.93E-05
50	108	3.27E-05
50	109	1.36E-04
50	110	2.25E-06
50	112	1.12E-04
50	113	4.07E-05
50	114	1.14E-04
50	115	4.33E-07
50	116	3.82E-05
50	117	2.11E-04
50	119	2.40E-07
50	123	3.75E-02
51	52	1.51E-05
51	54	2.00E-06
51	60	2.21E-05
51	75	4.00E-08
51	87	8.63E-06
51	97	6.71E-07
51	123	6.65E-04
52	122	7.54E-04
53	111	7.59E-05
53	122	1.66E-02
53	123	3.32E-02
54	91	6.15E-05
54	111	3.89E-06
54	116	2.91E-05
54	122	6.02E-04
55	91	4.65E-05
55	122	1.40E-03
56	52	8.85E-06
56	54	2.41E-05
56	65	8.25E-04
56	69	2.29E-05
56	75	4.63E-07
56	76	3.95E-05
56	77	2.02E-06
56	78	1.11E-04
56	79	3.45E-05
56	85	2.42E-04
56	89	1.81E-06
56	91	5.70E-03
56	98	2.60E-06
56	100	5.41E-07
56	101	1.06E-05
56	102	1.88E-03
56	103	3.62E-04
56	104	3.86E-04
56	105	2.35E-04
56	106	1.03E-04
56	107	1.34E-04
56	110	2.35E-05
56	112	3.81E-05
56	113	6.23E-06
56	114	5.32E-05
56	115	1.22E-06
56	120	1.02E-04
56	122	1.81E-02
57	52	1.38E-07
57	54	3.76E-07
57	65	1.29E-05
57	69	3.56E-07
57	76	6.15E-07
57	77	3.14E-08
57	78	1.80E-06
57	79	5.55E-07
57	85	3.76E-06
57	89	2.82E-08
57	91	8.88E-06
57	98	4.04E-08
57	122	9.31E-04
58	52	4.50E-05
58	54	1.19E-04
58	59	1.91E-03
58	61	4.00E-03
58	65	8.24E-03
58	69	1.13E-04
58	75	3.30E-05
58	76	1.94E-04
58	77	9.90E-06
58	78	6.02E-04
58	79	1.86E-04
58	84	2.48E-03
58	85	3.33E-03
58	86	6.91E-05
58	89	1.12E-04
58	91	2.79E-03
58	98	5.21E-04
58	100	1.33E-06
58	101	5.15E-05
58	102	9.23E-03
58	103	5.91E-04
58	104	3.79E-03
58	105	1.15E-03
58	106	5.04E-04
58	107	6.55E-04
58	110	5.77E-05
58	112	1.87E-04
58	113	3.05E-05
58	114	2.61E-04
58	115	5.95E-06
58	120	3.33E-04
58	122	3.16E-02
59	61	5.76E-04
59	85	3.19E-04
59	100	1.87E-07
59	101	1.82E-06
59	102	6.49E-04
59	103	1.24E-04
59	110	8.11E-06
59	111	1.17E-05
59	116	2.19E-05
59	122	8.88E-03
60	33	6.87E-03
60	52	1.42E-05
60	54	2.27E-05
60	86	1.20E-05
60	104	4.93E-04
60	111	2.16E-05
60	116	8.09E-05
60	120	6.50E-05
60	122	1.28E-02
61	52	5.21E-04
61	55	1.39E-05
61	59	2.39E-04
61	62	2.97E-04
61	63	1.16E-05
61	75	1.28E-06
61	77	1.86E-06
61	100	1.27E-07
61	102	8.84E-04
61	103	1.14E-04
61	104	3.63E-04
61	110	5.53E-06
61	111	1.60E-05
61	116	5.96E-05
61	120	4.79E-05
61	123	1.03E-02
62	52	2.86E-03
62	55	4.52E-06
62	59	7.76E-05
62	60	4.95E-04
62	75	4.15E-07
62	78	9.99E-05
62	79	3.09E-05
62	85	2.17E-04
62	86	1.15E-05
62	95	4.30E-04
62	99	1.05E-05
62	100	1.44E-07
62	101	1.39E-06
62	102	9.97E-04
62	103	9.61E-05
62	105	6.23E-05
62	107	3.54E-05
62	110	6.23E-06
62	111	8.98E-06
62	116	3.36E-05
62	120	4.50E-05
62	123	3.26E-03
63	52	4.39E-06
63	55	2.50E-06
63	60	4.09E-04
63	75	2.30E-07
63	86	6.36E-06
63	95	4.35E-04
63	99	9.83E-07
63	111	3.90E-06
63	116	1.46E-05
63	123	1.61E-03
64	65	7.42E-05
64	76	2.13E-05
64	89	9.79E-07
64	91	3.07E-04
64	98	1.40E-06
64	100	2.05E-07
64	101	1.99E-06
64	102	7.13E-04
64	103	1.37E-04
64	110	8.91E-06
64	111	2.57E-05
64	116	4.81E-05
64	122	4.77E-03
65	76	7.79E-05
65	89	3.57E-06
65	91	1.12E-03
65	98	5.11E-06
65	100	4.33E-07
65	101	4.21E-06
65	102	7.54E-04
65	103	1.93E-04
65	104	3.10E-04
65	110	1.88E-05
65	111	2.72E-05
65	116	5.08E-05
65	120	2.73E-05
65	122	1.36E-02
66	28	1.82E-05
66	52	2.37E-06
66	54	4.13E-06
66	65	6.98E-05
66	78	1.89E-05
66	79	5.84E-06
66	85	4.09E-05
66	86	2.17E-06
66	91	1.17E-04
66	105	2.17E-05
66	122	7.71E-04
67	28	6.68E-04
67	52	4.87E-05
67	54	1.49E-04
67	59	1.08E-05
67	61	2.68E-03
67	62	2.97E-03
67	63	1.01E-04
67	65	2.53E-03
67	75	2.83E-06
67	76	2.42E-04
67	77	6.19E-06
67	78	6.85E-04
67	79	2.12E-04
67	84	3.10E-03
67	85	3.45E-03
67	86	7.85E-05
67	89	1.11E-05
67	91	3.49E-03
67	98	1.58E-05
67	99	1.32E-05
67	100	1.66E-06
67	101	6.45E-05
67	102	6.07E-03
67	103	1.48E-03
67	104	2.37E-03
67	105	2.89E-03
67	106	1.26E-03
67	107	1.64E-03
67	108	4.16E-05
67	109	9.94E-05
67	110	7.21E-05
67	112	4.66E-04
67	113	7.64E-05
67	114	6.52E-04
67	115	1.49E-05
67	117	6.49E-05
67	120	2.09E-04
67	122	5.00E-02
68	52	1.34E-05
68	54	3.38E-05
68	61	6.11E-04
68	65	7.55E-05
68	75	6.47E-07
68	76	5.52E-05
68	77	2.82E-06
68	78	1.57E-04
68	79	4.83E-05
68	84	7.50E-04
68	85	3.38E-04
68	86	1.79E-05
68	89	2.53E-06
68	91	7.96E-04
68	98	3.63E-06
68	100	3.78E-07
68	101	1.47E-05
68	102	4.39E-04
68	103	1.68E-04
68	104	3.60E-04
68	105	6.59E-04
68	106	2.88E-04
68	107	3.74E-04
68	108	9.49E-06
68	109	2.27E-05
68	110	1.64E-05
68	112	1.06E-04
68	113	1.74E-05
68	114	1.49E-04
68	115	3.39E-06
68	117	1.48E-05
68	120	4.75E-05
68	122	1.34E-02
69	116	4.47E-06
69	120	3.59E-06
69	122	1.08E-04
70	75	5.02E-08
70	78	1.21E-05
70	79	3.74E-06
70	81	2.16E-04
70	84	5.50E-05
70	91	6.18E-05
70	101	7.33E-07
70	105	3.28E-05
70	106	1.44E-05
70	107	1.87E-05
70	115	1.70E-07
70	122	1.25E-03
71	33	2.95E-03
71	54	1.41E-05
71	65	5.82E-04
71	75	2.83E-07
71	76	2.42E-05
71	77	2.47E-06
71	89	1.11E-06
71	91	3.49E-04
71	98	1.58E-06
71	100	1.16E-07
71	101	4.51E-06
71	102	2.02E-04
71	103	1.04E-04
71	104	1.10E-04
71	105	2.02E-04
71	106	8.84E-05
71	107	1.15E-04
71	110	5.05E-06
71	112	3.27E-05
71	113	5.35E-06
71	114	4.57E-05
71	115	1.04E-06
71	120	4.38E-05
71	122	5.44E-03
72	54	4.70E-06
72	75	2.65E-07
72	78	9.29E-05
72	79	1.98E-05
72	84	2.91E-04
72	100	1.55E-07
72	101	6.02E-06
72	102	1.08E-03
72	103	2.08E-04
72	104	2.21E-04
72	105	2.70E-04
72	106	1.18E-04
72	107	1.53E-04
72	110	6.74E-06
72	112	4.37E-05
72	113	7.14E-06
72	114	6.10E-05
72	115	1.39E-06
72	120	1.95E-05
72	122	7.00E-03
73	54	2.03E-05
73	75	3.88E-07
73	78	1.24E-04
73	79	2.89E-05
73	84	4.24E-04
73	100	2.27E-07
73	101	8.81E-06
73	102	7.90E-04
73	103	1.01E-04
73	104	6.48E-04
73	105	3.95E-04
73	106	1.73E-04
73	107	2.24E-04
73	109	1.36E-05
73	110	9.87E-06
73	112	6.39E-05
73	113	1.04E-05
73	114	8.92E-05
73	115	2.04E-06
73	120	2.85E-05
73	122	1.11E-02
74	54	5.14E-06
74	75	9.95E-08
74	78	3.40E-04
74	79	7.42E-06
74	84	1.09E-04
74	100	5.82E-08
74	101	2.26E-06
74	103	2.60E-05
74	105	1.01E-04
74	106	4.43E-05
74	107	5.76E-05
74	110	2.53E-06
74	112	1.64E-05
74	113	2.68E-06
74	114	2.29E-05
74	115	5.23E-07
74	122	2.16E-03
75	122	1.14E-05
76	111	3.30E-06
76	116	1.23E-05
76	120	8.26E-06
76	122	9.48E-04
77	116	7.43E-06
77	122	3.05E-04
78	54	4.95E-06
78	91	3.50E-04
78	100	1.96E-07
78	101	3.80E-06
78	102	3.40E-04
78	103	1.75E-04
78	104	1.86E-04
78	110	8.51E-06
78	111	2.45E-05
78	116	2.30E-05
78	120	2.46E-05
78	122	7.70E-03
79	111	6.40E-06
79	116	2.39E-05
79	122	1.98E-03
80	52	8.40E-06
80	54	5.66E-05
80	75	5.23E-07
80	76	4.47E-05
80	77	2.28E-06
80	78	1.06E-04
80	79	3.27E-05
80	81	3.88E-04
80	84	4.81E-04
80	85	2.29E-04
80	86	1.21E-05
80	91	5.41E-04
80	99	2.06E-06
80	100	5.14E-07
80	101	1.00E-05
80	104	3.67E-04
80	105	4.48E-04
80	106	1.95E-04
80	107	2.55E-04
80	109	1.54E-05
80	110	2.23E-05
80	111	3.23E-05
80	112	7.24E-05
80	113	1.19E-05
80	114	1.01E-04
80	115	2.31E-06
80	116	6.03E-05
80	117	1.00E-05
80	120	1.61E-04
80	122	1.76E-02
80	123	8.76E-03
81	52	2.16E-05
81	54	5.65E-05
81	75	2.17E-07
81	100	1.10E-06
81	101	1.07E-05
81	102	1.91E-03
81	103	7.36E-04
81	104	5.23E-04
81	110	4.79E-05
81	111	6.90E-05
81	116	8.60E-05
81	120	3.46E-04
81	122	4.61E-02
82	54	4.13E-06
82	122	8.59E-05
83	52	4.21E-05
83	54	1.15E-04
83	61	1.87E-03
83	75	2.20E-06
83	76	1.88E-04
83	77	1.92E-06
83	78	5.32E-04
83	79	1.64E-04
83	91	2.71E-03
83	98	1.24E-05
83	100	2.58E-06
83	101	2.50E-05
83	102	4.48E-03
83	103	1.72E-03
83	104	1.23E-03
83	105	1.12E-03
83	107	6.37E-04
83	110	1.12E-04
83	111	1.61E-04
83	116	1.51E-04
83	120	3.23E-04
83	122	1.08E-01
84	54	1.74E-05
84	91	1.23E-03
84	100	8.91E-07
84	101	8.66E-06
84	102	1.55E-03
84	103	5.97E-04
84	104	4.24E-04
84	110	3.88E-05
84	111	5.59E-05
84	116	4.18E-05
84	120	1.68E-04
84	122	3.08E-02
85	91	6.28E-04
85	100	2.31E-07
85	110	1.00E-05
85	111	5.77E-05
85	116	2.16E-04
85	120	5.78E-05
85	122	1.47E-02
86	111	2.88E-06
86	116	1.08E-05
86	122	1.34E-03
87	111	4.41E-05
87	116	6.59E-04
87	120	1.32E-04
87	122	1.58E-02
88	54	3.88E-06
88	91	9.18E-05
88	98	4.18E-07
88	100	8.75E-08
88	101	8.50E-07
88	102	6.19E-04
88	103	5.85E-05
88	110	3.80E-06
88	111	5.49E-06
88	116	8.21E-05
88	120	2.74E-05
88	122	2.22E-03
89	122	3.29E-05
90	52	1.83E-05
90	54	2.00E-04
90	75	2.39E-07
90	81	4.04E-04
90	84	1.05E-03
90	91	1.97E-04
90	111	7.80E-06
90	116	2.92E-05
90	120	3.91E-05
90	122	4.08E-03
90	123	2.04E-03
91	111	6.06E-05
91	116	2.26E-04
91	120	3.03E-05
91	122	1.10E-02
92	28	5.62E-05
92	52	4.60E-06
92	55	2.62E-06
92	59	4.51E-05
92	62	5.04E-05
92	63	1.55E-05
92	75	2.41E-07
92	77	1.05E-06
92	84	2.65E-04
92	91	2.96E-04
92	95	4.15E-04
92	99	1.13E-06
92	100	1.41E-07
92	101	5.47E-06
92	102	2.45E-04
92	103	6.28E-05
92	104	2.02E-04
92	105	2.45E-04
92	106	1.07E-04
92	107	1.39E-04
92	110	6.13E-06
92	112	3.97E-05
92	113	6.49E-06
92	114	5.54E-05
92	115	1.26E-06
92	120	1.77E-05
92	122	6.43E-03
93	55	1.66E-05
93	59	2.85E-04
93	61	1.44E-03
93	62	3.19E-04
93	63	9.85E-05
93	69	9.76E-06
93	75	1.52E-06
93	77	6.66E-06
93	78	3.68E-04
93	79	1.14E-04
93	84	1.67E-03
93	85	7.97E-04
93	86	4.22E-05
93	91	2.82E-03
93	95	2.63E-03
93	100	8.92E-07
93	101	3.46E-05
93	102	1.03E-03
93	103	3.98E-04
93	104	8.49E-04
93	105	1.55E-03
93	106	6.79E-04
93	107	8.83E-04
93	108	2.24E-05
93	109	5.36E-05
93	110	3.88E-05
93	112	2.52E-04
93	113	4.11E-05
93	114	3.51E-04
93	115	8.01E-06
93	117	3.49E-05
93	120	1.12E-04
93	122	1.56E-02
93	123	1.56E-02
94	28	4.57E-05
94	55	2.14E-06
94	59	2.83E-04
94	61	1.85E-04
94	62	4.10E-05
94	63	1.26E-05
94	69	7.50E-05
94	75	1.96E-07
94	77	8.56E-07
94	78	6.17E-05
94	79	1.91E-05
94	84	2.15E-04
94	85	1.03E-04
94	86	5.42E-06
94	91	1.06E-03
94	95	4.40E-04
94	100	1.07E-07
94	101	4.16E-06
94	102	1.24E-04
94	103	4.77E-05
94	104	1.02E-04
94	105	1.86E-04
94	106	8.14E-05
94	107	1.05E-04
94	110	4.65E-06
94	112	3.01E-05
94	113	4.93E-06
94	114	4.21E-05
94	115	9.59E-07
94	122	8.23E-04
94	123	8.23E-04
95	33	1.97E-03
95	54	2.08E-05
95	59	7.47E-05
95	75	4.01E-07
95	99	1.87E-06
95	100	4.05E-07
95	101	7.87E-06
95	102	1.41E-03
95	103	2.71E-04
95	104	2.89E-04
95	110	1.76E-05
95	111	5.08E-05
95	116	9.50E-05
95	120	2.54E-05
95	122	2.91E-03
95	123	5.24E-03
96	54	4.65E-05
96	61	8.40E-04
96	84	9.72E-04
96	86	2.46E-05
96	91	1.09E-03
96	98	4.98E-06
96	100	3.47E-07
96	101	6.75E-06
96	102	2.42E-03
96	103	3.09E-04
96	104	9.92E-04
96	110	1.51E-05
96	111	4.35E-05
96	116	1.63E-04
96	120	1.31E-04
96	122	1.42E-02
97	89	3.66E-06
97	91	1.15E-03
97	98	5.24E-06
97	100	2.74E-07
97	101	5.32E-06
97	102	9.53E-04
97	103	1.22E-04
97	104	7.82E-04
97	110	1.19E-05
97	111	3.43E-05
97	116	2.56E-04
97	120	3.44E-05
97	122	2.41E-03
98	54	3.28E-06
98	65	7.48E-05
98	76	1.18E-06
98	89	5.39E-08
98	91	1.40E-05
98	102	1.03E-04
98	104	5.65E-05
98	116	9.29E-06
98	120	2.49E-06
98	122	4.39E-05
99	52	3.60E-06
99	54	6.42E-07
99	59	1.04E-05
99	61	5.30E-05
99	69	2.77E-06
99	75	2.46E-07
99	77	1.08E-06
99	78	5.96E-05
99	79	1.84E-05
99	84	2.43E-04
99	85	1.16E-04
99	86	6.83E-06
99	91	6.96E-05
99	95	3.87E-04
99	100	1.94E-07
99	101	3.77E-06
99	102	3.38E-04
99	103	1.30E-04
99	104	9.25E-05
99	105	8.46E-05
99	106	3.70E-05
99	107	4.81E-05
99	110	8.46E-06
99	111	1.22E-05
99	112	1.37E-05
99	113	2.24E-06
99	114	1.91E-05
99	115	4.37E-07
99	116	1.14E-05
99	120	2.45E-05
99	122	2.00E-04
99	123	2.00E-04
100	122	3.10E-06
101	122	7.29E-05
102	111	5.45E-05
102	122	1.04E-02
103	111	1.22E-05
103	122	1.88E-03
104	111	2.64E-05
104	116	2.04E-05
104	122	4.06E-03
105	111	1.69E-05
105	116	1.30E-05
105	122	2.60E-03
106	111	8.01E-06
106	122	1.23E-03
107	111	9.59E-06
107	122	1.47E-03
108	111	4.64E-06
108	122	1.16E-03
109	111	9.31E-06
109	122	1.81E-03
110	122	1.41E-04
111	122	2.20E-04
112	111	6.48E-06
112	122	9.96E-04
113	111	2.14E-06
113	122	3.28E-04
114	111	7.75E-06
114	122	1.19E-03
115	122	1.06E-05
116	122	2.32E-03
117	116	2.31E-05
117	122	5.18E-03
118	116	1.16E-05
118	122	2.58E-03
119	122	1.84E-05
120	122	5.58E-04
121	122	7.90E-04
122	15	2.21E+02
122	16	7.42E+00
122	17	1.20E-01
122	18	5.76E-01
122	19	1.04E-02
122	20	7.55E-01
122	21	6.15E-03
122	22	4.09E-01
122	26	8.91E-02
122	30	3.48E-01
122	36	1.81E-01
122	123	1.23E+02
123	23	1.82E+02
123	24	1.09E+01
123	25	8.31E+01
123	29	1.31E-01
123	31	2.35E-01
123	34	1.20E+00
123	35	1.39E-01
123	37	3.90E-01
123	38	5.42E-02
123	39	1.71E-01
123	40	1.38E-01
123	43	2.75E-02
123	44	3.94E-01
123	47	2.39E-02
123	48	2.17E-01
123	49	6.82E-04
123	50	9.45E-03
123	60	1.11E-03
123	90	5.17E-03
124	14	1.66E+02
