0,2,49179.0
0,57,5243.0
0,90,12202.0
0,151,8129.0
0,395,12917.0
0,431,833.0
0,509,34413.0
0,768,16725.0
0,821,2849.0
0,831,42857.0
0,945,912.0
1,420,112056.0
1,704,7884.0
2,389,13858.0
2,740,28.0
3,342,14965.0
3,742,2515.0
4,45,3887.0
4,426,1063.0
5,337,21529.0
5,538,23797.0
5,555,43365.0
5,717,319.0
6,561,5772.0
6,578,868.0
6,591,645.0
6,994,1.0
7,609,411211.0
7,951,1.0
8,630,7556.0
8,953,4.0
9,337,30214.0
9,722,484.0
10,627,1550040.0
10,745,5046.0
10,990,1.0
11,550,61582.0
11,624,4576.0
12,384,19080.0
12,404,5468.0
12,590,19606.0
12,796,17565.0
12,831,524.0
13,49,18063.0
13,623,74432.0
13,624,9992.0
13,883,1.0
14,49,22547.0
14,222,1346.0
14,230,5864.0
14,292,8535.0
14,410,18349.0
14,473,362.0
14,474,2718.0
14,567,16286.0
14,596,10194.0
14,624,2818.0
14,710,810.0
14,749,1042.0
14,809,8966.0
14,827,433.0
15,452,52948.0
15,598,40975.0
15,832,728.0
16,359,1.0
16,784,1.0
17,481,22901.0
17,583,9996.0
17,776,41526.0
18,22,10800.0
18,238,10446.0
18,567,27560.0
18,596,9835.0
18,626,31042.0
18,809,471.0
19,65,199647.0
19,230,1745.0
20,690,93.0
20,997,1.0
21,30,82117.0
21,365,6671.0
22,56,76157.0
22,318,8976.0
22,331,16849.0
22,410,1505.0
22,450,9976.0
22,620,3503.0
22,659,137.0
22,691,635.0
22,757,6861.0
22,809,10325.0
22,870,12488.0
23,41,16890.0
23,160,413306.0
23,710,24498.0
23,790,60522.0
24,410,1259.0
24,437,506.0
24,768,2528.0
25,371,69199.0
25,410,5161.0
26,42,61228.0
26,108,4941.0
26,179,1389.0
26,281,17038.0
26,649,7564.0
26,831,8576.0
26,917,1.0
27,133,57390.0
27,430,41484.0
27,479,59.0
27,596,8223.0
27,607,17781.0
27,643,3068.0
27,704,2673.0
27,766,25155.0
27,789,31400.0
27,835,2240.0
27,871,15013.0
27,910,4240.0
27,981,121.0
28,449,38074.0
28,735,184.0
29,555,16130.0
29,895,102.0
30,193,26271.0
31,390,9127.0
31,614,4482.0
31,804,1514.0
32,289,657.0
32,719,429.0
33,353,9041.0
33,719,4591.0
33,820,1.0
34,211,12064.0
34,305,18654.0
34,328,10837.0
34,492,11817.0
34,651,43.0
35,55,66931.0
35,221,10611.0
36,449,23461.0
36,493,34945.0
37,75,25171.0
37,500,1625.0
37,816,5851.0
38,160,13748.0
38,888,4678.0
39,133,1771.0
39,766,687.0
40,133,26596.0
40,704,4770.0
41,320,24453.0
41,525,2730.0
41,872,1.0
42,187,21753.0
42,211,48214.0
42,226,11472.0
42,509,14198.0
42,581,53816.0
42,596,53292.0
42,916,1.0
43,334,20366.0
43,596,7006.0
43,624,2005.0
44,56,76273.0
44,776,5739.0
45,419,638.0
45,492,21323.0
45,514,4619.0
45,851,5887.0
45,896,29420.0
46,282,516840.0
46,896,54550.0
47,98,79984.0
47,265,6018.0
47,800,295.0
48,348,52570.0
48,492,30668.0
48,878,3263.0
49,56,5284.0
49,70,4514.0
49,89,1947.0
49,94,4674.0
49,134,12088.0
49,214,60748.0
49,236,8896.0
49,257,9103.0
49,274,25957.0
49,282,4304.0
49,305,10171.0
49,308,49698.0
49,316,168013.0
49,326,116605.0
49,348,606.0
49,377,12386.0
49,406,3784.0
49,408,1513.0
49,429,7902.0
49,474,13624.0
49,481,19810.0
49,492,20605.0
49,520,8386.0
49,521,34272.0
49,601,72923.0
49,646,9161.0
49,695,10738.0
49,762,3607.0
49,776,27600.0
49,796,5199.0
49,884,25561.0
49,903,21309.0
49,944,5139.0
49,946,3301.0
49,955,1.0
50,710,11423.0
50,941,1.0
51,87,117004.0
51,426,7710.0
52,233,265.0
52,916,1.0
53,216,57254.0
53,492,8710.0
54,282,179234.0
54,410,10302.0
54,656,12802.0
54,854,25730.0
55,77,43348.0
55,559,7700.0
56,98,20153.0
56,109,51563.0
56,113,80783.0
56,132,106439.0
56,134,12399.0
56,156,7896.0
56,160,20692.0
56,165,10871.0
56,181,52328.0
56,185,4452.0
56,186,29129.0
56,214,15490.0
56,226,320.0
56,279,45203.0
56,345,17165.0
56,352,53980.0
56,367,97721.0
56,374,111721.0
56,410,6810.0
56,448,25024.0
56,449,11343.0
56,507,41211.0
56,519,595.0
56,535,5961.0
56,555,19288.0
56,558,6274.0
56,561,4872.0
56,596,9068.0
56,618,79501.0
56,619,16698.0
56,624,2104.0
56,636,17843.0
56,646,25415.0
56,657,18699.0
56,707,7107.0
56,715,12827.0
56,743,5887.0
56,776,59.0
56,798,32780.0
56,801,3637.0
56,891,130969.0
56,964,98536.0
56,972,183.0
56,984,1.0
57,916,1.0
58,393,58958.0
58,397,20852.0
58,936,18755.0
59,340,24590.0
59,475,2030.0
59,997,1.0
60,782,547491.0
60,977,82917.0
61,410,3354.0
61,518,12.0
62,146,657.0
62,330,1950.0
62,411,18028.0
62,453,28671.0
62,704,47.0
63,689,3185.0
63,815,3.0
64,136,57808.0
64,340,26609.0
64,638,183904.0
64,662,1975.0
64,951,1.0
65,377,30995.0
65,493,5389.0
65,585,4610.0
65,710,6010.0
66,418,40519.0
66,678,14685.0
66,916,1.0
67,73,104733.0
67,133,16351.0
67,464,10415.0
68,209,130433.0
68,293,135302.0
68,410,3088.0
68,496,11590.0
68,524,353.0
68,531,26741.0
68,676,710863.0
68,849,42829.0
68,910,39962.0
68,966,262201.0
68,975,1.0
69,104,87913.0
69,162,14603.0
69,230,26071.0
69,425,20156.0
69,559,20760.0
69,561,8478.0
69,791,30746.0
70,329,7821.0
70,348,4217.0
70,557,12351.0
70,596,13128.0
70,603,8407.0
70,665,6636.0
70,805,21384.0
70,925,1.0
71,187,2679.0
71,211,10180.0
71,244,231.0
71,437,420.0
71,449,1663.0
71,474,2345.0
71,596,50751.0
71,785,57.0
71,826,1.0
72,99,3563.0
72,216,20492.0
72,292,24525.0
72,415,30995.0
72,426,5572.0
72,492,9391.0
72,515,5058.0
72,559,22983.0
72,821,5710.0
72,884,988.0
72,949,3746.0
73,195,195231.0
74,410,971.0
74,683,535.0
75,132,2445.0
75,134,18849.0
75,200,12050.0
75,235,13184.0
75,315,1379.0
75,349,8773.0
75,378,17667.0
75,398,8817.0
75,551,245.0
75,633,1124.0
75,668,32072.0
75,965,1.0
76,160,6089.0
76,179,1.0
77,89,2442.0
77,217,14987.0
77,246,34968.0
77,331,7801.0
77,334,20029.0
77,552,1.0
77,555,34039.0
77,624,1080.0
77,704,7600.0
77,766,5525.0
77,859,11068.0
77,983,233.0
78,109,118613.0
78,148,13178.0
78,230,15540.0
78,401,20808.0
78,679,2476.0
79,119,14527.0
79,182,4321.0
79,211,559.0
80,443,439482.0
80,449,28797.0
80,624,164.0
81,109,9671.0
81,214,899.0
82,472,45486.0
82,884,3054.0
83,410,25305.0
83,449,17842.0
83,532,8058.0
83,776,19663.0
83,816,1955.0
84,227,21304.0
84,278,19632.0
84,766,1106.0
84,852,33044.0
84,959,10897.0
85,611,2.8435307E7
85,663,195328.0
86,217,3483.0
86,784,1.0
87,477,80818.0
88,596,13950.0
88,635,22.0
89,233,1219.0
89,328,320.0
89,406,957.0
89,645,15.0
89,766,165.0
90,142,10080.0
90,211,3921.0
90,348,16558.0
90,492,4038.0
91,341,43830.0
91,581,2132.0
91,949,26171.0
92,112,21031.0
92,288,22502.0
92,704,1866.0
93,95,222410.0
93,274,188359.0
93,390,27954.0
93,596,829.0
94,704,4594.0
94,739,10859.0
95,804,15660.0
95,961,1.0
96,356,5473.0
96,978,1.0
97,205,8820.0
97,896,20064.0
98,134,35241.0
98,226,12916.0
98,308,193412.0
98,538,6101.0
98,601,49708.0
98,857,1.0
99,674,1.0
100,352,19761.0
100,830,137.0
100,982,1.0
101,628,271255.0
101,910,4363.0
102,342,26875.0
102,349,3391.0
102,903,9823.0
103,226,2193.0
103,348,11683.0
103,910,2237.0
104,209,43779.0
104,356,826.0
104,493,60409.0
104,663,167403.0
104,710,267.0
104,758,3718.0
105,717,889.0
105,782,1.0
106,109,789.0
106,971,1.0
107,410,20380.0
107,646,2067.0
107,968,826.0
108,776,8339.0
109,155,6029.0
109,191,38323.0
109,197,64202.0
109,253,1983.0
109,265,798.0
109,334,10544.0
109,624,10343.0
109,626,8681.0
109,715,6339.0
109,837,51443.0
109,838,1705.0
109,884,7454.0
109,942,1.0
110,187,23244.0
110,200,2513.0
110,232,29507.0
110,243,3979.0
110,581,224048.0
110,910,695.0
111,160,11432.0
111,724,6538.0
112,559,8955.0
112,790,10827.0
112,930,1.0
113,166,2311.0
114,134,33827.0
114,741,8891.0
114,972,2305.0
115,561,18972.0
115,696,1504.0
116,509,4304.0
116,596,2901.0
116,715,1058.0
117,227,14014.0
117,823,5798.0
118,277,3642.0
118,832,368.0
119,187,57251.0
119,211,1330.0
119,236,4154.0
119,348,18820.0
119,535,2504.0
119,667,589.0
119,716,10333.0
119,958,1127.0
120,721,1.0
120,773,1.0
120,971,1.0
121,176,4845.0
121,404,5684.0
121,450,413.0
121,492,7653.0
121,624,3038.0
122,216,80092.0
122,252,37073.0
122,417,81928.0
122,441,123.0
123,198,3718.0
123,223,4052.0
123,587,1189.0
123,990,1.0
124,230,41751.0
124,586,349.0
125,211,21852.0
125,624,2547.0
125,789,1466.0
126,807,55.0
126,910,187.0
127,136,24531.0
127,220,7193.0
127,493,2223.0
127,542,3736.0
127,718,18989.0
127,789,1164.0
128,172,7680.0
128,705,1236.0
129,211,26037.0
129,714,3439.0
130,377,6386.0
130,596,86.0
131,348,4053.0
131,566,1573.0
131,704,2440.0
131,910,78.0
132,614,28955.0
133,436,2262.0
133,766,4340.0
133,830,1.0
134,134,4295.0
134,145,9857.0
134,173,10021.0
134,290,12562.0
134,586,2394.0
134,597,8869.0
134,641,49725.0
134,710,10771.0
134,806,5531.0
134,812,13.0
134,834,37961.0
134,861,21644.0
134,866,5428.0
134,896,4780.0
134,912,21212.0
134,967,2406.0
135,227,58091.0
135,265,4765.0
135,395,18109.0
136,185,1017.0
136,574,4037.0
136,641,923.0
136,816,12707.0
136,891,1918.0
137,186,35800.0
137,506,1408.0
138,560,1.5871829E7
138,773,1.0
139,200,8305.0
139,277,3949.0
140,219,120881.0
140,235,776.0
140,543,15140.0
141,461,61485.0
141,596,63411.0
142,584,2009.0
142,688,818.0
143,362,420227.0
143,780,1861.0
144,258,60797.0
144,335,5455.0
144,474,33332.0
144,648,6212.0
145,331,13163.0
146,459,121.0
146,624,13.0
147,709,235719.0
147,766,7583.0
147,804,25141.0
147,901,1.0
148,162,385.0
148,314,9895.0
148,348,18968.0
148,385,4037.0
148,508,12029.0
148,704,8938.0
148,766,4308.0
148,797,53832.0
148,803,3250.0
148,855,3455.0
148,934,1224.0
148,949,9274.0
148,963,10241.0
149,202,3527971.0
149,371,38322.0
149,672,4600.0
150,227,505.0
150,943,1.0
151,463,10823.0
152,356,19350.0
152,896,408.0
153,157,18174.0
153,195,2435.0
153,352,12593.0
153,450,50.0
153,455,22447.0
153,502,1099.0
153,525,983.0
153,714,522.0
153,716,18407.0
153,730,8543.0
153,755,8529.0
153,775,858.0
153,810,16791.0
153,816,3480.0
153,855,2050.0
153,870,5309.0
153,899,1.0
154,271,6769.0
154,305,416.0
154,654,78.0
155,516,4951.0
156,176,2142.0
156,248,1087.0
156,377,3115.0
156,427,40801.0
156,526,25294.0
156,596,24917.0
156,613,712.0
156,669,23970.0
156,710,5303.0
156,962,1510.0
156,971,1.0
157,220,38955.0
157,251,8100.0
157,333,3136.0
157,352,31215.0
157,452,23526.0
157,489,1375.0
157,614,8230.0
157,616,5007.0
157,627,22478.0
157,704,2320.0
157,816,4317.0
157,839,36461.0
157,923,1506.0
157,934,6183.0
158,467,44921.0
158,803,363.0
158,930,1.0
159,521,85280.0
159,704,2906.0
160,166,3947.0
160,211,108540.0
160,280,41424.0
160,291,95576.0
160,305,34921.0
160,352,5077.0
160,371,57913.0
160,410,11985.0
160,533,108340.0
160,581,25015.0
160,626,13194.0
160,672,18059.0
160,704,7133.0
160,713,15506.0
160,715,11563.0
160,766,31490.0
160,776,2802.0
160,860,713.0
161,203,171.0
161,561,1231.0
163,175,3169.0
163,217,4916.0
163,303,9195.0
163,331,7314.0
163,340,2553.0
163,446,13085.0
163,463,1065.0
163,690,725.0
163,704,24021.0
163,710,97.0
164,285,98940.0
164,439,106.0
165,305,10015.0
165,344,7431.0
167,449,53965.0
167,522,42626.0
167,765,3374.0
168,596,3269.0
168,628,13209.0
169,678,1522.0
169,809,12.0
170,451,1029.0
170,802,4031.0
171,468,22200.0
171,523,41306.0
171,596,45025.0
171,644,52365.0
171,710,1999.0
171,733,17.0
172,316,27878.0
173,340,15443.0
173,519,5918.0
173,796,34.0
174,453,175695.0
174,977,14859.0
175,789,607.0
176,206,7973.0
176,410,45738.0
176,430,8480.0
176,564,12035.0
176,596,12.0
177,610,1016.0
177,766,1315.0
177,888,1602.0
178,209,33477.0
178,226,22300.0
178,469,24294.0
178,491,4809.0
178,819,18473.0
178,888,1605.0
180,517,1350.0
180,693,686.0
181,226,6376.0
182,340,16549.0
182,425,12749.0
183,186,9317.0
183,281,1478.0
183,296,924.0
183,407,5510.0
183,502,812.0
183,561,1936.0
183,624,7250.0
183,754,42.0
183,778,16964.0
183,812,1.0
184,326,6612.0
184,910,15798.0
185,246,24.0
185,313,485.0
186,223,4866.0
186,546,1.0
187,226,40240.0
187,274,43268.0
187,275,81706.0
187,301,52559.0
187,318,43018.0
187,327,4634.0
187,340,58828.0
187,453,21955.0
187,555,30636.0
187,588,1858.0
187,596,4494.0
187,910,5603.0
188,359,1.0
188,961,1.0
189,213,185374.0
189,483,2560478.0
189,765,22695.0
189,973,1215.0
190,334,3067.0
190,449,2941.0
190,596,4389.0
190,977,3095.0
191,829,21595.0
191,930,1.0
192,509,948.0
192,516,6665.0
192,833,32.0
193,521,58947.0
193,722,141.0
194,425,24036.0
194,568,632.0
195,217,23087.0
195,223,18975.0
195,227,15929.0
195,377,1083.0
195,413,3119.0
195,440,48538.0
195,449,143342.0
195,493,13621.0
195,614,37846.0
195,615,38609.0
195,803,7021.0
195,891,7550.0
196,227,146861.0
196,305,30339.0
196,350,16877.0
196,766,13787.0
197,248,5393.0
197,620,716.0
198,709,51376.0
198,766,19663.0
199,200,17273.0
199,340,7921.0
199,518,1.0
200,271,1741.0
200,288,22299.0
200,340,3211.0
200,397,4832.0
200,427,32410.0
200,521,27060.0
200,586,4389.0
200,624,3492.0
200,816,6677.0
200,874,6246.0
200,904,1.0
201,685,6997.0
201,899,1.0
202,910,33.0
203,813,83.0
204,548,12155.0
204,704,5349.0
205,307,14534.0
205,439,2196.0
205,523,6701.0
205,656,28259.0
205,710,3364.0
205,891,3007.0
206,289,1320.0
206,340,6745.0
206,602,2522.0
206,646,4917.0
206,704,15238.0
206,716,1449.0
206,842,16.0
207,214,23893.0
207,766,499.0
207,976,153.0
208,492,11855.0
208,596,3.0
209,211,13603.0
209,492,28160.0
209,513,1908.0
210,751,4105893.0
210,859,45675.0
211,230,40130.0
211,270,128387.0
211,291,1508.0
211,324,9518.0
211,326,12049.0
211,440,51576.0
211,446,15077.0
211,492,36739.0
211,579,120248.0
211,608,1914.0
211,611,7.0
211,621,138164.0
211,624,5528.0
211,649,6385.0
211,681,11181.0
211,706,70785.0
211,723,18563.0
211,766,16482.0
211,786,42405.0
211,822,24145.0
211,834,13878.0
211,837,1241.0
211,865,2715.0
211,903,8990.0
211,954,11508.0
211,955,1.0
212,279,75265.0
212,832,697.0
213,595,814.0
214,614,10040.0
214,692,91374.0
215,602,28672.0
215,656,6960.0
216,226,27809.0
216,536,8536.0
216,601,57938.0
216,804,14591.0
216,880,834.0
217,225,38031.0
217,230,8079.0
217,249,591.0
217,277,10092.0
217,397,7178.0
217,460,5126.0
217,675,9891.0
217,704,1149.0
217,745,7076.0
217,770,2381.0
217,816,9663.0
217,831,10019.0
217,910,6754.0
217,941,1.0
218,291,41554.0
218,453,424.0
219,371,2127.0
220,823,20980.0
220,954,1576.0
221,233,12.0
221,487,6581.0
221,493,14833.0
221,535,5068.0
222,361,3794.0
223,489,687.0
223,722,432.0
223,933,12900.0
223,967,367.0
224,492,1373.0
224,651,325.0
224,883,1.0
225,628,130981.0
226,252,31433.0
226,293,29786.0
226,299,7160.0
226,300,20721.0
226,340,17813.0
226,348,4087.0
226,377,7756.0
226,438,26521.0
226,492,24379.0
226,561,6553.0
226,596,38184.0
226,614,20876.0
226,616,25841.0
226,642,3543.0
226,646,2099.0
226,727,5860.0
226,759,21955.0
226,776,46640.0
226,796,68935.0
226,800,27932.0
226,804,8997.0
226,890,13997.0
226,906,1.0
227,237,26387.0
227,305,33829.0
227,410,21832.0
227,450,1095.0
227,474,203174.0
227,515,509.0
227,568,3210.0
227,586,4995.0
227,624,3303.0
227,626,32187.0
227,744,59332.0
227,770,945.0
227,781,2631.0
227,884,10502.0
227,896,48500.0
227,915,771.0
228,670,6127.0
228,719,1.0
229,230,1980.0
229,650,11720.0
230,238,28008.0
230,281,5215.0
230,288,1675.0
230,300,3081.0
230,316,24682.0
230,348,360.0
230,383,2617.0
230,442,29664.0
230,499,500.0
230,514,4615.0
230,515,1159.0
230,604,44738.0
230,624,481.0
230,677,3506.0
230,818,2612.0
230,866,21639.0
230,950,1.0
231,257,808.0
231,498,368.0
232,340,6720.0
232,463,44769.0
232,555,111518.0
232,766,9599.0
233,766,510.0
234,592,16383.0
234,717,525.0
235,596,2715.0
235,628,53917.0
235,901,1.0
236,439,556.0
236,504,16794.0
236,561,950.0
236,596,12808.0
236,685,2624.0
236,910,260.0
237,322,18340.0
237,727,22933.0
237,761,4323.0
237,874,176.0
238,426,306.0
238,450,77.0
238,584,8633.0
238,654,44.0
238,766,8223.0
238,954,4935.0
238,957,1.0
239,382,2016.0
239,470,3837.0
239,767,643.0
239,816,78.0
240,410,811.0
240,833,85.0
241,328,828.0
241,492,134.0
242,368,2008.0
242,959,10560.0
243,621,4845.0
243,742,501.0
244,704,17.0
245,377,4632.0
245,821,1860.0
247,352,7096.0
247,563,212.0
248,334,1020.0
248,516,8572.0
248,776,20.0
248,973,6.0
249,319,4087.0
250,326,32971.0
250,945,3213.0
251,424,2836.0
252,324,691.0
252,352,5031.0
252,378,1250.0
252,596,33365.0
252,668,12964.0
252,962,111.0
253,349,1.0
254,288,19464.0
254,340,3544.0
254,413,573.0
255,596,2041.0
255,722,1.0
256,617,2816.0
256,660,2566.0
257,450,817.0
257,903,612.0
258,293,194556.0
258,596,88.0
259,695,275.0
259,926,1.0
260,449,14302.0
260,704,7292.0
261,392,1985.0
261,910,181.0
262,423,11601.0
262,766,1213.0
263,377,2544.0
263,418,4116.0
264,584,6454.0
264,624,132.0
265,274,3846.0
265,356,5648.0
265,377,6740.0
265,410,8173.0
265,583,9147.0
265,704,1482.0
265,766,19259.0
265,910,51.0
265,985,1.0
266,492,22143.0
266,524,777.0
266,989,1.0
267,377,353.0
267,410,1737.0
267,596,4231.0
267,946,5833.0
268,326,30884.0
268,605,2233.0
268,727,326.0
269,512,3936.0
269,550,798.0
269,843,1.0
270,426,325.0
271,502,3155.0
272,342,6669.0
272,853,1.0
273,477,30431.0
273,997,1.0
274,405,48335.0
274,647,17205.0
275,454,6605.0
275,504,16686.0
275,596,2364.0
275,670,9480.0
275,906,1.0
276,315,18745.0
276,404,35133.0
276,683,4179.0
276,731,1.0
277,378,3956.0
277,540,676.0
277,801,461.0
278,362,16575.0
278,704,5240.0
280,381,41796.0
280,555,26266.0
280,900,1504.0
281,343,13566.0
281,404,2440.0
281,469,11515.0
281,766,7577.0
281,776,6807.0
282,757,26946.0
282,972,57.0
283,649,633.0
283,991,1.0
284,582,9307315.0
284,776,2175.0
285,652,105846.0
285,766,9168.0
285,871,38230.0
286,374,41915.0
286,409,5200.0
286,801,2110.0
287,559,13294.0
287,656,1404.0
288,340,7815.0
288,376,9124.0
288,527,43219.0
288,579,7046.0
288,816,3686.0
288,835,2018.0
288,890,17813.0
288,968,3934.0
288,970,1074.0
288,999,1.0
289,424,370.0
290,818,1376.0
290,896,5157.0
291,907,59402.0
292,567,4869.0
292,656,2333.0
292,863,1.0
293,352,4146.0
293,410,25132.0
293,678,1939.0
293,890,4634.0
293,933,15655.0
294,453,21.0
294,624,45.0
295,632,4152.0
295,768,1135.0
295,852,198.0
295,994,1.0
296,326,2829.0
296,449,1854.0
296,888,39.0
297,779,17235.0
297,873,1.0
298,414,254503.0
298,479,1.0
299,559,6324.0
299,912,4407.0
300,624,375.0
301,340,2306.0
301,352,7220.0
301,413,4949.0
301,449,2959.0
301,516,1103.0
301,614,4073.0
301,657,5160.0
301,717,2429.0
301,766,28077.0
301,797,7174.0
301,898,4251.0
301,991,1.0
302,340,33662.0
302,387,9064.0
302,886,44273.0
303,668,4960.0
303,689,1996.0
304,710,3009.0
304,995,1.0
305,340,2994.0
305,348,1966.0
305,421,8734.0
305,819,43464.0
305,996,1.0
306,353,14961.0
306,808,1.0
307,614,8092.0
308,348,835.0
309,910,5619.0
309,913,1.0
310,340,49326.0
310,528,38310.0
310,560,10033.0
310,790,13651.0
310,943,1.0
311,352,10067.0
311,624,791.0
312,450,9661.0
312,847,505.0
313,537,166.0
313,760,22.0
313,799,1.0
314,348,2932.0
314,352,37152.0
314,363,3461.0
314,368,2.0
314,450,12056.0
314,538,14157.0
314,640,52623.0
314,661,1.0
315,335,4363.0
315,586,4907.0
315,701,6681.0
315,716,2019.0
316,365,18125.0
316,647,45781.0
316,894,1.0
317,340,36164.0
317,381,6818.0
317,406,11927.0
317,446,1235.0
317,481,17413.0
317,580,3400.0
317,754,62.0
318,658,109.0
319,706,2619.0
320,350,71323.0
320,379,4549.0
320,704,6913.0
321,596,641.0
321,729,611.0
322,377,12276.0
323,449,27306.0
323,632,2506.0
324,766,3115.0
324,817,11604.0
324,928,4473.0
325,584,372.0
325,701,1598.0
325,793,157.0
326,331,7984.0
326,405,43664.0
326,410,15522.0
326,426,3705.0
326,433,124192.0
326,471,19673.0
326,624,1097.0
326,705,3944.0
326,884,79659.0
326,954,4026.0
326,964,52977.0
326,973,943.0
327,962,404.0
328,361,2354.0
328,434,5867.0
328,527,6585.0
328,567,11977.0
328,670,19712.0
328,884,4692.0
328,900,5960.0
328,904,1.0
329,740,71.0
330,614,7083.0
330,847,408.0
331,366,2708.0
331,380,49.0
331,551,68372.0
331,739,12407.0
331,764,2910.0
331,765,28757.0
331,967,72.0
332,383,1.0
332,738,1.0
333,508,13208.0
334,337,1832.0
334,352,19997.0
334,410,15340.0
334,426,1970.0
334,447,35616.0
334,613,918.0
334,732,19475.0
334,783,6889.0
334,787,37727.0
334,983,1.0
335,748,262.0
335,869,26.0
336,420,8810.0
336,715,16514.0
336,747,1.0
337,766,32721.0
337,997,1.0
338,761,6782.0
338,766,602.0
339,816,6545.0
339,951,1.0
340,377,13322.0
340,381,10315.0
340,410,16195.0
340,420,64159.0
340,441,89.0
340,465,17765.0
340,477,23804.0
340,484,47545.0
340,492,19389.0
340,517,4454.0
340,526,10578.0
340,558,19044.0
340,570,3743.0
340,576,56206.0
340,581,39032.0
340,583,3471.0
340,584,42640.0
340,624,12667.0
340,631,22859.0
340,640,101.0
340,646,2730.0
340,665,12901.0
340,704,5600.0
340,816,1698.0
340,821,15081.0
340,832,11055.0
340,907,17456.0
340,910,14880.0
340,927,16898.0
340,933,9285.0
340,958,4337.0
340,959,7123.0
340,979,2394.0
341,353,1475.0
341,492,1327.0
341,672,2418.0
341,766,1309.0
342,381,14034.0
342,410,2102.0
342,718,41988.0
342,795,4.0
343,503,2390.0
344,586,5273.0
345,429,5033.0
346,410,2476.0
346,870,114.0
347,492,25131.0
347,684,1.0
348,363,5103.0
348,405,356.0
348,408,2618.0
348,451,12.0
348,474,10924.0
348,516,4892.0
348,522,10231.0
348,532,554.0
348,561,435.0
348,588,1840.0
348,596,5778.0
348,600,1366.0
348,616,28235.0
348,617,3800.0
348,624,6650.0
348,637,7109.0
348,649,13036.0
348,656,10208.0
348,668,920.0
348,678,2000.0
348,698,5014.0
348,712,3093.0
348,779,846.0
348,800,17252.0
348,816,4562.0
348,862,13069.0
348,882,9949.0
348,910,1630.0
348,915,10647.0
348,923,1879.0
348,973,455.0
348,986,1.0
350,507,34701.0
350,670,1.0
351,518,138.0
351,620,1518.0
352,381,3837.0
352,391,7933.0
352,396,2635.0
352,410,1301.0
352,418,7057.0
352,453,4635.0
352,454,2361.0
352,474,15114.0
352,485,30872.0
352,492,8619.0
352,534,26810.0
352,561,5132.0
352,596,8442.0
352,648,430.0
352,650,224.0
352,660,1422.0
352,715,2615.0
352,750,6329.0
352,850,32949.0
352,886,66823.0
352,910,1130.0
352,963,1717.0
352,970,7937.0
352,983,71.0
352,997,1.0
353,449,4897.0
353,704,189.0
354,503,380.0
354,559,6602.0
354,766,2831.0
354,885,1.0
355,377,321.0
355,970,61.0
356,410,4317.0
356,508,4631.0
356,536,143.0
356,590,2101.0
356,600,524.0
356,648,2839.0
356,704,16973.0
356,758,7136.0
356,792,293.0
356,833,656.0
356,856,10677.0
356,862,1001.0
356,874,8308.0
356,893,31712.0
356,952,1.0
357,369,5143.0
357,519,7973.0
358,492,19987.0
358,617,619.0
360,555,70353.0
360,622,1.0
361,456,4183.0
361,492,7251.0
361,513,2451.0
361,545,1525.0
361,792,7.0
361,931,1.0
362,649,1971.0
363,559,486.0
363,704,424.0
364,614,49563.0
364,629,13.0
365,388,1779.0
365,410,9901.0
365,559,13728.0
365,704,16244.0
365,765,3470.0
365,903,48.0
366,766,7546.0
367,492,7527.0
369,377,159.0
369,497,73.0
370,931,1.0
370,982,1.0
371,378,12426.0
371,877,104.0
371,896,57244.0
371,969,1.0
372,451,69620.0
372,492,43788.0
373,472,297497.0
373,628,23120.0
373,840,18474.0
374,410,2462.0
374,596,1314.0
375,469,5451.0
375,481,2817.0
375,775,1119.0
376,774,5078.0
377,410,14531.0
377,426,4054.0
377,432,15890.0
377,492,2148.0
377,583,16399.0
377,596,2747.0
377,649,2966.0
377,667,188.0
377,678,40.0
377,704,4845.0
377,735,3919.0
377,766,5142.0
377,791,10217.0
377,816,2396.0
377,910,777.0
377,957,1.0
378,398,7797.0
378,624,5396.0
378,864,18557.0
378,997,1.0
379,852,7639.0
380,488,73.0
380,771,1.0
381,436,6219.0
381,704,2889.0
381,795,322.0
381,816,894.0
381,882,27197.0
381,884,10585.0
381,920,2242.0
381,969,1.0
382,449,4719.0
382,504,1004.0
384,492,2462.0
384,596,7063.0
384,607,6513.0
384,624,12649.0
384,771,1.0
385,619,978.0
385,646,1376.0
385,658,117.0
385,662,1.0
386,547,1619.0
386,558,197.0
387,592,2914.0
387,639,6080.0
387,798,10160.0
387,816,285.0
388,905,1439.0
389,564,2248.0
390,436,760.0
390,809,1761.0
391,569,5361.0
392,659,1.0
393,701,1656.0
394,397,967.0
394,766,22269.0
395,423,735.0
395,577,58391.0
395,596,28506.0
395,686,11348.0
395,725,50611.0
395,749,363.0
396,425,57.0
397,652,6076.0
397,728,21875.0
397,833,113.0
399,574,8604.0
399,910,578.0
400,596,3252.0
400,856,4633.0
400,923,56.0
400,925,1.0
401,418,22120.0
401,808,1.0
402,775,1858.0
402,776,38108.0
403,422,20042.0
403,480,15608.0
403,913,1.0
404,417,4036.0
404,561,1068.0
404,596,22877.0
404,704,488.0
405,628,13119.0
405,805,3940.0
405,910,10744.0
406,495,144.0
406,522,224.0
406,755,5705.0
406,818,206.0
406,852,1549.0
407,446,5959.0
407,555,25328.0
407,632,14501.0
407,745,3222.0
407,859,3054.0
408,481,7810.0
409,685,650.0
410,418,4707.0
410,481,13420.0
410,487,1835.0
410,502,3676.0
410,521,20266.0
410,538,10753.0
410,569,2144.0
410,596,1612.0
410,620,6058.0
410,634,1923.0
410,646,12347.0
410,671,3393.0
410,700,6845.0
410,704,10406.0
410,714,323.0
410,717,3823.0
410,730,27263.0
410,766,19033.0
410,779,52558.0
410,788,8430.0
410,802,8331.0
410,840,56663.0
410,851,5655.0
410,854,48002.0
410,858,18343.0
410,876,2485.0
410,910,5050.0
410,947,1515.0
410,949,2517.0
410,993,1.0
411,841,348.0
412,567,11965.0
412,620,19569.0
412,710,11.0
413,799,1.0
414,445,2895.0
415,509,35823.0
416,426,1229.0
416,918,1.0
417,476,5.0
418,524,3756.0
418,586,25520.0
418,704,884.0
418,710,968.0
418,715,3321.0
418,911,23969.0
418,935,1.0
419,449,999.0
419,624,226.0
420,915,3901.0
421,432,70738.0
421,515,8474.0
421,596,8.0
422,874,824.0
423,474,44821.0
424,763,163.0
425,474,14846.0
425,502,5064.0
425,620,26346.0
425,673,17504.0
425,916,1.0
426,516,8724.0
426,547,1376.0
426,584,4366.0
426,620,5541.0
426,631,4133.0
426,680,7890.0
426,704,3040.0
426,715,580.0
426,717,992.0
426,724,773.0
426,750,6688.0
426,821,5088.0
426,889,2907.0
426,896,12866.0
426,900,645.0
426,959,146.0
427,689,3320.0
427,721,1.0
428,615,1.0
428,967,5.0
429,807,2064.0
431,546,1.0
432,596,24829.0
433,915,10089.0
433,920,5254.0
434,586,620.0
434,742,1597.0
434,745,544.0
435,446,18596.0
435,557,24867.0
435,628,25820.0
436,704,3446.0
436,821,6.0
438,492,414.0
438,498,278.0
438,649,8773.0
438,673,4673.0
439,439,1140.0
439,460,1392.0
439,603,255.0
439,709,148.0
439,947,246.0
439,991,1.0
440,519,3732.0
440,701,4330.0
440,816,371.0
442,840,35173.0
442,932,130.0
443,474,99170.0
444,478,2525.0
444,596,537.0
445,529,4003.0
445,766,349.0
445,803,5510.0
445,910,1198.0
445,971,1.0
446,494,309.0
446,816,7410.0
446,915,2581.0
447,557,17578.0
448,973,2.0
449,473,43502.0
449,492,38438.0
449,612,7969.0
449,673,15266.0
449,706,7450.0
449,710,2292.0
449,776,109131.0
449,777,40073.0
449,788,15884.0
449,885,1.0
450,466,3208.0
450,519,236.0
450,586,5511.0
450,590,3270.0
450,610,48.0
450,778,238.0
450,789,1148.0
450,806,2780.0
450,829,11181.0
450,896,25185.0
450,941,1.0
451,564,8496.0
451,726,221.0
451,739,16088.0
451,746,3405.0
451,766,7072.0
451,893,17164.0
451,915,7446.0
451,947,606.0
453,516,1114.0
455,714,3020.0
455,910,3818.0
456,754,1.0
457,564,449.0
457,624,653.0
457,888,165.0
457,948,1.0
458,549,2277.0
458,598,1.0
459,781,3.0
459,987,1.0
461,698,24262.0
461,728,2008.0
461,767,1.0
462,704,3940.0
462,790,830.0
463,556,1.0
464,596,22849.0
465,873,1.0
466,584,237.0
466,616,228.0
466,888,1891.0
466,937,1.0
467,792,1.0
468,549,353.0
468,559,48.0
469,596,896.0
469,715,2999.0
470,622,1.0
471,637,205.0
472,559,17848.0
472,772,6039.0
473,720,1.0
474,511,335335.0
474,561,18567.0
474,733,123.0
474,828,1.0
475,667,98.0
476,649,11.0
476,982,1.0
477,884,611.0
478,756,1825.0
480,728,10150.0
481,555,358.0
482,596,4134.0
482,704,3905.0
482,715,7316.0
483,909,280200.0
484,868,18685.0
484,896,26211.0
485,492,15548.0
486,492,28019.0
486,949,6401.0
488,827,213.0
490,589,10600.0
490,832,5268.0
491,928,6886.0
491,954,7300.0
492,506,568.0
492,508,6699.0
492,512,8318.0
492,533,2022.0
492,535,7362.0
492,559,4421.0
492,572,13720.0
492,581,62717.0
492,584,23931.0
492,596,2489.0
492,609,3067.0
492,623,44544.0
492,766,5392.0
492,772,6142.0
492,781,3057.0
492,790,7223.0
492,793,1049.0
492,804,636.0
492,892,10315.0
492,908,1700.0
492,910,5042.0
492,914,74921.0
492,933,4245.0
492,945,5685.0
492,947,4358.0
492,959,1292.0
492,981,165.0
492,998,1.0
493,585,924.0
493,804,10019.0
493,896,41026.0
494,505,1.0
495,499,32.0
496,896,18252.0
497,634,39.0
499,537,356.0
499,624,10.0
499,821,889.0
500,748,119.0
501,620,13584.0
501,912,13958.0
502,534,1286.0
502,554,3498.0
502,663,136.0
502,711,7246.0
502,723,6489.0
502,821,1725.0
502,832,1332.0
504,874,10.0
505,873,1.0
507,561,4479.0
508,573,11192.0
508,704,5433.0
508,715,3562.0
508,735,378.0
508,766,26768.0
508,884,6798.0
509,523,1260.0
509,557,9578.0
509,586,6481.0
509,596,8295.0
509,626,18357.0
509,640,28251.0
509,648,50173.0
509,675,10779.0
509,761,9798.0
510,874,11101.0
510,988,1.0
511,986,1.0
513,855,1694.0
515,704,1927.0
515,837,527.0
515,942,1.0
516,549,523.0
516,594,3423.0
516,791,2815.0
516,831,11561.0
516,847,429.0
516,912,687.0
516,915,14045.0
517,529,3071.0
517,596,19071.0
517,656,635.0
518,582,1.0
519,547,595.0
519,634,4002.0
519,910,1.0
520,589,21500.0
521,617,1701.0
521,752,15094.0
521,776,26839.0
521,910,6188.0
523,739,265.0
524,596,211.0
524,608,1964.0
524,821,2562.0
524,845,885.0
524,878,10.0
525,620,624.0
525,864,1.0
527,625,1921.0
528,776,10998.0
529,946,3421.0
530,704,9849.0
530,868,8199.0
530,943,1.0
531,624,625.0
533,884,4423.0
534,910,1.0
535,776,124996.0
535,844,1.0
536,704,3022.0
537,596,668.0
537,686,60.0
537,988,1.0
538,715,1295.0
538,903,456.0
538,928,266.0
539,749,670.0
539,809,256.0
539,843,1.0
540,593,226.0
541,715,5220.0
541,896,3326.0
542,847,100.0
543,866,69022.0
543,973,1.0
544,569,2325.0
544,736,475.0
545,596,3499.0
545,779,3767.0
545,804,79.0
547,912,70.0
548,844,1.0
549,869,1.0
551,634,1141.0
551,896,22638.0
552,998,1.0
553,596,14555.0
553,832,637.0
553,836,915.0
553,849,1.0
554,717,514.0
555,599,731.0
555,715,2363.0
555,807,226.0
556,687,1.0
557,688,698.0
557,804,11516.0
557,920,4142.0
557,949,1548.0
558,816,565.0
559,561,27657.0
559,569,1088.0
559,581,7264.0
559,724,12516.0
559,987,1.0
561,614,3030.0
561,746,955.0
561,888,632.0
561,910,15493.0
561,946,9.0
562,578,610.0
562,816,3007.0
562,884,2446.0
563,816,298.0
564,785,1.0
565,621,735323.0
565,783,1.0
566,624,2281.0
567,614,11825.0
567,649,5998.0
567,696,5606.0
567,825,10002.0
567,854,607.0
567,909,10104.0
567,949,3201.0
568,661,1.0
569,684,1.0
570,980,1.0
571,636,1.0
571,673,1.0
572,624,1964.0
573,701,8.0
574,665,42.0
574,710,2941.0
575,710,6008.0
575,910,1008.0
576,596,5888.0
577,915,8677.0
580,624,10305.0
580,840,134.0
581,596,30282.0
583,654,221.0
583,753,170.0
584,728,875.0
585,596,769.0
585,971,1.0
586,657,10870.0
586,682,13166.0
586,692,3124.0
586,711,742.0
586,751,5469.0
586,903,1838.0
586,928,1441.0
587,820,1.0
588,918,1.0
589,715,11051.0
589,903,8171.0
589,931,1.0
590,855,251.0
591,596,3069.0
592,970,2094.0
593,933,1024.0
594,963,1.0
595,624,464.0
595,766,6397.0
595,809,308.0
595,964,11932.0
596,596,9029.0
596,597,21871.0
596,604,250.0
596,624,2815.0
596,646,9461.0
596,690,1559.0
596,693,2851.0
596,702,17.0
596,703,2000.0
596,704,1345.0
596,710,660.0
596,713,1410.0
596,717,1945.0
596,739,2520.0
596,742,1753.0
596,762,2711.0
596,768,2422.0
596,769,1569.0
596,796,12058.0
596,800,7147.0
596,804,19988.0
596,810,7097.0
596,811,11165.0
596,813,779.0
596,817,16618.0
596,848,14513.0
596,850,4626.0
596,860,2271.0
596,869,32.0
596,870,38317.0
596,878,22163.0
596,884,1516.0
596,890,19942.0
596,897,9037.0
596,910,6951.0
596,922,13755.0
596,947,168.0
596,956,9506.0
596,962,559.0
596,977,4237.0
596,991,1.0
599,606,1.0
603,756,2365.0
605,629,1.0
606,656,1.0
608,992,1.0
610,853,1.0
612,866,29.0
613,873,1.0
614,761,4412.0
614,766,29932.0
614,791,20581.0
614,907,13982.0
614,910,409.0
614,997,1.0
616,911,3378.0
618,707,1943.0
620,757,8492.0
620,790,4958.0
620,800,2737.0
620,833,1.0
621,803,6776.0
621,971,1.0
624,634,421.0
624,678,2690.0
624,685,1375.0
624,695,578.0
624,741,1533.0
624,766,11378.0
624,871,1054.0
624,895,12.0
624,912,1187.0
624,939,1013.0
624,955,1.0
625,715,547.0
626,715,7758.0
626,850,11514.0
626,903,2516.0
626,915,8480.0
628,769,799.0
628,952,1.0
629,811,21.0
629,862,3.0
629,891,1.0
630,893,1966.0
632,742,2415.0
633,710,4738.0
634,766,3712.0
634,776,3711.0
635,769,1138.0
635,855,1.0
637,991,1.0
638,893,7896.0
639,682,18890.0
639,890,1757.0
640,831,30648.0
640,875,4686.0
640,910,13739.0
641,729,659.0
641,935,1.0
642,910,1317.0
642,977,331.0
643,877,4.0
644,796,1343.0
645,996,1.0
646,649,21784.0
646,691,189.0
646,752,5120.0
646,816,14753.0
646,890,2761.0
646,975,1.0
647,880,673.0
648,679,18362.0
648,710,4264.0
648,804,35494.0
648,929,1296.0
648,944,1.0
649,666,5212.0
649,704,3596.0
649,750,2914.0
649,774,1678.0
649,908,70.0
649,967,2047.0
649,997,1.0
650,704,6420.0
650,717,478.0
651,687,1.0
653,679,2114.0
653,816,4208.0
655,797,171.0
655,936,305.0
661,712,1.0
664,704,1118.0
664,727,104.0
666,960,2236.0
667,933,1662.0
667,956,512.0
668,697,29.0
668,997,1.0
669,769,1292.0
669,877,1.0
671,710,941.0
672,775,53.0
674,701,1.0
676,838,1.0
677,832,38.0
679,834,6960.0
679,839,1.0
680,766,10660.0
681,704,9340.0
681,896,13836.0
682,763,625.0
682,902,1.0
687,743,1.0
690,824,491.0
690,903,25.0
692,728,25411.0
692,831,593.0
693,708,150.0
694,776,2360.0
694,976,2.0
697,828,1.0
699,903,3333.0
699,995,1.0
700,954,1.0
702,894,1.0
703,715,1672.0
704,704,887.0
704,764,724.0
704,794,942.0
704,815,11.0
704,880,2906.0
704,905,1475.0
704,933,46.0
704,936,13053.0
704,953,8.0
704,960,1.0
705,861,12599.0
705,946,3.0
706,884,5602.0
707,738,1.0
708,910,1170.0
708,966,1.0
710,758,261.0
710,766,1954.0
710,777,2193.0
710,807,1791.0
710,827,297.0
710,860,119.0
710,868,5787.0
710,910,1615.0
710,962,180.0
710,993,1.0
713,984,1.0
714,769,1667.0
715,736,619.0
715,748,1170.0
715,816,4481.0
715,835,7803.0
715,842,32.0
715,884,6763.0
715,939,1.0
716,967,1.0
717,742,113.0
717,776,1603.0
717,814,776.0
718,739,2531.0
718,766,676.0
720,980,1.0
725,918,1.0
726,800,83.0
726,857,1.0
727,866,177.0
727,945,4426.0
727,948,1.0
728,760,168.0
728,903,2156.0
731,997,1.0
732,803,4595.0
734,897,1.0
734,924,1.0
735,919,111.0
735,929,449.0
737,777,1.0
737,885,1.0
740,803,206.0
742,790,28186.0
742,848,10384.0
742,884,23094.0
742,934,3116.0
744,910,120.0
745,964,1.0
746,922,1.0
747,840,1.0
748,846,732.0
748,905,24.0
749,808,1.0
753,847,124.0
753,889,1.0
755,989,1.0
756,910,1089.0
759,768,1.0
761,804,11132.0
761,895,1.0
763,795,1.0
766,806,27371.0
766,814,340.0
766,825,44.0
766,831,14110.0
766,832,1333.0
766,835,3334.0
766,858,5665.0
766,905,500.0
766,910,3030.0
766,914,6719.0
766,928,6663.0
766,934,6837.0
766,946,2235.0
766,949,17300.0
766,962,1322.0
766,976,461.0
766,977,14856.0
766,978,1.0
769,780,517.0
769,879,1.0
772,910,68.0
775,873,1.0
776,801,550.0
786,816,2753.0
787,887,26777.0
787,949,1.0
789,826,25.0
789,880,1237.0
789,920,1551.0
789,991,1.0
791,874,7412.0
791,978,1.0
794,841,240.0
794,910,401.0
796,845,1.0
801,885,1.0
803,852,4415.0
803,980,1.0
804,819,3914.0
804,884,19468.0
804,927,414.0
804,950,1.0
806,816,2682.0
811,992,1.0
816,835,188.0
816,903,4320.0
816,910,2724.0
816,950,1.0
818,846,574.0
818,900,1.0
821,910,80.0
822,880,1.0
824,892,1.0
829,937,1.0
831,999,1.0
832,959,1416.0
835,959,1.0
836,912,4365.0
844,863,1.0
845,931,1.0
847,887,799.0
847,910,632.0
848,890,109.0
848,907,10380.0
848,910,459.0
852,859,11047.0
852,876,1.0
856,915,117.0
861,979,21524.0
865,924,1.0
866,902,1.0
867,910,953.0
867,915,1.0
872,938,1.0
873,985,1.0
874,940,1.0
875,976,434.0
878,896,2470.0
879,976,1.0
881,942,1.0
881,972,1.0
884,888,48.0
884,965,1.0
893,898,1.0
896,928,1615.0
903,907,635.0
903,921,21859.0
903,929,4994.0
903,977,50.0
903,979,2945.0
903,987,1.0
905,971,1.0
910,940,1.0
911,912,4890.0
912,997,1.0
914,926,1.0
917,938,1.0
919,970,1.0
920,932,952.0
920,974,1.0
921,968,1.0
928,971,1.0
940,974,1.0
946,962,1.0
956,997,1.0
