0	395
1	3553
1	3586
10	50
11	94
11	125
14	16
14	17
14	29
14	147
16	14
17	14
19	130
21	51
24	53
24	4461
25	136
26	94
26	203
27	161
28	98
29	14
29	130
31	62
31	104
36	38
36	39
36	157
38	36
39	36
40	202
41	167
41	218
43	94
48	75
48	106
49	4448
50	10
50	205
51	21
51	194
53	24
53	231
54	147
55	88
56	119
56	149
56	152
57	98
62	31
72	73
73	72
73	91
73	231
74	98
75	48
77	170
77	191
83	218
84	4461
86	110
88	55
88	90
88	195
90	88
91	73
91	496
92	94
92	123
92	174
94	11
94	26
94	43
94	92
98	28
98	57
98	74
98	100
98	125
98	205
100	98
102	140
104	31
104	174
104	222
106	48
106	186
108	116
108	207
108	4120
110	86
113	3770
114	115
115	114
115	205
116	108
116	117
116	118
116	207
117	116
118	116
119	56
119	148
123	92
123	140
124	153
124	173
124	194
125	11
125	98
130	19
130	29
134	222
136	25
136	146
138	140
138	205
138	4882
140	102
140	123
140	138
140	141
140	186
141	140
141	142
142	141
146	136
146	153
147	14
147	54
148	119
149	56
152	56
153	124
153	146
153	157
153	158
157	36
157	153
157	193
158	153
161	27
167	41
170	77
170	171
171	170
173	124
174	92
174	104
177	179
177	180
179	177
180	177
186	106
186	140
191	77
193	157
194	51
194	124
195	88
195	204
197	201
201	197
202	40
203	26
204	195
205	50
205	98
205	115
205	138
205	207
207	108
207	116
207	205
210	211
210	213
211	210
213	210
217	218
218	41
218	83
218	217
219	224
222	104
222	134
223	227
224	219
227	223
231	53
231	73
233	234
234	233
240	327
241	242
241	351
242	241
242	365
244	361
245	247
247	245
247	330
249	305
249	312
249	313
254	329
256	259
257	259
257	310
257	368
258	311
259	256
259	257
261	262
262	261
262	345
264	281
265	308
268	269
269	268
269	346
272	274
273	274
274	272
274	273
274	275
275	274
277	314
281	264
282	302
282	313
287	351
290	336
302	282
302	313
304	305
305	249
305	304
305	313
308	265
308	340
309	353
309	358
310	257
310	311
310	368
311	258
311	310
311	345
312	249
312	313
313	249
313	282
313	302
313	305
313	312
314	277
317	318
318	317
318	336
319	320
319	322
320	319
320	321
321	320
321	4341
322	319
327	240
327	379
329	254
329	330
330	247
330	329
330	357
332	333
332	353
333	332
336	290
336	318
340	308
340	341
341	340
341	346
345	262
345	311
346	269
346	341
348	352
351	241
351	287
351	352
352	348
352	351
353	309
353	332
353	354
354	353
354	4426
357	330
357	377
358	309
361	244
365	242
368	257
368	310
377	357
379	327
383	384
383	445
383	454
383	455
384	383
384	393
393	384
393	395
393	396
395	0
395	393
395	2213
396	393
396	397
396	398
396	399
396	400
396	420
396	2231
397	396
398	396
399	396
400	396
402	435
404	405
405	404
405	406
405	457
406	405
412	473
412	1248
413	468
418	421
420	396
420	421
421	418
421	420
423	430
427	1125
430	423
430	441
430	469
434	435
435	402
435	434
440	441
441	430
441	440
445	383
449	465
449	467
450	468
454	383
454	455
454	470
455	383
455	454
456	465
457	405
465	449
465	456
467	449
468	413
468	450
469	430
470	454
471	472
472	471
473	412
474	4173
486	494
487	491
491	487
494	486
495	496
496	91
496	495
503	504
504	503
504	523
506	546
511	538
511	550
511	551
515	519
516	520
517	520
519	515
519	520
520	516
520	517
520	519
523	504
523	524
523	525
524	523
524	528
525	523
526	527
526	4145
527	526
528	524
528	529
529	528
536	557
538	511
538	551
540	569
541	569
542	550
543	561
546	506
546	553
546	554
546	558
546	559
547	548
548	547
548	551
548	568
550	511
550	542
550	551
551	511
551	538
551	548
551	550
553	546
554	546
557	536
557	558
558	546
558	557
558	562
559	546
560	561
561	543
561	560
562	558
568	548
569	540
569	541
569	570
569	4458
570	569
570	4164
577	578
578	577
579	664
579	702
582	584
582	612
582	645
584	582
584	667
584	672
592	597
592	630
597	592
597	598
597	599
597	600
597	602
597	620
597	657
598	597
599	597
600	597
602	597
603	604
604	603
604	605
604	606
604	657
604	691
605	604
605	658
605	666
606	604
608	609
609	608
609	657
612	582
614	619
615	616
616	615
619	614
619	626
620	597
623	624
624	623
624	655
624	668
624	708
626	619
627	628
628	627
628	658
629	630
630	592
630	629
637	728
643	644
644	643
644	687
645	582
651	653
653	651
653	685
654	655
655	624
655	654
655	689
657	597
657	604
657	609
657	658
658	605
658	628
658	657
658	738
663	664
664	579
664	663
665	666
666	605
666	665
667	584
667	668
668	624
668	667
668	718
672	584
672	674
674	672
675	702
678	679
679	678
684	685
685	653
685	684
687	644
689	655
690	691
691	604
691	690
694	695
695	694
698	699
698	728
699	698
701	702
702	579
702	675
702	701
702	734
708	624
715	716
716	715
718	668
721	722
722	721
728	637
728	698
734	702
734	736
735	736
736	734
736	735
737	738
738	658
738	737
741	744
744	741
744	746
744	802
744	815
744	1230
746	744
747	780
748	775
758	813
758	823
759	760
759	778
760	759
763	777
763	815
765	766
766	765
767	771
768	772
769	772
770	771
770	785
770	797
771	767
771	770
771	772
771	773
771	786
772	768
772	769
772	771
772	823
773	771
775	748
777	763
777	2417
778	759
780	747
780	783
780	784
780	789
780	799
782	4934
783	780
783	800
784	780
785	770
785	786
786	771
786	785
788	789
789	780
789	788
790	2304
790	2417
797	770
799	780
800	783
800	1230
800	1257
802	744
802	2207
809	822
813	758
813	1228
815	744
815	763
815	816
816	815
819	820
819	4940
820	819
822	809
823	758
823	772
825	826
825	844
826	825
826	829
827	828
827	845
827	858
828	827
828	837
829	826
829	836
829	4458
833	862
833	874
835	836
835	892
835	896
836	829
836	835
837	828
837	853
837	872
837	4458
838	839
838	853
839	838
839	840
840	839
841	842
842	841
842	4179
843	861
843	862
843	863
843	4457
844	825
844	846
845	827
845	903
846	844
846	870
846	880
846	900
848	879
848	889
849	908
849	909
852	853
852	900
853	837
853	838
853	852
856	4458
857	882
857	893
858	827
858	885
859	864
859	881
861	843
862	833
862	843
863	843
864	859
864	921
869	895
870	846
872	837
872	929
874	833
874	885
874	897
876	895
879	848
880	846
880	900
881	859
882	857
882	931
885	858
885	874
885	928
889	848
890	929
892	835
892	896
893	857
895	869
895	876
895	896
895	897
896	835
896	892
896	895
897	874
897	895
900	846
900	852
900	880
903	845
908	849
909	849
921	864
921	926
921	927
922	926
923	926
924	927
926	921
926	922
926	923
927	921
927	924
928	885
928	929
929	872
929	890
929	928
931	882
933	1014
934	935
934	936
935	934
936	934
936	941
937	938
937	954
937	1050
938	937
939	940
940	939
940	1016
940	1051
941	936
941	942
941	994
941	1014
942	941
942	946
943	944
943	1005
943	1028
944	943
944	945
944	995
944	1028
945	944
945	1058
946	942
948	950
948	964
948	1047
950	948
950	951
950	1034
951	950
951	978
951	1000
953	983
953	1011
953	1052
954	937
954	973
954	1050
958	993
958	1049
964	948
964	1025
966	997
967	1026
972	973
973	954
973	972
974	1023
974	1031
975	1054
976	1034
977	992
977	1047
978	951
978	1005
979	980
980	979
980	4855
983	953
989	997
992	977
992	993
992	1047
993	958
993	992
993	1049
994	941
994	999
995	944
995	1028
997	966
997	989
997	1057
999	994
1000	951
1000	1026
1002	1005
1004	1028
1005	943
1005	978
1005	1002
1005	1009
1005	1014
1005	1026
1005	1049
1009	1005
1011	953
1012	1044
1014	933
1014	941
1014	1005
1015	1016
1016	940
1016	1015
1016	1017
1017	1016
1023	974
1023	1050
1023	1059
1025	964
1025	1026
1026	967
1026	1000
1026	1005
1026	1025
1026	1043
1026	1045
1028	943
1028	944
1028	995
1028	1004
1031	974
1031	1046
1034	950
1034	976
1043	1026
1044	1012
1045	1026
1046	1031
1046	1059
1047	948
1047	977
1047	992
1049	958
1049	993
1049	1005
1050	937
1050	954
1050	1023
1050	1051
1050	1052
1051	940
1051	1050
1052	953
1052	1050
1052	1058
1054	975
1057	997
1058	945
1058	1052
1059	1023
1059	1046
1063	1065
1063	1160
1063	1625
1065	1063
1067	1068
1067	1969
1068	1067
1068	1419
1069	1070
1069	1196
1069	1197
1069	1497
1069	1566
1070	1069
1070	1269
1070	1371
1071	1615
1071	2028
1074	1076
1074	1506
1076	1074
1078	1459
1081	1154
1083	1295
1084	1098
1084	1224
1092	1488
1093	1094
1093	2096
1093	2135
1094	1093
1097	1343
1098	1084
1098	1099
1098	1193
1098	1677
1098	1713
1099	1098
1099	1334
1102	1103
1102	1226
1102	1338
1102	1573
1103	1102
1103	1442
1105	1106
1105	1145
1105	1666
1105	1948
1106	1105
1106	1107
1106	1136
1106	1249
1106	1317
1106	1323
1106	1877
1107	1106
1107	1137
1107	1267
1108	1240
1110	1111
1111	1110
1111	1459
1112	1581
1113	1116
1116	1113
1116	1453
1120	1956
1122	1163
1122	1275
1125	427
1125	1476
1126	1127
1127	1126
1127	1863
1130	1830
1132	1135
1132	1605
1133	1242
1133	1323
1134	1416
1134	1531
1134	1610
1135	1132
1135	1451
1135	1534
1136	1106
1136	1137
1136	1139
1137	1107
1137	1136
1139	1136
1140	1361
1140	1458
1140	1619
1140	1620
1142	1474
1144	1222
1145	1105
1145	1491
1146	1148
1147	1148
1147	1166
1147	1207
1148	1146
1148	1147
1148	1340
1148	1452
1149	1150
1150	1149
1150	1275
1150	1283
1151	1356
1151	1530
1152	1170
1152	1357
1152	1484
1154	1081
1154	1197
1157	1736
1157	1749
1160	1063
1160	1956
1160	2092
1161	1260
1161	1501
1163	1122
1164	1435
1164	2189
1166	1147
1166	1168
1166	1525
1168	1166
1169	1170
1169	1403
1170	1152
1170	1169
1170	1175
1170	1484
1170	1531
1173	1468
1173	1484
1173	1531
1173	1649
1174	1518
1175	1170
1181	1735
1181	2164
1185	1442
1187	1469
1188	1189
1189	1188
1189	1234
1190	1191
1191	1190
1191	1407
1193	1098
1193	1528
1195	1416
1195	1452
1196	1069
1196	1197
1197	1069
1197	1154
1197	1196
1199	1200
1199	1348
1199	1891
1200	1199
1200	1892
1202	1203
1203	1202
1205	1290
1205	1449
1206	1207
1206	1705
1206	1866
1206	2037
1207	1147
1207	1206
1208	1441
1208	1794
1221	1292
1222	1144
1222	1254
1223	1524
1224	1084
1224	1432
1224	1594
1224	1647
1224	1727
1224	1746
1224	1799
1224	2194
1226	1102
1227	1231
1228	813
1228	1231
1229	1254
1229	1478
1229	1524
1230	744
1230	800
1230	1231
1230	1402
1231	1227
1231	1228
1231	1230
1231	1488
1234	1189
1235	1236
1235	1577
1235	1723
1235	1902
1236	1235
1240	1108
1242	1133
1242	1995
1243	1267
1243	1308
1243	1383
1243	1423
1248	412
1248	1913
1249	1106
1249	1256
1250	1501
1253	1304
1254	1222
1254	1229
1255	1762
1256	1249
1257	800
1257	1258
1257	1292
1257	1402
1258	1257
1258	1488
1259	1260
1260	1161
1260	1259
1263	1432
1264	1799
1266	1267
1267	1107
1267	1243
1267	1266
1267	1459
1269	1070
1269	1373
1270	1271
1271	1270
1272	1274
1272	1569
1272	1586
1272	1928
1274	1272
1275	1122
1275	1150
1276	1277
1276	1278
1276	1352
1276	1466
1277	1276
1278	1276
1278	1279
1278	1435
1278	2120
1279	1278
1279	1463
1282	1283
1282	1701
1283	1150
1283	1282
1283	1377
1284	1474
1284	1526
1284	1684
1284	1835
1286	1535
1288	1801
1290	1205
1292	1221
1292	1257
1295	1083
1296	1426
1304	1253
1308	1243
1308	1476
1317	1106
1317	1819
1322	1416
1323	1106
1323	1133
1323	1324
1323	1338
1323	2097
1323	2098
1324	1323
1325	1822
1325	1881
1327	1459
1329	1330
1329	1483
1330	1329
1333	1334
1333	1631
1333	1677
1333	2016
1334	1099
1334	1333
1334	1391
1334	1396
1334	1506
1336	1337
1337	1336
1337	1997
1338	1102
1338	1323
1338	1831
1339	1340
1339	1341
1340	1148
1340	1339
1341	1339
1343	1097
1348	1199
1348	1426
1348	1449
1352	1276
1352	1435
1352	1466
1352	2189
1356	1151
1356	1357
1356	1530
1356	2007
1356	2120
1357	1152
1357	1356
1357	2139
1360	1361
1360	1363
1360	1929
1360	1950
1361	1140
1361	1360
1361	1444
1363	1360
1363	1471
1367	1388
1367	1400
1367	1624
1370	1371
1370	1495
1371	1070
1371	1370
1371	1403
1371	1539
1372	1373
1372	1451
1373	1269
1373	1372
1377	1283
1377	1382
1380	1506
1380	1893
1381	1382
1382	1377
1382	1381
1382	1383
1383	1243
1383	1382
1383	1476
1384	1895
1386	2096
1386	2159
1388	1367
1389	1478
1389	1632
1391	1334
1392	1426
1393	1404
1396	1334
1400	1367
1402	1230
1402	1257
1403	1169
1403	1371
1403	1541
1404	1393
1407	1191
1411	1412
1412	1411
1414	1416
1416	1134
1416	1195
1416	1322
1416	1414
1416	1920
1417	1921
1419	1068
1419	1453
1419	1535
1419	1963
1423	1243
1426	1296
1426	1348
1426	1392
1427	1449
1430	1432
1430	1974
1432	1224
1432	1263
1432	1430
1435	1164
1435	1278
1435	1352
1437	1783
1439	1440
1439	1526
1439	1884
1440	1439
1441	1208
1441	1442
1441	1794
1442	1103
1442	1185
1442	1441
1442	1537
1444	1361
1449	1205
1449	1348
1449	1427
1451	1135
1451	1372
1451	1472
1451	2118
1451	2119
1452	1148
1452	1195
1452	1541
1453	1116
1453	1419
1455	1457
1455	1598
1457	1455
1458	1140
1459	1078
1459	1111
1459	1267
1459	1327
1460	2081
1460	2095
1460	2108
1460	2123
1460	2144
1463	1279
1463	1953
1465	1466
1466	1276
1466	1352
1466	1465
1466	1908
1468	1173
1468	1484
1468	1954
1469	1187
1470	2112
1471	1363
1471	2173
1472	1451
1472	1497
1472	2128
1472	2129
1474	1142
1474	1284
1476	1125
1476	1308
1476	1383
1478	1229
1478	1389
1483	1329
1484	1152
1484	1170
1484	1173
1484	1468
1484	2157
1488	1092
1488	1231
1488	1258
1491	1145
1491	1621
1491	1984
1494	1537
1494	1988
1495	1370
1497	1069
1497	1472
1501	1161
1501	1250
1506	1074
1506	1334
1506	1380
1506	1512
1506	1514
1508	1876
1512	1506
1512	1513
1513	1512
1513	1736
1513	2022
1514	1506
1518	1174
1520	1588
1522	1844
1524	1223
1524	1229
1524	1525
1524	1632
1525	1166
1525	1524
1526	1284
1526	1439
1527	2193
1528	1193
1528	1529
1528	1694
1528	1695
1528	1762
1528	2126
1529	1528
1530	1151
1530	1356
1530	1531
1530	1533
1530	1536
1530	2076
1530	2173
1531	1134
1531	1170
1531	1173
1531	1530
1533	1530
1534	1135
1535	1286
1535	1419
1536	1530
1537	1442
1537	1494
1539	1371
1541	1403
1541	1452
1545	1575
1545	2040
1546	1888
1547	1595
1547	1638
1547	1708
1547	1733
1555	1561
1555	1841
1561	1555
1561	1819
1563	1689
1563	1787
1563	1857
1564	1569
1564	1950
1566	1069
1566	1567
1566	1568
1567	1566
1568	1566
1569	1272
1569	1564
1571	1728
1571	1881
1573	1102
1573	1574
1574	1573
1574	2115
1575	1545
1575	1685
1577	1235
1577	1631
1581	1112
1581	1582
1582	1581
1582	1764
1583	1691
1583	1918
1584	1855
1584	2000
1584	2012
1585	1721
1586	1272
1586	1928
1588	1520
1594	1224
1595	1547
1597	1598
1598	1455
1598	1597
1600	1601
1600	1922
1600	2097
1600	2098
1601	1600
1601	1838
1601	1972
1602	2001
1602	2151
1604	1648
1604	1823
1605	1132
1605	1699
1605	1820
1606	1645
1610	1134
1615	1071
1615	1659
1617	1620
1617	1700
1618	1902
1619	1140
1620	1140
1620	1617
1620	1700
1621	1491
1621	1948
1624	1367
1625	1063
1625	2004
1631	1333
1631	1577
1632	1389
1632	1524
1633	1848
1633	1964
1635	1667
1635	1703
1636	1738
1636	1824
1638	1547
1638	1930
1640	1804
1642	1689
1642	1804
1643	1699
1645	1606
1647	1224
1648	1604
1648	1807
1649	1173
1649	1752
1649	1954
1650	1788
1650	2015
1651	1795
1651	1797
1654	1752
1659	1615
1660	1827
1660	1892
1661	1820
1664	2163
1665	1862
1665	1915
1666	1105
1666	1667
1667	1635
1667	1666
1677	1098
1677	1333
1682	1929
1683	1778
1684	1284
1685	1575
1685	1878
1685	1915
1689	1563
1689	1642
1689	1857
1690	1691
1690	2097
1691	1583
1691	1690
1691	1918
1694	1528
1695	1528
1698	1776
1698	1982
1699	1605
1699	1643
1699	1776
1700	1617
1700	1620
1701	1282
1703	1635
1703	1780
1703	1841
1705	1206
1705	1853
1708	1547
1708	1795
1710	1830
1713	1098
1713	1843
1713	2194
1717	2136
1719	1849
1721	1585
1721	1722
1721	1930
1722	1721
1723	1235
1724	1795
1727	1224
1727	1778
1728	1571
1733	1547
1733	2052
1735	1181
1736	1157
1736	1513
1737	1738
1738	1636
1738	1737
1739	1785
1741	1743
1741	2025
1742	1743
1742	2162
1743	1741
1743	1742
1746	1224
1747	2008
1747	2183
1749	1157
1749	1822
1752	1649
1752	1654
1752	2157
1755	2080
1758	1782
1759	1782
1762	1255
1762	1528
1764	1582
1772	1878
1772	2052
1776	1698
1776	1699
1777	1849
1778	1683
1778	1727
1779	1848
1780	1703
1780	1947
1782	1758
1782	1759
1783	1437
1785	1739
1785	1910
1787	1563
1788	1650
1794	1208
1794	1441
1794	1796
1795	1651
1795	1708
1795	1724
1795	1796
1795	1976
1796	1794
1796	1795
1797	1651
1799	1224
1799	1264
1801	1288
1801	1996
1804	1640
1804	1642
1807	1648
1807	2163
1808	1839
1812	1851
1815	2023
1817	2149
1817	2150
1819	1317
1819	1561
1820	1605
1820	1661
1822	1325
1822	1749
1823	1604
1823	1964
1824	1636
1827	1660
1828	2006
1830	1130
1830	1710
1831	1338
1831	1838
1831	2155
1832	1930
1835	1284
1838	1601
1838	1831
1839	1808
1841	1555
1841	1703
1842	2070
1842	2079
1842	2122
1843	1713
1843	1981
1844	1522
1844	2156
1848	1633
1848	1779
1849	1719
1849	1777
1851	1812
1853	1705
1855	1584
1855	2000
1857	1563
1857	1689
1858	2023
1862	1665
1862	2039
1863	1127
1863	1933
1866	1206
1876	1508
1877	1106
1878	1685
1878	1772
1881	1325
1881	1571
1884	1439
1888	1546
1891	1199
1892	1200
1892	1660
1893	1380
1893	1917
1893	2030
1895	1384
1898	2088
1899	1958
1902	1235
1902	1618
1908	1466
1910	1785
1910	1978
1913	1248
1915	1665
1915	1685
1917	1893
1917	1999
1918	1583
1918	1691
1920	1416
1921	1417
1922	1600
1922	2119
1922	2151
1927	1977
1927	2080
1928	1272
1928	1586
1928	2003
1929	1360
1929	1682
1930	1638
1930	1721
1930	1832
1930	2196
1933	1863
1933	1934
1933	1944
1934	1933
1936	1937
1937	1936
1944	1933
1945	2089
1945	2098
1947	1780
1948	1105
1948	1621
1950	1360
1950	1564
1953	1463
1953	2056
1953	2186
1954	1468
1954	1649
1956	1120
1956	1160
1958	1899
1963	1419
1964	1633
1964	1823
1965	1966
1966	1965
1969	1067
1969	1970
1970	1969
1971	1991
1972	1601
1973	2009
1973	2010
1974	1430
1976	1795
1977	1927
1977	2051
1978	1910
1978	2175
1981	1843
1982	1698
1984	1491
1985	2078
1988	1494
1991	1971
1995	1242
1996	1801
1996	2049
1997	1337
1999	1917
1999	2026
2000	1584
2000	1855
2001	1602
2003	1928
2004	1625
2005	2010
2006	1828
2007	1356
2008	1747
2009	1973
2010	1973
2010	2005
2012	1584
2015	1650
2016	1333
2022	1513
2023	1815
2023	1858
2024	2025
2025	1741
2025	2024
2026	1999
2028	1071
2030	1893
2032	2033
2032	2041
2033	2032
2037	1206
2039	1862
2039	2040
2040	1545
2040	2039
2041	2032
2044	2045
2045	2044
2049	1996
2051	1977
2052	1733
2052	1772
2054	2089
2054	2119
2054	2151
2056	1953
2056	2084
2057	2059
2059	2057
2065	2097
2066	2186
2070	1842
2070	2101
2076	1530
2078	1985
2079	1842
2079	2095
2080	1755
2080	1927
2081	1460
2084	2056
2084	2085
2085	2084
2088	1898
2089	1945
2089	2054
2089	2129
2090	2144
2092	1160
2095	1460
2095	2079
2096	1093
2096	1386
2096	2135
2097	1323
2097	1600
2097	1690
2097	2065
2098	1323
2098	1600
2098	1945
2101	2070
2101	2122
2103	2145
2103	2157
2108	1460
2112	1470
2112	2164
2115	1574
2118	1451
2118	2151
2119	1451
2119	1922
2119	2054
2120	1278
2120	1356
2122	1842
2122	2101
2123	1460
2126	1528
2128	1472
2129	1472
2129	2089
2131	2145
2132	2145
2135	1093
2135	2096
2136	1717
2136	2156
2139	1357
2144	1460
2144	2090
2145	2103
2145	2131
2145	2132
2146	2147
2147	2146
2149	1817
2149	2150
2150	1817
2150	2149
2151	1602
2151	1922
2151	2054
2151	2118
2155	1831
2156	1844
2156	2136
2157	1484
2157	1752
2157	2103
2159	1386
2159	2169
2160	2162
2162	1742
2162	2160
2163	1664
2163	1807
2164	1181
2164	2112
2169	2159
2171	2192
2172	2192
2173	1471
2173	1530
2174	2175
2175	1978
2175	2174
2182	2197
2183	1747
2186	1953
2186	2066
2189	1164
2189	1352
2192	2171
2192	2172
2193	1527
2194	1224
2194	1713
2196	1930
2197	2182
2199	2200
2200	2199
2200	2201
2201	2200
2205	2211
2207	802
2207	2213
2209	2412
2211	2205
2211	2212
2212	2211
2212	2213
2213	395
2213	2207
2213	2212
2214	2396
2214	4897
2219	2244
2219	2397
2220	2229
2221	2222
2221	2261
2221	2295
2221	2402
2221	2403
2221	2405
2222	2221
2222	2229
2222	2321
2227	2230
2227	2359
2229	2220
2229	2222
2230	2227
2231	396
2231	2317
2231	2347
2231	2357
2233	2305
2233	2361
2233	2409
2234	2360
2240	2325
2240	2366
2242	2249
2242	2355
2244	2219
2245	2315
2245	2421
2246	2388
2246	2420
2248	2249
2248	4536
2249	2242
2249	2248
2249	2251
2249	2252
2249	2253
2249	2370
2249	2412
2249	4573
2251	2249
2252	2249
2253	2249
2253	2311
2254	2281
2254	2379
2255	2327
2258	2262
2260	2262
2261	2221
2262	2258
2262	2260
2266	2272
2268	2271
2268	2382
2271	2268
2272	2266
2272	2334
2274	2372
2281	2254
2285	2331
2285	2392
2289	2341
2289	2382
2293	2348
2293	2367
2295	2221
2295	2405
2299	2300
2300	2299
2303	2348
2304	790
2305	2233
2307	2330
2309	2383
2309	2388
2311	2253
2311	2346
2315	2245
2317	2231
2317	2370
2320	2321
2321	2222
2321	2320
2321	2323
2323	2321
2325	2240
2325	2358
2325	2406
2327	2255
2327	2328
2327	2352
2327	2420
2328	2327
2328	2383
2330	2307
2330	2405
2331	2285
2331	2392
2334	2272
2337	2357
2337	2404
2339	2388
2339	2419
2341	2289
2341	2382
2342	2363
2342	4035
2345	2346
2346	2311
2346	2345
2347	2231
2348	2293
2348	2303
2352	2327
2352	2388
2353	2382
2353	2388
2355	2242
2355	2411
2355	4634
2356	2402
2357	2231
2357	2337
2358	2325
2358	2371
2359	2227
2360	2234
2360	2362
2361	2233
2362	2360
2362	2363
2363	2342
2363	2362
2363	2365
2365	2363
2366	2240
2367	2293
2370	2249
2370	2317
2371	2358
2372	2274
2374	2378
2378	2374
2378	2379
2379	2254
2379	2378
2381	2382
2382	2268
2382	2289
2382	2341
2382	2353
2382	2381
2382	2383
2382	2384
2382	2395
2382	2398
2382	2419
2383	2309
2383	2328
2383	2382
2384	2382
2388	2246
2388	2309
2388	2339
2388	2352
2388	2353
2390	2395
2392	2285
2392	2331
2392	2394
2392	2405
2394	2392
2395	2382
2395	2390
2396	2214
2397	2219
2397	2398
2397	2399
2397	2400
2398	2382
2398	2397
2399	2397
2400	2397
2402	2221
2402	2356
2403	2221
2404	2337
2405	2221
2405	2295
2405	2330
2405	2392
2406	2325
2409	2233
2409	2410
2409	4552
2409	4632
2409	4753
2410	2409
2411	2355
2412	2209
2412	2249
2417	777
2417	790
2419	2339
2419	2382
2420	2246
2420	2327
2421	2245
2421	2422
2422	2421
2423	4491
2423	4563
2424	2425
2425	2424
2425	2459
2426	2485
2426	2655
2427	2730
2428	2586
2429	2617
2431	2432
2432	2431
2434	2524
2434	2619
2434	2624
2434	2662
2434	2698
2434	2701
2434	2702
2438	2439
2439	2438
2439	2449
2439	2529
2439	2596
2439	2631
2439	2633
2439	2639
2439	2683
2439	2885
2439	2991
2440	4129
2440	4458
2444	2681
2444	2685
2444	2707
2444	2956
2444	3094
2445	2604
2445	2685
2445	2708
2446	2502
2446	2559
2449	2439
2449	2687
2449	3189
2450	2451
2450	2576
2450	2717
2451	2450
2453	2454
2454	2453
2454	2560
2454	2586
2454	2697
2459	2425
2459	2599
2461	2586
2463	2654
2463	2991
2464	2486
2464	2712
2465	2716
2465	2717
2465	2939
2465	3244
2465	3279
2466	2717
2467	2717
2469	2596
2469	2639
2469	2723
2472	2493
2472	3216
2473	2477
2475	2503
2477	2473
2483	2559
2485	2426
2485	2496
2485	2548
2485	2561
2485	2741
2485	2743
2485	2764
2485	2958
2486	2464
2486	2528
2486	2743
2487	2617
2488	2576
2488	2989
2488	3214
2488	3252
2493	2472
2493	3014
2493	3224
2495	2761
2495	2762
2496	2485
2497	2595
2497	2769
2497	3172
2498	2513
2498	2769
2502	2446
2502	2503
2502	2552
2502	3226
2502	3227
2503	2475
2503	2502
2503	2611
2504	2604
2505	2783
2505	3049
2506	2622
2506	2777
2506	2802
2509	2511
2511	2509
2513	2498
2513	2795
2516	2517
2517	2516
2520	2533
2520	2595
2521	2559
2523	2611
2524	2434
2524	2586
2524	2813
2527	2561
2527	2789
2528	2486
2528	2606
2528	2612
2529	2439
2529	3186
2530	2579
2530	2918
2532	2612
2533	2520
2533	2534
2533	2595
2533	2765
2533	2821
2533	2823
2533	3179
2534	2533
2534	2564
2534	2659
2534	2821
2534	2823
2535	2536
2536	2535
2536	2629
2536	2701
2537	2548
2537	2841
2537	3055
2539	2606
2540	2828
2546	2548
2547	2548
2548	2485
2548	2537
2548	2546
2548	2547
2548	2848
2548	2958
2548	3055
2550	2561
2550	2854
2552	2502
2553	2721
2553	2801
2553	2809
2553	2843
2553	2845
2553	2871
2553	2908
2553	2922
2553	2971
2553	3096
2553	3128
2553	3149
2559	2446
2559	2483
2559	2521
2559	3242
2559	3243
2560	2454
2560	2604
2561	2485
2561	2527
2561	2550
2561	2883
2564	2534
2564	2658
2565	2817
2565	2941
2566	2567
2567	2566
2567	2941
2573	2899
2574	2692
2574	2812
2574	3097
2574	3281
2576	2450
2576	2488
2576	2989
2576	3205
2577	3014
2577	3247
2579	2530
2579	2580
2580	2579
2584	2596
2584	2608
2584	2908
2586	2428
2586	2454
2586	2461
2586	2524
2586	2604
2586	2911
2595	2497
2595	2520
2595	2533
2595	3157
2595	3179
2596	2439
2596	2469
2596	2584
2596	2918
2596	2928
2598	2599
2599	2459
2599	2598
2604	2445
2604	2504
2604	2560
2604	2586
2604	2953
2604	2955
2604	2956
2605	2606
2605	2618
2605	2953
2606	2528
2606	2539
2606	2605
2606	2612
2606	2618
2606	2960
2608	2584
2608	2624
2608	2790
2608	2960
2608	3060
2611	2503
2611	2523
2611	2612
2611	3288
2611	3289
2612	2528
2612	2532
2612	2606
2612	2611
2614	2617
2614	2970
2617	2429
2617	2487
2617	2614
2617	2637
2617	2885
2617	2973
2618	2605
2618	2606
2619	2434
2619	2976
2620	2789
2620	2978
2621	4265
2622	2506
2622	2638
2622	2702
2622	2993
2624	2434
2624	2608
2624	2980
2629	2536
2629	2986
2631	2439
2631	2634
2631	3283
2633	2439
2634	2631
2635	2638
2637	2617
2638	2622
2638	2635
2639	2439
2639	2469
2640	2965
2643	3212
2646	3254
2649	3273
2649	3274
2650	3288
2650	3289
2654	2463
2654	3019
2655	2426
2655	2740
2655	3178
2658	2564
2658	2667
2659	2534
2659	2759
2662	2434
2662	2684
2662	2705
2662	2813
2662	2819
2662	2837
2662	2944
2662	2959
2662	2969
2662	3104
2667	2658
2670	2795
2670	3008
2674	2710
2674	2890
2678	2942
2679	2680
2680	2679
2680	2984
2681	2444
2683	2439
2684	2662
2684	2813
2685	2444
2685	2445
2685	2686
2686	2685
2686	2778
2686	3003
2687	2449
2687	2846
2687	3050
2688	3090
2690	2691
2691	2690
2691	2837
2691	2891
2691	2942
2692	2574
2692	3145
2692	3180
2694	2921
2694	3021
2694	3029
2695	2979
2697	2454
2697	2881
2697	3093
2697	3134
2697	3270
2698	2434
2698	2699
2699	2698
2701	2434
2701	2536
2702	2434
2702	2622
2704	3103
2705	2662
2707	2444
2708	2445
2710	2674
2710	3199
2712	2464
2715	2971
2715	2978
2715	3057
2716	2465
2716	3244
2716	3279
2717	2450
2717	2465
2717	2466
2717	2467
2717	2720
2717	3158
2720	2717
2721	2553
2721	2723
2722	2757
2722	2880
2722	2889
2722	2973
2723	2469
2723	2721
2723	2846
2725	2726
2725	3061
2726	2725
2726	3061
2730	2427
2730	2732
2732	2730
2736	2737
2736	2806
2736	3010
2737	2736
2737	2779
2737	3193
2739	2740
2739	2741
2740	2655
2740	2739
2740	2883
2740	2932
2741	2485
2741	2739
2741	2742
2742	2741
2743	2485
2743	2486
2747	3082
2754	3089
2757	2722
2757	2889
2759	2659
2761	2495
2762	2495
2764	2485
2764	2765
2765	2533
2765	2764
2769	2497
2769	2498
2769	2770
2770	2769
2771	2772
2771	2780
2771	2781
2772	2771
2774	3003
2777	2506
2778	2686
2779	2737
2779	2838
2779	2839
2780	2771
2780	2781
2780	3011
2781	2771
2781	2780
2781	2967
2781	2968
2781	3001
2781	3009
2783	2505
2789	2527
2789	2620
2790	2608
2795	2513
2795	2670
2796	2839
2796	3026
2801	2553
2801	2922
2802	2506
2806	2736
2806	3010
2806	3238
2809	2553
2809	2843
2812	2574
2813	2524
2813	2662
2813	2684
2813	2976
2813	3079
2813	3116
2814	2967
2814	2977
2814	2983
2817	2565
2817	2818
2818	2817
2819	2662
2819	2837
2819	2866
2819	2944
2819	2959
2819	3131
2820	2865
2820	2952
2821	2533
2821	2534
2823	2533
2823	2534
2823	2824
2824	2823
2828	2540
2829	2834
2830	2835
2834	2829
2835	2830
2837	2662
2837	2691
2837	2819
2837	2944
2837	2969
2837	3104
2837	3131
2838	2779
2838	2839
2838	3228
2839	2779
2839	2796
2839	2838
2839	3250
2840	2883
2841	2537
2841	2932
2841	2935
2843	2553
2843	2809
2843	2908
2843	3096
2845	2553
2845	2971
2846	2687
2846	2723
2846	2862
2846	3213
2848	2548
2851	2914
2851	3126
2851	3130
2851	3156
2854	2550
2862	2846
2862	2863
2863	2862
2865	2820
2865	2952
2866	2819
2866	2959
2871	2553
2871	2877
2877	2871
2879	2881
2879	3117
2880	2722
2880	2889
2880	2998
2880	3095
2880	3230
2881	2697
2881	2879
2881	3117
2883	2561
2883	2740
2883	2840
2883	2986
2883	3153
2884	3058
2884	3146
2885	2439
2885	2617
2889	2722
2889	2757
2889	2880
2890	2674
2891	2691
2891	2942
2893	3245
2897	3023
2899	2573
2908	2553
2908	2584
2908	2843
2908	2918
2908	3096
2911	2586
2914	2851
2914	3156
2914	3280
2918	2530
2918	2596
2918	2908
2918	2926
2918	2928
2919	3167
2921	2694
2922	2553
2922	2801
2922	3051
2924	2938
2926	2918
2926	2929
2928	2596
2928	2918
2928	3164
2929	2926
2931	3047
2932	2740
2932	2841
2932	2935
2932	3020
2932	3174
2935	2841
2935	2932
2938	2924
2939	2465
2939	3169
2939	3223
2939	4024
2941	2565
2941	2567
2941	3170
2942	2678
2942	2691
2942	2891
2943	2980
2944	2662
2944	2819
2944	2837
2944	2945
2944	3131
2945	2944
2949	2950
2950	2949
2951	2997
2952	2820
2952	2865
2952	3265
2953	2604
2953	2605
2953	2954
2954	2953
2955	2604
2955	2956
2956	2444
2956	2604
2956	2955
2956	3094
2958	2485
2958	2548
2959	2662
2959	2819
2959	2866
2959	3063
2959	3109
2959	3121
2959	3161
2960	2606
2960	2608
2960	2961
2961	2960
2965	2640
2967	2781
2967	2814
2967	2968
2967	3011
2968	2781
2968	2967
2969	2662
2969	2837
2969	3104
2970	2614
2970	3132
2971	2553
2971	2715
2971	2845
2971	2978
2973	2617
2973	2722
2976	2619
2976	2813
2977	2814
2977	2983
2977	3203
2977	3267
2978	2620
2978	2715
2978	2971
2978	3192
2979	2695
2980	2624
2980	2943
2983	2814
2983	2977
2984	2680
2984	2985
2984	2990
2985	2984
2986	2629
2986	2883
2986	3153
2988	2990
2989	2488
2989	2576
2990	2984
2990	2988
2991	2439
2991	2463
2991	3196
2993	2622
2993	3118
2993	3119
2997	2951
2997	3211
2998	2880
2998	3230
3001	2781
3001	3143
3003	2686
3003	2774
3006	3007
3007	3006
3007	3247
3008	2670
3008	3209
3008	3269
3009	2781
3009	3165
3010	2736
3010	2806
3010	3238
3011	2780
3011	2967
3013	3014
3014	2493
3014	2577
3014	3013
3019	2654
3020	2932
3020	3174
3021	2694
3023	2897
3026	2796
3029	2694
3030	3128
3030	3129
3031	3101
3046	3047
3046	3073
3046	3135
3047	2931
3047	3046
3049	2505
3050	2687
3051	2922
3055	2537
3055	2548
3057	2715
3058	2884
3060	2608
3061	2725
3061	2726
3063	2959
3063	3109
3065	3159
3065	3186
3069	3070
3069	3167
3070	3069
3070	3073
3070	3089
3071	3137
3071	3201
3072	3073
3072	3166
3073	3046
3073	3070
3073	3072
3079	2813
3079	3116
3082	2747
3082	3101
3089	2754
3089	3070
3090	2688
3090	3101
3092	3127
3092	3128
3093	2697
3094	2444
3094	2956
3095	2880
3096	2553
3096	2843
3096	2908
3097	2574
3097	3281
3101	3031
3101	3082
3101	3090
3103	2704
3104	2662
3104	2837
3104	2969
3109	2959
3109	3063
3116	2813
3116	3079
3117	2879
3117	2881
3117	3246
3118	2993
3118	3119
3119	2993
3119	3118
3121	2959
3121	3161
3123	3128
3124	3128
3126	2851
3126	3130
3127	3092
3127	3128
3127	3129
3128	2553
3128	3030
3128	3092
3128	3123
3128	3124
3128	3127
3128	3129
3128	3149
3129	3030
3129	3127
3129	3128
3130	2851
3130	3126
3131	2819
3131	2837
3131	2944
3132	2970
3134	2697
3134	3270
3135	3046
3137	3071
3139	3156
3143	3001
3145	2692
3145	3180
3146	2884
3149	2553
3149	3128
3153	2883
3153	2986
3156	2851
3156	2914
3156	3139
3157	2595
3158	2717
3159	3065
3159	3186
3160	3174
3161	2959
3161	3121
3164	2928
3165	3009
3166	3072
3167	2919
3167	3069
3169	2939
3170	2941
3171	3286
3172	2497
3174	2932
3174	3020
3174	3160
3178	2655
3179	2533
3179	2595
3180	2692
3180	3145
3185	3186
3186	2529
3186	3065
3186	3159
3186	3185
3189	2449
3192	2978
3193	2737
3196	2991
3199	2710
3201	3071
3203	2977
3205	2576
3209	3008
3209	3269
3211	2997
3212	2643
3213	2846
3214	2488
3214	3252
3216	2472
3223	2939
3224	2493
3226	2502
3227	2502
3228	2838
3230	2880
3230	2998
3238	2806
3238	3010
3242	2559
3243	2559
3244	2465
3244	2716
3244	3279
3245	2893
3246	3117
3247	2577
3247	3007
3250	2839
3252	2488
3252	3214
3254	2646
3265	2952
3267	2977
3269	3008
3269	3209
3270	2697
3270	3134
3273	2649
3274	2649
3279	2465
3279	2716
3279	3244
3280	2914
3281	2574
3281	3097
3283	2631
3285	3286
3286	3171
3286	3285
3288	2611
3288	2650
3288	3290
3289	2611
3289	2650
3289	3291
3290	3288
3291	3289
3293	3488
3293	3593
3296	3325
3296	3433
3296	3506
3296	3568
3301	3622
3302	3631
3302	3672
3303	3468
3305	3468
3306	3467
3307	3344
3307	3420
3307	3469
3307	3470
3307	3627
3307	3652
3312	3333
3312	3351
3312	3359
3312	3484
3312	3593
3312	3632
3312	3697
3320	3542
3320	3546
3320	3547
3320	3607
3322	3323
3322	4830
3323	3322
3323	3331
3323	3345
3325	3296
3325	3572
3326	3576
3331	3323
3331	3697
3331	4831
3332	3333
3332	3616
3333	3312
3333	3332
3334	3629
3334	4759
3337	3349
3337	3628
3337	3672
3337	4865
3344	3307
3344	3648
3345	3323
3345	3403
3345	3622
3345	4888
3347	3349
3347	3402
3347	3661
3349	3337
3349	3347
3349	3663
3350	3674
3350	3688
3350	3700
3350	3701
3351	3312
3351	3561
3351	3598
3351	3674
3352	3361
3352	3365
3352	3612
3352	3652
3352	4582
3354	3355
3355	3354
3355	3432
3355	3715
3356	3357
3356	3590
3356	3683
3357	3356
3359	3312
3359	3466
3361	3352
3364	3579
3365	3352
3369	4875
3372	4878
3374	3431
3375	3431
3378	3379
3378	3380
3378	4478
3379	3378
3380	3378
3381	4850
3385	4850
3387	4878
3396	3656
3397	3656
3400	3401
3400	3534
3400	3609
3401	3400
3401	3402
3401	3554
3401	3686
3402	3347
3402	3401
3403	3345
3403	3748
3406	3410
3410	3406
3410	3666
3410	3677
3414	3551
3415	3468
3417	3431
3418	3565
3418	3676
3419	3627
3420	3307
3420	3532
3423	3425
3425	3423
3427	3623
3431	3374
3431	3375
3431	3417
3431	3610
3431	3695
3432	3355
3432	3695
3433	3296
3433	3657
3442	3444
3442	3614
3444	3442
3445	3447
3447	3445
3449	3710
3466	3359
3467	3306
3467	3468
3467	3527
3467	3620
3468	3303
3468	3305
3468	3415
3468	3467
3468	3469
3468	3470
3468	3526
3468	3592
3468	3614
3469	3307
3469	3468
3470	3307
3470	3468
3476	3710
3483	3739
3484	3312
3484	3684
3488	3293
3488	3498
3490	3491
3491	3490
3491	3675
3491	3727
3492	3650
3494	3499
3494	3501
3494	3734
3498	3488
3498	3515
3498	3627
3499	3494
3501	3494
3505	3506
3506	3296
3506	3505
3506	3616
3511	3738
3514	3550
3514	3551
3514	3700
3514	3701
3515	3498
3517	3520
3518	3666
3520	3517
3522	3571
3522	3739
3524	3525
3525	3524
3526	3468
3526	3665
3527	3467
3532	3420
3532	3670
3534	3400
3535	3717
3536	3703
3537	3746
3541	3604
3541	3653
3541	3667
3542	3320
3542	3562
3542	3717
3543	4862
3544	3556
3546	3320
3547	3320
3550	3514
3551	3414
3551	3514
3553	1
3553	3675
3554	3401
3555	3605
3555	3609
3556	3544
3559	3579
3561	3351
3562	3542
3562	3744
3565	3418
3565	3675
3568	3296
3568	3577
3571	3522
3572	3325
3572	3589
3572	3657
3575	3589
3576	3326
3576	3577
3576	3578
3576	3718
3577	3568
3577	3576
3578	3576
3579	3364
3579	3559
3581	3654
3585	3726
3586	1
3589	3572
3589	3575
3590	3356
3590	3624
3592	3468
3592	3662
3593	3293
3593	3312
3595	3727
3598	3351
3600	3738
3604	3541
3605	3555
3605	3606
3606	3605
3607	3320
3607	3736
3609	3400
3609	3555
3609	3661
3610	3431
3612	3352
3614	3442
3614	3468
3616	3332
3616	3506
3619	3705
3620	3467
3621	3732
3622	3301
3622	3345
3623	3427
3624	3590
3627	3307
3627	3419
3627	3498
3628	3337
3629	3334
3629	3741
3630	3631
3631	3302
3631	3630
3632	3312
3635	3721
3639	3656
3642	4885
3648	3344
3650	3492
3652	3307
3652	3352
3653	3541
3654	3581
3656	3396
3656	3397
3656	3639
3657	3433
3657	3572
3661	3347
3661	3609
3661	3682
3662	3592
3663	3349
3665	3526
3666	3410
3666	3518
3667	3541
3667	3745
3670	3532
3672	3302
3672	3337
3674	3350
3674	3351
3675	3491
3675	3553
3675	3565
3675	3699
3676	3418
3677	3410
3682	3661
3683	3356
3684	3484
3686	3401
3688	3350
3695	3431
3695	3432
3696	3697
3697	3312
3697	3331
3697	3696
3699	3675
3700	3350
3700	3514
3701	3350
3701	3514
3703	3536
3704	3705
3705	3619
3705	3704
3710	3449
3710	3476
3715	3355
3717	3535
3717	3542
3718	3576
3721	3635
3726	3585
3727	3491
3727	3595
3732	3621
3734	3494
3736	3607
3738	3511
3738	3600
3739	3483
3739	3522
3741	3629
3744	3562
3745	3667
3746	3537
3748	3403
3750	3793
3751	3793
3752	3773
3753	3754
3753	3755
3753	3774
3754	3753
3754	3784
3755	3753
3756	3757
3757	3756
3757	3792
3763	3765
3763	3789
3763	3946
3763	4199
3765	3763
3770	113
3770	3782
3771	3783
3771	3825
3771	3847
3773	3752
3773	3795
3774	3753
3775	3792
3775	3809
3775	3921
3775	3922
3780	3790
3782	3770
3782	3870
3783	3771
3783	3784
3783	3785
3783	3842
3783	3868
3783	3879
3784	3754
3784	3783
3784	3785
3785	3783
3785	3784
3785	3787
3785	3798
3785	4199
3787	3785
3787	3789
3789	3763
3789	3787
3789	3895
3790	3780
3792	3757
3792	3775
3792	3922
3793	3750
3793	3751
3793	3794
3793	3904
3794	3793
3794	3795
3795	3773
3795	3794
3798	3785
3798	3940
3798	3941
3801	3918
3805	3864
3807	3901
3808	3875
3809	3775
3809	3857
3809	3921
3811	3831
3811	3864
3812	3898
3814	3831
3814	3908
3817	3889
3818	3880
3824	3825
3824	3842
3825	3771
3825	3824
3826	3908
3826	3918
3831	3811
3831	3814
3832	3833
3833	3832
3838	3862
3838	3906
3842	3783
3842	3824
3846	3847
3847	3771
3847	3846
3847	3859
3848	3895
3848	3927
3850	3851
3851	3850
3855	3912
3857	3809
3858	3859
3859	3847
3859	3858
3859	3868
3862	3838
3862	3901
3864	3805
3864	3811
3865	3866
3865	3904
3866	3865
3866	3904
3866	3906
3867	3895
3868	3783
3868	3859
3869	3870
3870	3782
3870	3869
3875	3808
3875	3878
3875	3892
3877	3916
3878	3875
3878	3904
3879	3783
3880	3818
3880	3925
3881	3916
3884	3904
3887	3888
3888	3887
3888	3909
3889	3817
3892	3875
3892	3938
3895	3789
3895	3848
3895	3867
3895	3900
3895	3927
3897	3898
3897	3923
3898	3812
3898	3897
3898	3918
3900	3895
3901	3807
3901	3862
3901	3925
3904	3793
3904	3865
3904	3866
3904	3878
3904	3884
3906	3838
3906	3866
3908	3814
3908	3826
3908	3925
3909	3888
3912	3855
3913	3922
3916	3877
3916	3881
3916	3917
3917	3916
3918	3801
3918	3826
3918	3898
3921	3775
3921	3809
3922	3775
3922	3792
3922	3913
3923	3897
3923	3924
3924	3923
3925	3880
3925	3901
3925	3908
3927	3848
3927	3895
3938	3892
3940	3798
3941	3798
3946	3763
3948	3956
3949	3950
3949	3998
3950	3949
3950	3975
3953	3983
3953	4000
3954	3966
3954	3995
3954	4062
3954	4064
3955	4055
3955	4056
3956	3948
3956	3957
3956	3963
3957	3956
3957	3965
3957	3989
3957	4008
3957	4031
3958	3959
3958	3999
3958	4016
3959	3958
3959	4008
3959	4011
3960	3962
3960	4034
3962	3960
3962	4004
3962	4047
3963	3956
3963	3999
3965	3957
3965	4002
3966	3954
3966	3985
3966	4041
3966	4063
3966	4064
3970	3972
3972	3970
3972	3992
3972	4005
3975	3950
3975	3994
3981	3983
3983	3953
3983	3981
3983	4000
3985	3966
3985	3986
3985	3987
3986	3985
3986	4078
3987	3985
3989	3957
3990	3991
3990	4025
3991	3990
3991	4003
3992	3972
3992	4013
3992	4021
3994	3975
3994	4068
3995	3954
3995	4065
3996	4016
3998	3949
3998	4050
3999	3958
3999	3963
4000	3953
4000	3983
4000	4001
4000	4020
4000	4029
4001	4000
4002	3965
4002	4020
4002	4047
4003	3991
4003	4034
4004	3962
4004	4036
4005	3972
4007	4049
4007	4056
4008	3957
4008	3959
4011	3959
4013	3992
4014	4029
4015	4025
4015	4058
4016	3958
4016	3996
4020	4000
4020	4002
4021	3992
4024	2939
4025	3990
4025	4015
4029	4000
4029	4014
4029	4031
4031	3957
4031	4029
4034	3960
4034	4003
4034	4057
4035	2342
4036	4004
4041	3966
4041	4042
4041	4043
4041	4066
4042	4041
4043	4041
4047	3962
4047	4002
4049	4007
4050	3998
4051	4052
4052	4051
4052	4069
4054	4055
4055	3955
4055	4054
4056	3955
4056	4007
4057	4034
4057	4058
4058	4015
4058	4057
4062	3954
4063	3966
4064	3954
4064	3966
4065	3995
4065	4066
4066	4041
4066	4065
4068	3994
4069	4052
4069	4105
4073	4075
4073	4076
4075	4073
4076	4073
4078	3986
4082	4084
4083	4084
4084	4082
4084	4083
4084	4090
4088	4299
4090	4084
4090	4121
4090	4217
4091	4092
4092	4091
4092	4116
4092	4189
4092	4208
4095	4105
4097	4136
4097	4222
4097	4245
4098	4281
4098	4283
4102	4151
4105	4069
4105	4095
4110	4121
4110	4138
4110	4243
4111	4173
4111	4201
4114	4320
4115	4187
4115	4211
4116	4092
4118	4159
4120	108
4120	4164
4120	4179
4121	4090
4121	4110
4121	4143
4121	4150
4121	4202
4127	4128
4127	4252
4128	4127
4128	4186
4128	4201
4129	2440
4129	4324
4130	4131
4131	4130
4132	4133
4133	4132
4133	4211
4136	4097
4136	4222
4137	4138
4137	4238
4138	4110
4138	4137
4138	4162
4139	4151
4139	4175
4140	4143
4143	4121
4143	4140
4145	526
4150	4121
4150	4202
4151	4102
4151	4139
4151	4152
4151	4209
4151	4215
4152	4151
4152	4165
4155	4258
4159	4118
4161	4162
4161	4251
4162	4138
4162	4161
4162	4193
4164	570
4164	4120
4164	4174
4164	4179
4164	4207
4165	4152
4165	4288
4167	4169
4169	4167
4170	4171
4171	4170
4171	4204
4173	474
4173	4111
4174	4164
4174	4207
4175	4139
4175	4280
4177	4179
4178	4179
4179	842
4179	4120
4179	4164
4179	4177
4179	4178
4181	4295
4181	4296
4181	4297
4181	4298
4186	4128
4187	4115
4187	4203
4187	4211
4187	4218
4189	4092
4189	4214
4190	4193
4191	4193
4192	4193
4193	4162
4193	4190
4193	4191
4193	4192
4193	4234
4197	4199
4198	4199
4199	3763
4199	3785
4199	4197
4199	4198
4199	4202
4201	4111
4201	4128
4202	4121
4202	4150
4202	4199
4202	4304
4203	4187
4203	4236
4203	4256
4203	4262
4204	4171
4204	4286
4204	4287
4205	4218
4207	4164
4207	4174
4208	4092
4209	4151
4209	4311
4211	4115
4211	4133
4211	4187
4214	4189
4214	4264
4215	4151
4215	4216
4216	4215
4217	4090
4218	4187
4218	4205
4222	4097
4222	4136
4234	4193
4236	4203
4237	4243
4238	4137
4243	4110
4243	4237
4245	4097
4250	4265
4251	4161
4252	4127
4255	4264
4256	4203
4258	4155
4262	4203
4263	4264
4264	4214
4264	4255
4264	4263
4265	2621
4265	4250
4280	4175
4281	4098
4283	4098
4286	4204
4287	4204
4288	4165
4295	4181
4296	4181
4297	4181
4298	4181
4299	4088
4299	4319
4304	4202
4311	4209
4319	4299
4320	4114
4324	4129
4327	4342
4327	4387
4327	4392
4327	4410
4329	4377
4332	4335
4332	4336
4332	4347
4332	4385
4332	4391
4332	4398
4332	4400
4333	4355
4333	4357
4333	4359
4333	4383
4333	4391
4335	4332
4335	4347
4335	4398
4336	4332
4336	4342
4336	4345
4336	4346
4336	4347
4336	4361
4341	321
4341	4374
4342	4327
4342	4336
4342	4345
4342	4365
4342	4368
4342	4411
4343	4345
4343	4361
4344	4352
4344	4385
4344	4401
4345	4336
4345	4342
4345	4343
4345	4346
4345	4347
4345	4361
4345	4365
4345	4368
4345	4409
4345	4419
4346	4336
4346	4345
4346	4357
4346	4360
4346	4377
4346	4418
4347	4332
4347	4335
4347	4336
4347	4345
4347	4398
4351	4359
4351	4416
4352	4344
4352	4363
4352	4374
4352	4392
4352	4398
4352	4401
4354	4410
4355	4333
4355	4391
4355	4403
4357	4333
4357	4346
4357	4377
4359	4333
4359	4351
4359	4383
4359	4388
4359	4416
4360	4346
4360	4409
4361	4336
4361	4343
4361	4345
4361	4418
4361	4419
4363	4352
4363	4369
4363	4370
4365	4342
4365	4345
4365	4368
4367	4368
4367	4374
4367	4392
4368	4342
4368	4345
4368	4365
4368	4367
4368	4411
4369	4363
4369	4374
4369	4392
4370	4363
4370	4374
4370	4392
4374	4341
4374	4352
4374	4367
4374	4369
4374	4370
4374	4392
4377	4329
4377	4346
4377	4357
4383	4333
4383	4359
4383	4391
4383	4403
4385	4332
4385	4344
4387	4327
4388	4359
4389	4391
4391	4332
4391	4333
4391	4355
4391	4383
4391	4389
4391	4396
4392	4327
4392	4352
4392	4367
4392	4369
4392	4370
4392	4374
4392	4401
4392	4410
4396	4391
4398	4332
4398	4335
4398	4347
4398	4352
4400	4332
4401	4344
4401	4352
4401	4392
4403	4355
4403	4383
4409	4345
4409	4360
4410	4327
4410	4354
4410	4392
4411	4342
4411	4368
4416	4351
4416	4359
4418	4346
4418	4361
4419	4345
4419	4361
4420	4421
4421	4420
4421	4442
4422	4424
4422	4432
4424	4422
4426	354
4426	4430
4430	4426
4432	4422
4437	4441
4440	4441
4441	4437
4441	4440
4441	4442
4442	4421
4442	4441
4448	49
4448	4458
4453	4455
4455	4453
4455	4456
4455	4458
4456	4455
4457	843
4457	4458
4458	569
4458	829
4458	837
4458	856
4458	2440
4458	4448
4458	4455
4458	4457
4458	4463
4458	4464
4461	24
4461	84
4463	4458
4464	4458
4468	4485
4468	4613
4469	4507
4469	4526
4469	4602
4469	4626
4469	4796
4470	4639
4470	4676
4471	4590
4472	4671
4473	4474
4473	4617
4473	4646
4474	4473
4474	4476
4474	4867
4476	4474
4476	4477
4476	4662
4477	4476
4477	4574
4478	3378
4478	4479
4478	4485
4479	4478
4479	4655
4482	4483
4482	4590
4482	4772
4483	4482
4483	4501
4485	4468
4485	4478
4485	4601
4489	4509
4489	4610
4491	2423
4491	4492
4491	4580
4492	4491
4492	4543
4492	4582
4493	4510
4493	4616
4493	4660
4493	4797
4495	4553
4495	4659
4498	4500
4500	4498
4500	4501
4500	4764
4500	4765
4501	4483
4501	4500
4507	4469
4509	4489
4510	4493
4510	4626
4511	4643
4512	4607
4512	4613
4513	4514
4513	4581
4513	4598
4514	4513
4515	4585
4519	4520
4520	4519
4520	4521
4520	4620
4520	4699
4520	4800
4521	4520
4524	4659
4526	4469
4526	4804
4531	4542
4531	4611
4531	4650
4536	2248
4536	4631
4537	4567
4537	4866
4538	4771
4538	4806
4538	4807
4539	4763
4539	4808
4539	4809
4541	4816
4542	4531
4543	4492
4543	4662
4546	4700
4549	4648
4552	2409
4553	4495
4553	4568
4554	4701
4557	4643
4563	2423
4565	4602
4566	4567
4566	4763
4567	4537
4567	4566
4568	4553
4568	4679
4569	4637
4573	2249
4573	4574
4574	4477
4574	4573
4580	4491
4581	4513
4581	4582
4581	4659
4582	3352
4582	4492
4582	4581
4585	4515
4588	4788
4590	4471
4590	4482
4591	4723
4598	4513
4601	4485
4601	4654
4602	4469
4602	4565
4602	4611
4607	4512
4607	4608
4607	4630
4608	4607
4608	4655
4608	4690
4609	4773
4610	4489
4610	4636
4611	4531
4611	4602
4613	4468
4613	4512
4616	4493
4616	4683
4617	4473
4620	4520
4626	4469
4626	4510
4630	4607
4630	4672
4631	4536
4632	2409
4634	2355
4634	4683
4636	4610
4637	4569
4639	4470
4639	4689
4643	4511
4643	4557
4646	4473
4647	4674
4648	4549
4650	4531
4654	4601
4655	4479
4655	4608
4659	4495
4659	4524
4659	4581
4660	4493
4662	4476
4662	4543
4671	4472
4671	4674
4672	4630
4672	4676
4674	4647
4674	4671
4676	4470
4676	4672
4679	4568
4681	4771
4681	4825
4683	4616
4683	4634
4685	4771
4689	4639
4689	4690
4689	4691
4690	4608
4690	4689
4691	4689
4693	4695
4695	4693
4697	4699
4698	4699
4699	4520
4699	4697
4699	4698
4700	4546
4701	4554
4703	4793
4706	4716
4707	4716
4708	4728
4708	4733
4708	4752
4712	4727
4712	4728
4715	4727
4715	4751
4716	4706
4716	4707
4717	4720
4717	4728
4718	4731
4720	4717
4721	4739
4721	4751
4721	4755
4722	4723
4723	4591
4723	4722
4726	4756
4727	4712
4727	4715
4727	4774
4727	4775
4728	4708
4728	4712
4728	4717
4730	4751
4731	4718
4733	4708
4733	4745
4733	4757
4739	4721
4741	4747
4744	4751
4745	4733
4747	4741
4751	4715
4751	4721
4751	4730
4751	4744
4752	4708
4753	2409
4755	4721
4755	4758
4756	4726
4757	4733
4758	4755
4759	3334
4760	4761
4761	4760
4761	4777
4763	4539
4763	4566
4764	4500
4765	4500
4767	4769
4769	4767
4769	4770
4770	4769
4771	4538
4771	4681
4771	4685
4772	4482
4773	4609
4774	4727
4775	4727
4777	4761
4788	4588
4788	4792
4792	4788
4792	4793
4793	4703
4793	4792
4793	4794
4794	4793
4796	4469
4797	4493
4800	4520
4804	4526
4806	4538
4807	4538
4808	4539
4809	4539
4816	4541
4816	4817
4817	4816
4825	4681
4829	4866
4829	4874
4830	3322
4830	4831
4830	4845
4831	3331
4831	4830
4831	4899
4836	4837
4836	4897
4837	4836
4838	4881
4838	4890
4841	4844
4841	4887
4844	4841
4845	4830
4847	4878
4850	3381
4850	3385
4850	4908
4851	4855
4851	4892
4855	980
4855	4851
4858	4860
4860	4858
4862	3543
4862	4863
4862	4878
4863	4862
4864	4887
4865	3337
4865	4923
4866	4537
4866	4829
4866	4867
4867	4474
4867	4866
4867	4868
4867	4869
4868	4867
4869	4867
4872	4873
4872	4890
4872	4905
4872	4917
4873	4872
4874	4829
4874	4885
4875	3369
4878	3372
4878	3387
4878	4847
4878	4862
4878	4881
4878	4924
4881	4838
4881	4878
4882	138
4885	3642
4885	4874
4887	4841
4887	4864
4888	3345
4888	4900
4890	4838
4890	4872
4892	4851
4896	4926
4897	2214
4897	4836
4898	4899
4898	4926
4899	4831
4899	4898
4900	4888
4901	4921
4905	4872
4908	4850
4911	4921
4917	4872
4918	4924
4921	4901
4921	4911
4923	4865
4924	4878
4924	4918
4926	4896
4926	4898
4930	4931
4930	4937
4931	4930
4934	782
4935	4937
4937	4930
4937	4935
4940	819
