0	1.0	4582.375807460534	705
1	1.0	5685.577338999692	667
2	1.0	4325.096138540028	714
3	1.0	4858.751733999379	588
4	1.0	2537.42128003279	996
5	1.0	1919.477030369323	458
6	1.0	3376.8214909829644	702
7	1.0	1638.3967577146836	805
8	1.0	4052.502584078352	625
9	1.0	1761.4873048677634	810
10	1.0	1315.4360696171614	782
11	1.0	1523.2980539756923	768
12	1.0	1958.5967117564844	843
13	1.0	4806.448112536057	961
14	1.0	14015.80097413323	726
15	1.0	2590.1832136419343	881
16	1.0	1977.4233218965403	932
17	1.0	3509.9879102493715	486
18	1.0	2553.226808724608	992
19	1.0	2606.778272136244	900
20	1.0	3703.9310445615124	709
21	1.0	905.4457421663302	644
22	1.0	1127.5256864050978	731
23	1.0	1655.14654961076	889
24	1.0	634.9428523570838	630
25	1.0	3130.3815732583626	701
26	1.0	2177.1939998612766	730
27	1.0	1055.7758209589965	628
28	1.0	5113.065806061333	855
29	1.0	2344.858448735814	982
30	1.0	1256.3335932610887	795
31	1.0	1599.3682008848566	904
32	1.0	2168.120616435804	459
33	1.0	1767.9314823581963	952
34	1.0	3521.734007978002	640
35	1.0	1447.6690427155895	878
36	1.0	4891.068898981055	867
37	1.0	1176.256190228932	771
38	1.0	4968.661036370479	707
39	1.0	1009.5533722056814	687
40	1.0	1632.4576090732428	848
41	1.0	782.4668224362496	699
42	1.0	3414.264270989182	957
43	1.0	1485.3346883508652	852
44	1.0	930.8237269958486	616
45	1.0	630.4198412540779	496
46	1.0	1416.630462060638	887
47	1.0	211.32327619081292	245
48	1.0	2797.168382956994	805
49	1.0	532.3804406714554	400
50	1.0	1244.2052804923305	531
51	1.0	1023.6837674831132	752
52	1.0	1671.007290638574	936
53	1.0	3649.975026823959	1000
54	1.0	574.0563559389964	565
55	1.0	2383.852721258315	976
56	1.0	1493.1535954768435	574
57	1.0	1791.7838060416234	981
58	1.0	1740.0772179991466	625
59	1.0	1582.2140619511986	690
60	1.0	1082.2255462382639	557
61	1.0	1155.0748999704756	820
62	1.0	4864.956294840941	986
63	1.0	2012.1307630502522	943
64	1.0	2767.6121973721083	988
65	1.0	880.9660784583423	676
66	1.0	1594.9576796893064	927
67	1.0	565.5922787054493	587
68	1.0	2044.4104830892054	846
69	1.0	1614.5415777569829	515
70	1.0	3273.663847745673	710
71	1.0	1628.6859781697192	843
72	1.0	1434.401635659407	555
73	1.0	1034.6602672123715	533
74	1.0	2392.416398742057	933
75	1.0	746.649606483618	402
76	1.0	6015.385412643187	1000
77	1.0	4030.3854126431875	999
78	1.0	1171.9897037611506	755
79	1.0	2940.2206132166234	993
80	1.0	5430.521358112883	981
81	1.0	571.6465008327173	301
82	1.0	505.60877180102835	496
83	1.0	2010.020381302639	950
84	1.0	1181.3963726922332	895
85	1.0	868.8454334548364	802
86	1.0	1567.952955629712	883
87	1.0	3526.8974000741578	998
88	1.0	2844.493301915235	827
89	1.0	4803.921873343801	996
90	1.0	741.3174409430493	587
91	1.0	2193.5184076863775	883
92	1.0	768.1987360688338	671
93	1.0	4924.332900307746	979
94	1.0	658.7676186402902	634
95	1.0	2587.3993730100187	995
96	1.0	644.0076529690251	672
97	1.0	1281.1537800518624	664
98	1.0	3069.9161906237446	980
99	1.0	2881.643318126889	991
100	1.0	894.6150884132745	546
101	1.0	4296.517852296988	932
102	1.0	1636.1990409670718	895
103	1.0	1062.4964332089994	528
104	1.0	2619.1393761539725	957
105	1.0	4301.673285482488	751
106	1.0	4822.934261894949	804
107	1.0	2153.1643545066836	960
108	1.0	1418.2465131140377	926
109	1.0	1403.400238365421	852
110	1.0	743.1318189889904	689
111	1.0	235.83934327955282	596
112	1.0	2019.9921218905347	1000
113	1.0	1915.4730129689574	951
114	1.0	484.96763721333343	556
115	1.0	1957.2620768120767	992
116	1.0	69.53792318792321	72
117	1.0	433.79383425237614	607
118	1.0	280.4450583645745	244
119	1.0	1935.5116791136088	923
120	1.0	2530.597791557037	957
121	1.0	740.2781526973204	641
122	1.0	1508.1363561459846	813
123	1.0	999.8238417988714	748
124	1.0	566.3431015303918	609
125	1.0	1687.6510488118736	951
126	1.0	1384.6566676612244	887
127	1.0	703.8599297356956	687
128	1.0	625.5088881436719	513
129	1.0	1781.7601219962332	873
130	1.0	480.2264166290548	412
131	1.0	2264.6497963852444	984
132	1.0	660.4970602325087	464
133	1.0	644.5002093041895	532
134	1.0	1779.2450083317563	898
135	1.0	1075.9635773024618	729
136	1.0	2973.727703474671	990
137	1.0	1704.749483963314	965
138	1.0	516.2367939215662	614
139	1.0	5751.2998087491005	985
140	1.0	640.8578286588802	623
141	1.0	3013.6127265739706	919
142	1.0	596.0466279527957	594
143	1.0	1267.1152901660778	839
144	1.0	3237.7819568327477	999
145	1.0	585.3750657132146	542
146	1.0	1780.3994028035675	933
147	1.0	1772.6489601139338	957
148	1.0	334.6702006070443	414
149	1.0	1722.2291619027685	889
150	1.0	3660.821875071954	991
151	1.0	614.121245859403	556
152	1.0	1383.8787541405964	862
153	1.0	455.4922481369788	566
154	1.0	504.2587390965859	559
155	1.0	1540.4688656858114	900
156	1.0	394.3707993628247	516
157	1.0	2055.10613428819	975
158	1.0	456.5253523780795	535
159	1.0	2638.199707753992	944
160	1.0	956.063623476388	665
161	1.0	619.5979560133381	500
162	1.0	2341.7350306144845	389
163	1.0	4035.4631766139632	653
164	1.0	3072.805538937896	1000
165	1.0	1446.7978099474024	783
166	1.0	2416.1028815133486	968
167	1.0	3110.5436413584484	673
168	1.0	3780.4889521811247	720
169	1.0	1955.411979159878	568
170	1.0	1251.0793029834592	594
171	1.0	3545.298110117608	718
172	1.0	1893.5035233831577	912
173	1.0	308.764493427109	313
174	1.0	1933.8046187472673	973
175	1.0	4111.603470862304	665
176	1.0	3273.1731540125106	573
177	1.0	1788.1410770885605	842
178	1.0	2962.5024537621807	766
179	1.0	6343.182605786729	621
180	1.0	9229.024734532984	754
181	1.0	1930.489150851109	589
182	1.0	3608.387942056814	502
183	1.0	1349.1864844220127	879
184	1.0	3508.1189607997753	554
185	1.0	1686.3692005675593	935
186	1.0	1754.841961609309	787
187	1.0	5015.339325739846	1000
188	1.0	2246.4923223051414	726
189	1.0	699.5757761578311	690
190	1.0	1489.5930161783938	893
191	1.0	1972.0078781094653	1000
192	1.0	2942.678006732294	985
193	1.0	6792.265255509387	453
194	1.0	2060.2805474337856	989
195	1.0	1953.839535689283	857
196	1.0	4126.721200532243	653
197	1.0	5228.494775340463	876
198	1.0	7495.338666112938	592
199	1.0	9942.473552955022	664
200	1.0	4250.2504931739	919
201	1.0	595.8129211266923	394
202	1.0	1027.7456510369775	762
203	1.0	522.0768408715469	470
204	1.0	3583.4542146626327	535
205	1.0	5454.972349749454	523
206	1.0	3438.967495485128	753
207	1.0	2375.579310790986	984
208	1.0	1607.9207469717148	832
209	1.0	879.5043137317517	555
210	1.0	1421.819672193395	881
211	1.0	576.1803278066063	535
212	1.0	2712.2848889392035	980
213	1.0	870.9532867952171	679
214	1.0	1338.5029207825285	867
215	1.0	984.940376206365	812
216	1.0	948.0105867477229	684
217	1.0	1042.1988439011961	696
218	1.0	359.46628046576876	526
219	1.0	1714.66582335793	982
220	1.0	364.88279819595544	510
221	1.0	2280.3856570560993	994
222	1.0	3248.176976618148	991
223	1.0	1311.8501367913138	811
224	1.0	1620.2240391792443	774
225	1.0	552.7250590060399	595
226	1.0	879.3705975342456	589
227	1.0	423.9679314906489	471
228	1.0	2427.986445915445	992
229	1.0	416.8076242521674	610
230	1.0	2641.152740817127	996
231	1.0	748.0834395301802	722
232	1.0	2194.771643659491	920
233	1.0	694.160347573313	596
234	1.0	471.76084767952125	613
235	1.0	1722.4666530866123	940
236	1.0	554.3093648411094	673
237	1.0	492.10688528216025	492
238	1.0	1717.465624809265	937
239	1.0	3814.3282441615825	1000
240	1.0	1832.3282441615686	996
241	1.0	2216.7186717509167	965
242	1.0	2698.842392952163	849
243	1.0	1537.1694868119355	642
244	1.0	2916.7187743416007	984
245	1.0	1018.991834614661	794
246	1.0	1432.6036590034703	843
247	1.0	2028.1078577974745	610
248	1.0	6350.250556714085	850
249	1.0	1400.7272999481863	873
250	1.0	1690.111719228527	871
251	1.0	2149.8239673607764	1000
252	1.0	2834.859107049362	627
253	1.0	946.5947856332231	757
254	1.0	1713.3223587971404	633
255	1.0	731.8058279353947	532
256	1.0	2160.287905965008	798
257	1.0	730.7234837316109	640
258	1.0	777.0734431236041	528
259	1.0	2020.6386361207437	861
260	1.0	1910.998971998503	962
261	1.0	875.816110863563	631
262	1.0	1646.6645051091596	848
263	1.0	716.7884485152792	558
264	1.0	1552.8421554351928	958
265	1.0	1090.0850242897045	635
266	1.0	1326.2754659170862	640
267	1.0	1324.099946650686	545
268	1.0	3273.9848257997824	989
269	1.0	2672.268770486787	564
270	1.0	2163.618711586418	386
271	1.0	1811.552362983791	482
272	1.0	1960.5841065964198	458
273	1.0	1892.249318253574	948
274	1.0	1018.8915869102963	696
275	1.0	3505.2146577265567	555
276	1.0	717.3454295423791	556
277	1.0	2451.58152324699	968
278	1.0	1189.649123478572	526
279	1.0	3123.7185893167407	862
280	1.0	2014.3455074407939	932
281	1.0	826.9522490309618	591
282	1.0	752.7061569959449	589
283	1.0	1117.6801004834908	788
284	1.0	2915.250192180927	990
285	1.0	405.22530194936303	606
286	1.0	516.9859563638964	517
287	1.0	546.7672819698355	593
288	1.0	847.1840948138563	641
289	1.0	1355.066397762025	723
290	1.0	1940.4971500721501	983
291	1.0	57.50284992784996	56
292	1.0	1479.6476723633418	669
293	1.0	1815.1706123335073	875
294	1.0	772.255051369271	656
295	1.0	858.2914956761937	531
296	1.0	1493.7546239544636	795
297	1.0	1103.039781031105	543
298	1.0	1445.2982678014655	706
299	1.0	1622.0983440231266	885
300	1.0	3588.9347076594877	997
301	1.0	1521.455661116828	802
302	1.0	1895.2550478729365	475
303	1.0	743.548893502894	601
304	1.0	1163.3637947152058	486
305	1.0	2164.4646299743695	710
306	1.0	2428.0009133768162	649
307	1.0	2071.2598464823473	685
308	1.0	4016.9184860803507	995
309	1.0	2109.37259290411	837
310	1.0	3634.8505380242673	872
311	1.0	2839.01773792188	984
312	1.0	1774.0564995506604	624
313	1.0	3243.546017325541	793
314	1.0	5192.009894189412	999
315	1.0	559.312618637401	609
316	1.0	354.20723144194926	573
317	1.0	1960.406146087034	971
318	1.0	1931.6529403760558	911
319	1.0	634.3250748113734	595
320	1.0	5979.739739352944	781
321	1.0	4154.500298379158	829
322	1.0	1843.928126504204	929
323	1.0	612.8861477918225	603
324	1.0	3083.6425676543417	599
325	1.0	1636.8653110433845	505
326	1.0	1050.8351535753184	657
327	1.0	939.9087117020633	611
328	1.0	944.7991445148648	606
329	1.0	817.246324255381	663
330	1.0	3427.3144956283368	989
331	1.0	1572.1680573615722	736
332	1.0	3934.462076812079	998
333	1.0	5916.4620768120785	999
334	1.0	345.87335030735505	594
335	1.0	1915.362099365091	981
336	1.0	401.4641174432397	439
337	1.0	1855.981883255394	946
338	1.0	631.6772924667348	569
339	1.0	1370.3227075332666	859
340	1.0	1336.231725553595	824
341	1.0	773.4902506885918	630
342	1.0	736.5121997530023	496
343	1.0	2274.651816757944	954
344	1.0	401.00892529177895	672
345	1.0	2324.4581608729018	1000
346	1.0	1446.29685696432	566
347	1.0	1153.3690816828416	766
348	1.0	3408.0456625646275	747
349	1.0	1279.1883383770598	607
350	1.0	2284.592023205973	969
351	1.0	783.6129284681097	628
352	1.0	1996.7858076278164	578
353	1.0	1724.3968281017967	816
354	1.0	6690.123734174486	954
355	1.0	2328.5722662167223	921
356	1.0	2831.554556358341	752
357	1.0	2558.8307331072538	922
358	1.0	1475.2450191514276	714
359	1.0	4414.760372435463	632
360	1.0	5757.901111637595	682
361	1.0	2662.5049195432753	993
362	1.0	1063.0478878828383	785
363	1.0	2698.8274366838946	457
364	1.0	2026.1132977660266	954
365	1.0	3636.522581411764	637
366	1.0	2036.0463091821002	834
367	1.0	1586.5574114953167	921
368	1.0	5511.319305264772	750
369	1.0	3045.784811948526	697
370	1.0	1403.4064499169467	817
371	1.0	3330.605562328447	992
372	1.0	1085.933069378447	892
373	1.0	985.5062167631204	804
374	1.0	2669.8577120595082	1000
375	1.0	726.4097489115338	867
376	1.0	3503.7853560535095	992
377	1.0	1587.241055909214	940
378	1.0	2198.6340699519483	976
379	1.0	1991.3783060474439	915
380	1.0	626.4431763344529	444
381	1.0	2462.0527637599093	884
382	1.0	1243.4726374898385	669
383	1.0	2332.0249731760396	1000
384	1.0	2372.032043052592	653
385	1.0	1434.1006926828095	726
386	1.0	1750.926686465461	659
387	1.0	1733.3565337087198	559
388	1.0	1346.8873394579473	637
389	1.0	2992.8111585009087	713
390	1.0	391.614195599721	583
391	1.0	2125.156231754138	1000
392	1.0	1387.2347200956142	794
393	1.0	3338.077257795274	997
394	1.0	329.85168737642283	611
395	1.0	2167.671755838431	1000
396	1.0	4362.074313401785	902
397	1.0	6301.839905738581	995
398	1.0	554.0210731298678	285
399	1.0	4623.209368513735	974
400	1.0	2552.772816155866	992
401	1.0	1962.7218514426017	919
402	1.0	3871.531375252129	993
403	1.0	3048.4852995648416	1000
404	1.0	1415.9099609177324	722
405	1.0	2876.468572037331	610
406	1.0	2932.0368601845944	492
407	1.0	7197.347706632455	821
408	1.0	1738.9137549168352	947
409	1.0	2355.2300868696993	574
410	1.0	733.4065077896216	569
411	1.0	2003.0879057767156	959
412	1.0	2371.1471379524623	541
413	1.0	968.1528924609172	521
414	1.0	2216.8529051607898	718
415	1.0	1308.143216286636	793
416	1.0	610.9992096139149	562
417	1.0	1526.1154535007458	870
418	1.0	860.7650662655426	739
419	1.0	2357.2110028290144	951
420	1.0	991.2994897156741	704
421	1.0	2816.975020984811	895
422	1.0	1585.9947056533808	771
423	1.0	1867.0235843228575	975
424	1.0	3351.941695871058	715
425	1.0	4073.081751709446	636
426	1.0	1535.8016712401231	542
427	1.0	2019.3629963202395	992
428	1.0	2592.337746788881	803
429	1.0	768.057218932213	619
430	1.0	1214.5665429472315	587
431	1.0	856.4240709301664	466
432	1.0	2107.38456476743	987
433	1.0	3556.3195844512143	995
434	1.0	971.2657403422312	595
435	1.0	1897.661018231545	801
436	1.0	969.4494763544078	646
437	1.0	3168.497545823569	828
438	1.0	2243.312171622568	756
439	1.0	1471.0218527022696	553
440	1.0	2142.4810079283693	963
441	1.0	558.4322650523222	558
442	1.0	1467.0455037772672	844
443	1.0	798.8905606811485	629
444	1.0	455.72443151640175	564
445	1.0	697.5149278240237	602
446	1.0	2027.6207198839165	998
447	1.0	224.16795956528443	429
448	1.0	1200.2162389558318	899
449	1.0	926.6387039264522	808
450	1.0	2277.3238089118786	734
451	1.0	3239.4488607832945	836
452	1.0	1226.3435999180929	736
453	1.0	786.7469380366027	581
454	1.0	1940.8427471968407	963
455	1.0	2293.878709820141	881
456	1.0	2676.304507206077	698
457	1.0	1572.7959641722205	786
458	1.0	1062.2822304273686	810
459	1.0	1732.8416652009857	644
460	1.0	11646.877590742444	862
461	1.0	4365.283256692762	633
462	1.0	3613.7877788147716	681
463	1.0	2407.3207667663437	937
464	1.0	2506.714177248859	768
465	1.0	743.8230619050424	752
466	1.0	1391.2789606502608	893
467	1.0	371.52921931755054	629
468	1.0	352.33466962410694	588
469	1.0	1213.3419962274143	828
470	1.0	796.3672715070155	662
471	1.0	1534.988808057252	786
472	1.0	1251.8626116003302	678
473	1.0	1876.8437682458618	964
474	1.0	648.4927818913112	599
475	1.0	1496.0889745875038	891
476	1.0	1060.4562187663546	552
477	1.0	1826.8905923853456	826
478	1.0	568.7172212864135	547
479	1.0	1510.014043636105	906
480	1.0	3475.0140436360966	998
481	1.0	342.4013769310877	528
482	1.0	1571.102269499608	824
483	1.0	550.3488408220609	583
484	1.0	750.6569506785328	707
485	1.0	2602.250412771995	987
486	1.0	1859.6920696531608	907
487	1.0	696.1209671998313	547
488	1.0	2842.8117578123733	903
489	1.0	2028.6328933061793	974
490	1.0	1237.9417704144435	668
491	1.0	2536.952148736911	898
492	1.0	1435.8406915240575	644
493	1.0	967.5350736142832	564
494	1.0	2620.0306180787475	1000
495	1.0	760.9253360059071	679
496	1.0	1495.0969138064065	725
497	1.0	2171.1740876206595	826
498	1.0	701.7821251977455	398
499	1.0	1538.1065835169652	846
500	1.0	1134.261768254663	434
501	1.0	736.3027936250653	626
502	1.0	5596.96005723048	753
503	1.0	2695.0833781569368	978
504	1.0	633.2703695255555	553
505	1.0	1019.7756263415469	773
506	1.0	1657.6021406427492	759
507	1.0	1731.2923322398292	712
508	1.0	1803.994784572495	845
509	1.0	691.9408526914045	525
510	1.0	1013.6432507033065	676
511	1.0	3501.077242688924	1000
512	1.0	395.9625267338955	606
513	1.0	892.4067129875111	721
514	1.0	1292.5326483658296	831
515	1.0	395.38257507305565	629
516	1.0	2475.8355342927284	529
517	1.0	7058.383366491342	973
518	1.0	371.2813948385575	330
519	1.0	538.524076702451	330
520	1.0	3139.7947254887017	985
521	1.0	2254.3924712465196	975
522	1.0	2017.4634354815214	798
523	1.0	13780.337563586616	767
524	1.0	12432.814358083759	781
525	1.0	2991.814918006828	987
526	1.0	1968.4024812563923	958
527	1.0	2053.888087996566	934
528	1.0	2018.5966360393975	951
529	1.0	655.2813690068915	497
530	1.0	4665.054318360897	840
531	1.0	1330.6464950224802	850
532	1.0	1725.6451627630017	950
533	1.0	345.88216211111893	611
534	1.0	434.12661724272954	541
535	1.0	1175.2995120076007	774
536	1.0	1094.341248077726	761
537	1.0	4657.857712059492	1000
538	1.0	1281.1537800518624	664
539	1.0	1636.235064912334	909
540	1.0	2861.2736621477816	692
541	1.0	3639.436126358092	974
542	1.0	1343.4979525241604	476
543	1.0	1890.089278861149	491
544	1.0	1389.4909906471005	578
545	1.0	516.0403134944816	543
546	1.0	1903.6855223822504	949
547	1.0	445.48722340077876	580
548	1.0	2226.93518430847	984
549	1.0	2041.5165534356654	997
550	1.0	1462.9478327041586	724
551	1.0	1253.222667693845	558
552	1.0	2436.4440444471097	907
553	1.0	632.2288053203649	604
554	1.0	728.8936208984757	745
555	1.0	2664.9045563398536	992
556	1.0	1998.4751289983196	887
557	1.0	653.4178017660442	550
558	1.0	1344.5821982339567	840
559	1.0	1585.307479492228	890
560	1.0	706.7654446410038	643
561	1.0	621.4420191568065	705
562	1.0	2462.777635942766	988
563	1.0	3115.832812668125	900
564	1.0	918.3383136912279	581
565	1.0	1136.4537563196534	680
566	1.0	1277.1393245457007	630
567	1.0	1524.29658499422	894
568	1.0	6429.034361090524	1000
569	1.0	1481.0069949127035	816
570	1.0	764.2568497362433	613
571	1.0	620.989200505378	539
572	1.0	4909.658648167014	999
573	1.0	2766.593161509362	967
574	1.0	4722.344676660878	999
575	1.0	1839.3732923974799	922
576	1.0	446.53827806540954	483
577	1.0	1412.392327952926	696
578	1.0	1246.7739579403255	806
579	1.0	4310.800315100159	952
580	1.0	878.8566027919186	667
581	1.0	1754.4927283749605	874
582	1.0	552.0863115367974	500
583	1.0	698.661698296285	594
584	1.0	1097.8736238814254	724
585	1.0	829.8310068458627	747
586	1.0	2007.5581345852827	1000
587	1.0	307.2618924465085	607
588	1.0	340.6293210679845	627
589	1.0	2073.4158077646684	1000
590	1.0	5077.904645894515	969
591	1.0	2368.4647765633044	999
592	1.0	378.4647765633054	403
593	1.0	2079.7873999286608	981
594	1.0	972.9295531312541	511
595	1.0	1689.0383219762987	432
596	1.0	858.249180180253	572
597	1.0	1684.7275664773774	907
598	1.0	3129.434968026879	761
599	1.0	1342.4445460835507	486
600	1.0	4147.440404475387	718
601	1.0	1331.1343151344013	677
602	1.0	983.3432671672317	526
603	1.0	2953.9427524132852	997
604	1.0	786.3090715263897	625
605	1.0	2055.2260087017107	401
606	1.0	1075.281225658399	738
607	1.0	790.3420942175654	640
608	1.0	567.0661767346285	537
609	1.0	1973.7933977420896	887
610	1.0	925.1703790889155	625
611	1.0	390.1907276334011	594
612	1.0	198.478113977804	339
613	1.0	1429.8766830787417	790
614	1.0	960.3038886314158	662
615	1.0	2761.3816664091983	979
616	1.0	560.7369501146654	596
617	1.0	1622.4784935060418	934
618	1.0	1769.8785118145654	937
619	1.0	1428.5997740422727	878
620	1.0	2731.573883430535	885
621	1.0	1706.6138933176371	544
622	1.0	1347.2620527806732	943
623	1.0	1606.6410103655262	908
624	1.0	2950.331478564094	667
625	1.0	3977.7065375230623	705
626	1.0	2509.2890432146446	943
627	1.0	290.5050318224889	274
628	1.0	1573.3003615665368	877
629	1.0	1582.7690878191158	918
630	1.0	645.6045600267266	645
631	1.0	664.8611769093466	618
632	1.0	1738.9937785898599	861
633	1.0	605.21190349955	610
634	1.0	530.2289991436924	610
635	1.0	1722.011289445984	937
636	1.0	349.80191964427155	475
637	1.0	2199.9041327141044	1000
638	1.0	858.4428771787757	565
639	1.0	2563.0854315284473	974
640	1.0	1963.1608939102618	979
641	1.0	389.99372671637013	594
642	1.0	2051.5379231879233	999
643	1.0	985.6984328152823	671
644	1.0	726.8611234850345	553
645	1.0	1370.5153949552257	817
646	1.0	628.0130904799621	673
647	1.0	2620.3202564308713	984
648	1.0	735.2916850022998	671
649	1.0	3593.097378644854	992
650	1.0	990.8984621315507	834
651	1.0	819.0556070449978	641
652	1.0	4711.6555503318405	992
653	1.0	1069.3536341996007	533
654	1.0	1605.055717733132	920
655	1.0	2135.209853371335	892
656	1.0	506.63736093742875	532
657	1.0	596.9796458573509	556
658	1.0	399.98677112078644	545
659	1.0	2118.3466167739316	977
660	1.0	2397.794242139479	555
661	1.0	2791.9867509064693	609
662	1.0	2470.0543689767987	622
663	1.0	1952.2449710504698	601
664	1.0	1702.9142540383473	552
665	1.0	665.5204556901721	407
666	1.0	2537.8981845160447	949
667	1.0	613.6027799574186	575
668	1.0	1805.7160820384638	969
669	1.0	3069.916190623744	980
670	1.0	448.6240532332794	562
671	1.0	2314.4673713552047	1000
672	1.0	1325.9127878657275	845
673	1.0	1299.8261864662757	837
674	1.0	4365.415120408151	984
675	1.0	1402.0764726845225	816
676	1.0	933.0013749477323	626
677	1.0	1003.487861587783	779
678	1.0	3557.394577063681	940
679	1.0	3363.969381921252	998
680	1.0	1411.2704233918623	853
681	1.0	1493.3718845915623	923
682	1.0	789.8489774341837	695
683	1.0	1853.6889853116263	948
684	1.0	3291.594894944462	663
685	1.0	4169.540976318148	614
686	1.0	2426.9050941339447	994
687	1.0	4575.014052051192	486
688	1.0	3001.104314181641	758
689	1.0	960.116245805984	765
690	1.0	4964.950120366861	662
691	1.0	1850.3140066189517	942
692	1.0	2644.5580152459843	889
693	1.0	10972.457651454044	739
694	1.0	2265.074718661412	859
695	1.0	4822.732425753783	589
696	1.0	1376.8291404294414	881
697	1.0	1156.252654819549	730
698	1.0	4846.021220430004	574
699	1.0	2136.1562642847975	857
700	1.0	4788.75898221627	566
701	1.0	2314.632280441207	990
702	1.0	3049.027386663072	839
703	1.0	2272.0291841530407	979
704	1.0	1178.9746677924072	799
705	1.0	663.3975899962986	590
706	1.0	786.4479651956234	621
707	1.0	655.6715185075606	607
708	1.0	678.5202227987226	614
709	1.0	1461.0543555144527	745
710	1.0	2052.840204861072	761
711	1.0	1054.0971379986297	524
712	1.0	1190.855119687352	812
713	1.0	3134.5176867878777	925
714	1.0	856.3605775822322	677
715	1.0	934.0965917375614	472
716	1.0	1242.7932973666354	499
717	1.0	5438.82204513252	960
718	1.0	2039.6433567985314	958
719	1.0	1796.6872960728085	927
720	1.0	2970.6646203655505	558
721	1.0	4838.855773600049	720
722	1.0	897.2135504331148	670
723	1.0	873.4506980158224	530
724	1.0	1368.9174563113527	774
725	1.0	1653.0987951285501	530
726	1.0	1769.5791245774249	595
727	1.0	1154.463212358851	753
728	1.0	918.9031705266923	604
729	1.0	470.4704126880991	635
730	1.0	1762.6669388492503	985
731	1.0	1902.6580371238567	980
732	1.0	1845.3214001874246	816
733	1.0	1884.3482511020939	969
734	1.0	199.09949692992285	341
735	1.0	498.0028829361993	591
736	1.0	889.2397824098247	514
737	1.0	403.7360330171383	570
738	1.0	1946.049139690549	847
739	1.0	421.7179521740368	464
740	1.0	1728.5434302344022	919
741	1.0	1290.6974500759156	722
742	1.0	799.2366324294352	555
743	1.0	610.7067933163247	522
744	1.0	1586.7639689001421	903
745	1.0	1063.615028774575	766
746	1.0	3667.5326286447967	1000
747	1.0	1684.7629316750983	946
748	1.0	1278.6818800791434	583
749	1.0	1024.9060279963103	604
750	1.0	379.9360959332899	518
751	1.0	1084.4286853029905	585
752	1.0	1390.361777610957	483
753	1.0	1931.2742161555261	680
754	1.0	1939.0001328866788	604
755	1.0	4374.406132567928	935
756	1.0	5715.156803695681	667
757	1.0	2621.677292466738	999
758	1.0	5516.805629384418	933
759	1.0	1980.1283464259084	815
760	1.0	6870.972587037406	395
761	1.0	4334.580090004301	869
762	1.0	2103.148847293241	934
763	1.0	2489.1066968923838	910
764	1.0	10642.208703183123	610
765	1.0	2369.527541512868	977
766	1.0	764.9398311846168	558
767	1.0	2273.919681638463	679
768	1.0	1765.4511913184401	904
769	1.0	1510.0777538469918	878
770	1.0	1537.3062775499034	675
771	1.0	10137.669914897224	574
772	1.0	1801.6960617357615	878
773	1.0	3129.3946058496203	985
774	1.0	2210.6904314030203	539
775	1.0	2027.0225442818976	714
776	1.0	1451.8403740508295	803
777	1.0	1907.754587132933	903
778	1.0	6584.798637643139	543
779	1.0	5435.605340236416	575
780	1.0	3898.0083117745	953
781	1.0	4612.332035414327	817
782	1.0	5494.542449319587	539
783	1.0	443.3164080539702	494
784	1.0	390.7022938657856	519
785	1.0	606.3782927479941	672
786	1.0	1988.5751086340242	947
787	1.0	548.8193395493082	510
788	1.0	5172.369207482205	984
789	1.0	1581.903113548618	952
790	1.0	1813.9233255908186	916
791	1.0	823.7594314182569	643
792	1.0	2430.180760777836	984
793	1.0	919.9420598013864	636
794	1.0	748.831527686117	655
795	1.0	1168.856764781566	706
796	1.0	1821.0087829480665	874
797	1.0	3694.6507800707336	999
798	1.0	6919.528454007553	962
799	1.0	1660.888849935031	939
800	1.0	2072.460698001454	752
801	1.0	6161.977917901693	640
802	1.0	3582.160783352098	976
803	1.0	2742.2829702155627	974
804	1.0	6468.619308203833	945
805	1.0	1880.1684582692135	543
806	1.0	5380.782966533545	966
807	1.0	6356.170041151223	505
808	1.0	9953.644933635193	836
809	1.0	1897.8418456726017	961
810	1.0	2367.1049014529285	965
811	1.0	16811.949016711682	601
812	1.0	4435.9018626551115	999
813	1.0	5062.126911263516	972
814	1.0	4708.966244435015	925
815	1.0	14875.68902445225	447
816	1.0	4886.341101271839	999
817	1.0	7196.6739552385725	993
818	1.0	3282.4683740510422	980
819	1.0	19063.01041479395	549
820	1.0	4011.9399875998433	994
821	1.0	2709.67407705384	982
822	1.0	13806.715721023815	559
823	1.0	2461.823744786766	863
824	1.0	5557.165824808808	683
825	1.0	3232.8398305981264	930
826	1.0	6419.145389996375	899
827	1.0	5468.8211301543615	605
828	1.0	2842.7262731420105	887
829	1.0	2515.527783019969	985
830	1.0	6369.999328657557	604
831	1.0	2250.216016515583	614
832	1.0	3932.6202080784424	1000
833	1.0	3808.416483135693	993
834	1.0	8088.819838156366	761
835	1.0	3348.5622485550184	687
836	1.0	1180.5589605428754	716
837	1.0	5299.202871660571	902
838	1.0	7515.27885257573	624
839	1.0	554.9987697639633	596
840	1.0	1232.237027619708	773
841	1.0	3589.6388099600936	855
842	1.0	3550.725773621095	827
843	1.0	4437.535674085646	1000
844	1.0	1818.792486761604	908
845	1.0	526.970263233498	538
846	1.0	531.4541227860252	483
847	1.0	867.307365836779	718
848	1.0	769.6647484724814	517
849	1.0	2284.0793524535343	919
850	1.0	973.4634518766404	626
851	1.0	1673.8803712684578	608
852	1.0	935.8880326198079	560
853	1.0	4950.141851184107	844
854	1.0	1020.570511959682	741
855	1.0	1102.040916082828	774
856	1.0	3028.057247586718	991
857	1.0	779.5767039444677	595
858	1.0	2201.0576059384107	998
859	1.0	421.70561260012687	630
860	1.0	1107.593935323649	787
861	1.0	1905.0710857185438	999
862	1.0	252.9173973017009	421
863	1.0	1140.7421974474946	888
864	1.0	3112.373205328499	1000
865	1.0	1924.5548920966	325
866	1.0	4834.3322458543535	637
867	1.0	2153.2490050250467	626
868	1.0	1481.9085300890854	889
869	1.0	3787.537740769149	977
870	1.0	7917.017119591158	681
871	1.0	1624.7863677799592	870
872	1.0	3373.503861053513	588
873	1.0	2137.0688915970163	982
874	1.0	499.2477510473929	508
875	1.0	307.2618924465085	607
876	1.0	2007.5581345852827	1000
877	1.0	548.1797051014432	777
878	1.0	2362.69442741616	979
879	1.0	555.7350984198911	546
880	1.0	522.6824772035309	446
881	1.0	2164.0554584234574	902
882	1.0	1275.620929555607	564
883	1.0	2678.4245656715725	710
884	1.0	1497.5388188556387	724
885	1.0	2493.8993430429714	909
886	1.0	5585.070717564827	814
887	1.0	2611.092021108168	922
888	1.0	1458.0543739850732	562
889	1.0	1454.4927396682835	707
890	1.0	1077.4956156674675	765
891	1.0	1580.2357515377914	862
892	1.0	4033.537923187921	999
893	1.0	433.8945164269849	454
894	1.0	585.3750657132151	542
895	1.0	1998.813493187078	960
896	1.0	2824.3373260600324	490
897	1.0	2275.365029505849	556
898	1.0	2006.7524270409888	955
899	1.0	1926.298440456258	691
900	1.0	4433.589149852434	863
901	1.0	8495.427174535082	743
902	1.0	1227.4038683738554	835
903	1.0	1517.2629938241491	745
904	1.0	1589.3272069227173	729
905	1.0	1360.943875532658	531
906	1.0	4593.809263730782	538
907	1.0	3919.5560857356118	890
908	1.0	2380.671819309376	996
909	1.0	1984.4418654147173	1000
910	1.0	2733.8230233818517	987
911	1.0	1189.292884788743	808
912	1.0	2708.9752095064114	985
913	1.0	1274.9861513750911	647
914	1.0	5999.849584778377	960
915	1.0	2397.8042703496476	995
916	1.0	538.8151215899102	699
917	1.0	457.0492536119614	613
918	1.0	628.786218237823	344
919	1.0	432.19270002104184	248
920	1.0	396.046038713659	442
921	1.0	1283.8667704541404	776
922	1.0	671.7164277086117	545
923	1.0	963.7194573135993	726
924	1.0	509.178167747285	501
925	1.0	2802.689292262503	941
926	1.0	616.7792011628333	545
927	1.0	1024.8595327809767	688
928	1.0	1007.3162217797992	562
929	1.0	1011.8210580704697	729
930	1.0	2357.3876117776276	960
931	1.0	1447.3063194958063	645
932	1.0	839.269459869273	624
933	1.0	1278.7450252838041	762
934	1.0	0.0	0
935	1.0	2661.3848154006523	823
936	1.0	1484.1385945221375	826
937	1.0	661.5209697806317	603
938	1.0	608.3427952662233	581
939	1.0	2099.1340092730056	611
940	1.0	2051.513642383444	638
941	1.0	1875.5896086349494	675
942	1.0	882.4979391514926	656
943	1.0	6570.768799609736	976
944	1.0	1370.4390364087756	807
945	1.0	1265.8797486210349	696
946	1.0	1298.150618598095	860
947	1.0	525.2665641066319	591
948	1.0	1732.4156719579569	932
949	1.0	503.0710144447506	453
950	1.0	2065.518948024093	957
951	1.0	422.28377325949424	557
952	1.0	1198.1585774890575	826
953	1.0	1027.7441647372689	823
954	1.0	1902.6990176996326	992
955	1.0	657.7102503483139	690
956	1.0	1324.1422879405097	1000
957	1.0	1867.347933016861	951
958	1.0	385.12120643877296	619
959	1.0	1296.860990509992	843
960	1.0	921.9521106647211	733
961	1.0	348.7260194380775	537
962	1.0	1746.9143007645985	994
963	1.0	596.9497231097075	514
964	1.0	1277.5062695002387	810
965	1.0	3992.759765860939	998
966	1.0	2016.7597658609375	994
967	1.0	346.8950940327824	457
968	1.0	1650.5141579044428	897
969	1.0	2368.4962079353404	968
970	1.0	10318.572738350422	866
971	1.0	1564.5954978307793	482
972	1.0	3019.354951332787	997
973	1.0	1360.2940657481022	795
974	1.0	1970.102504866754	926
975	1.0	3387.5976337830148	990
976	1.0	1947.9665683253077	948
977	1.0	1722.2878194511084	937
978	1.0	887.7081634689742	715
979	1.0	3858.7398471582983	812
980	1.0	865.381169376975	549
981	1.0	688.8672498610104	686
982	1.0	1420.1350161160826	922
983	1.0	1305.3070691996422	549
984	1.0	1558.8902378078728	869
985	1.0	2718.672961766556	769
986	1.0	960.3137614436562	496
987	1.0	2025.0359285289035	818
988	1.0	1144.2445040408109	641
989	1.0	1559.633303497921	851
990	1.0	1215.3057460827276	716
991	1.0	1234.307968443978	660
992	1.0	1444.7506355807627	804
993	1.0	1861.4617469249379	983
994	1.0	314.90308471744834	552
995	1.0	654.8155738303266	656
996	1.0	743.5553770621472	724
997	1.0	831.9000356145515	693
998	1.0	1350.6894884773767	579
999	1.0	939.173516007177	403
1000	1.0	2591.897198277929	759
1001	1.0	421.1606742836889	552
1002	1.0	1121.6275795125168	639
1003	1.0	1096.9045646549216	513
1004	1.0	3656.979440292077	496
1005	1.0	1572.636872549138	859
1006	1.0	1738.4429754035566	843
1007	1.0	1758.811957714846	470
1008	1.0	3717.3420693866738	511
1009	1.0	1432.5350731017193	449
1010	1.0	1953.4736536462997	945
1011	1.0	4340.823815773907	473
1012	1.0	852.9895411606744	593
1013	1.0	2222.7818150286485	958
1014	1.0	1261.8290715360679	788
1015	1.0	827.9241741064794	548
1016	1.0	2686.8900037589965	995
1017	1.0	3119.6169993334297	996
1018	1.0	1163.887778554211	772
1019	1.0	1810.3549238954254	962
1020	1.0	2222.5782343552937	866
1021	1.0	1673.731673833975	841
1022	1.0	3163.741021340551	856
1023	1.0	1489.723238014808	887
1024	1.0	594.5672908980633	571
1025	1.0	753.089737950836	600
1026	1.0	3663.88572696343	984
1027	1.0	1792.54673195592	934
1028	1.0	6094.117039710644	718
1029	1.0	2229.361657152617	960
1030	1.0	1005.1974868527645	567
1031	1.0	1872.0303513357946	772
1032	1.0	2049.1061929397906	591
1033	1.0	1609.2918210124908	935
1034	1.0	1284.6041781747663	880
1035	1.0	2022.913204998143	900
1036	1.0	1313.1092081602021	566
1037	1.0	2202.9986561123537	795
1038	1.0	1563.0873736520693	856
1039	1.0	2677.323013795811	986
1040	1.0	970.211673487779	582
1041	1.0	2276.5859642036253	798
1042	1.0	2248.209037217588	983
1043	1.0	2869.6267946715016	1000
1044	1.0	898.0686325845624	824
1045	1.0	898.9865102642736	824
1046	1.0	1176.862713630734	621
1047	1.0	1227.5326861216233	915
1048	1.0	4924.419778800596	866
1049	1.0	2502.2861602634853	481
1050	1.0	1957.5579259224014	621
1051	1.0	2065.0064935064925	998
1052	1.0	79.0064935064935	77
1053	1.0	3856.843768245856	1000
1054	1.0	680.2967864140435	696
1055	1.0	1559.1830326239744	929
1056	1.0	1087.390122307659	194
1057	1.0	9922.381601108735	865
1058	1.0	2444.818355014846	984
1059	1.0	423.2662481225547	616
1060	1.0	1889.994167525957	961
1061	1.0	874.091913113632	570
1062	1.0	310.07614858279953	552
1063	1.0	1946.4535414117736	1000
1064	1.0	566.916239295602	635
1065	1.0	995.3280140606067	568
1066	1.0	2936.0080337684913	1000
1067	1.0	1160.7510963957034	789
1068	1.0	3336.296659576643	957
1069	1.0	714.0509101621415	672
1070	1.0	1318.5787086121722	644
1071	1.0	684.5250169567173	702
1072	1.0	2111.1070966867537	880
1073	1.0	1206.6762928500673	626
1074	1.0	732.411211566561	588
1075	1.0	2226.393044918706	960
1076	1.0	615.5457841148548	476
1077	1.0	1289.4645664131815	797
1078	1.0	742.4340615495213	679
1079	1.0	1898.4967399437921	973
1080	1.0	378.5882776642465	568
1081	1.0	1312.3644360921428	762
1082	1.0	956.5094526208651	605
1083	1.0	489.6820263459022	443
1084	1.0	1382.4007447523247	795
1085	1.0	615.599255247677	478
1086	1.0	5502.897400074156	999
1087	1.0	1748.0004522078075	603
1088	1.0	424.8996470187003	527
1089	1.0	1869.6273384425533	938
1090	1.0	1874.6530928641132	928
1091	1.0	942.2238600328557	487
1092	1.0	1521.0508454873814	657
1093	1.0	1130.3329803240267	479
1094	1.0	2267.593635856354	566
1095	1.0	2442.2424022364808	602
1096	1.0	748.0874712128242	640
1097	1.0	2113.7446009870973	876
1098	1.0	1011.3247340658064	602
1099	1.0	1101.168461934961	604
1100	1.0	4380.017241201927	957
1101	1.0	2133.6168820732123	962
1102	1.0	1784.8659179056244	914
1103	1.0	1339.4208756310159	842
1104	1.0	606.4624877494969	633
1105	1.0	1079.121388357418	652
1106	1.0	1381.377223725451	893
1107	1.0	1166.1929266864079	941
1108	1.0	5484.443721400672	988
1109	1.0	2519.5691285180674	979
1110	1.0	1218.5975366055459	780
1111	1.0	1926.993506493507	981
1112	1.0	422.6785394859666	570
1113	1.0	1410.7942638261945	827
1114	1.0	704.4955086531357	643
1115	1.0	3814.1372644466924	913
1116	1.0	4679.177005505462	843
1117	1.0	2433.9692802082745	610
1118	1.0	5914.611615691538	424
1119	1.0	4801.4877507665105	675
1120	1.0	8092.462153593042	534
1121	1.0	4799.025832579277	667
1122	1.0	1581.054394599913	905
1123	1.0	6741.52870672736	582
1124	1.0	1115.5949562574813	548
1125	1.0	3725.593995674764	951
1126	1.0	3931.8090516838975	678
1127	1.0	4852.190117724174	974
1128	1.0	5139.86767023826	999
1129	1.0	1048.0939902961295	807
1130	1.0	507.4536559163356	616
1131	1.0	1385.488426857225	831
1132	1.0	3296.858123826921	989
1133	1.0	4168.537100254979	998
1134	1.0	1673.4870765452592	935
1135	1.0	1848.3363678069659	949
1136	1.0	873.536146620416	579
1137	1.0	1931.8427475967196	511
1138	1.0	1750.9151495881197	853
1139	1.0	1684.5098538450954	744
1140	1.0	1467.0916438384004	999
1141	1.0	2274.1413602777166	945
1142	1.0	1711.3166317037983	948
1143	1.0	3761.9166008846732	966
1144	1.0	1487.3041276303152	927
1145	1.0	932.7573141335591	619
1146	1.0	1864.8453683682596	990
1147	1.0	365.27475176436053	600
1148	1.0	1199.2328238729326	720
1149	1.0	1270.0997502129424	927
1150	1.0	491.89022596770246	595
1151	1.0	2632.3329729368043	994
1152	1.0	2240.2023051471633	791
1153	1.0	1735.1970796508615	734
1154	1.0	1348.3855953906782	558
1155	1.0	1948.1482074580897	748
1156	1.0	692.8780378034455	667
1157	1.0	1713.7809597661262	665
1158	1.0	2850.417831711922	576
1159	1.0	515.2133279940516	515
1160	1.0	476.0129859109803	565
1161	1.0	660.0403966724784	596
1162	1.0	1411.312942939801	561
1163	1.0	1124.0368123449216	660
1164	1.0	2600.851789226579	831
1165	1.0	13690.28399074499	886
1166	1.0	1371.679743569131	876
1167	1.0	2205.2713764494815	966
1168	1.0	3505.0264574867983	868
1169	1.0	7898.462076812078	999
1170	1.0	910.5059160557008	749
1171	1.0	2221.296406727909	846
1172	1.0	3766.0122996980253	999
1173	1.0	696.5838217344897	518
1174	1.0	834.5168373355718	743
1175	1.0	703.033056451191	548
1176	1.0	502.96784369894806	458
1177	1.0	2563.414518079894	828
1178	1.0	709.6581358939463	343
1179	1.0	1031.4374468732594	582
1180	1.0	615.0191544823998	556
1181	1.0	813.3616797198608	771
1182	1.0	1770.1688753785234	986
1183	1.0	152.70451625095586	65
1184	1.0	6473.414661166795	970
1185	1.0	1710.8078720851784	739
1186	1.0	569.507823327818	617
1187	1.0	833.2139791153515	656
1188	1.0	1583.1621008073755	658
1189	1.0	1125.2112400698486	695
1190	1.0	1217.5779834626046	850
1191	1.0	1051.8794186478742	657
1192	1.0	2049.3797919215594	1000
1193	1.0	5687.983959430806	997
1194	1.0	1796.9253495951375	941
1195	1.0	2305.4860275547753	916
1196	1.0	484.6900571412794	532
1197	1.0	560.4060312302042	513
1198	1.0	639.04855224658	580
1199	1.0	4160.833046229726	981
1200	1.0	829.5784636778135	602
1201	1.0	1326.2498483138484	516
1202	1.0	4206.654366968641	998
1203	1.0	2237.3210336353045	983
1204	1.0	2401.3110411343146	975
1205	1.0	5347.969381921253	1000
1206	1.0	2985.940488357977	948
1207	1.0	1437.4879557396623	906
1208	1.0	2168.2914196679612	845
1209	1.0	521.2159880809104	602
1210	1.0	3178.115884752959	940
1211	1.0	1661.2361471647564	666
1212	1.0	435.8123475373727	483
1213	1.0	1225.3091654003408	829
1214	1.0	3136.9865958965106	971
1215	1.0	2287.023236432261	982
1216	1.0	2087.2997976040706	979
1217	1.0	3083.4018346913253	970
1218	1.0	1576.9954304365497	681
1219	1.0	1801.5741003032742	941
1220	1.0	13450.913072845962	618
1221	1.0	1910.1876326318852	964
1222	1.0	4079.7208979734055	750
1223	1.0	4792.41884438451	959
1224	1.0	8481.300893586467	916
1225	1.0	15630.117044182267	624
1226	1.0	6399.965797316197	517
1227	1.0	2949.6072710545845	658
1228	1.0	4156.732955798625	1000
1229	1.0	2864.4743135949025	992
1230	1.0	3440.93534313548	757
1231	1.0	12698.753386138522	698
1232	1.0	2681.5609576702814	896
1233	1.0	3120.8458438201365	976
1234	1.0	4154.19800302517	799
1235	1.0	4508.027313117988	864
1236	1.0	8622.624771660216	641
1237	1.0	3707.990836175827	917
1238	1.0	5633.405598391503	545
1239	1.0	3782.0958672858974	1000
1240	1.0	1993.155189611685	555
1241	1.0	6655.870232761813	727
1242	1.0	1952.6145873567987	1000
1243	1.0	323.87625635325907	652
1244	1.0	986.8420864834933	706
1245	1.0	0.0	0
1246	1.0	5758.648097552773	982
1247	1.0	3633.3900846874585	565
1248	1.0	4310.418955956244	894
1249	1.0	17490.96533602505	607
1250	1.0	1992.821864486801	943
1251	1.0	2554.2786473764427	984
1252	1.0	5234.789197508491	620
1253	1.0	1820.7447202649792	942
1254	1.0	1984.4418654147184	1000
1255	1.0	8477.480084501272	933
1256	1.0	15046.63426154359	447
1257	1.0	4064.564365525843	993
1258	1.0	2507.534342262089	626
1259	1.0	6768.30190882841	718
1260	1.0	19651.459094553597	569
1261	1.0	3264.4617681263667	983
1262	1.0	5966.177661749782	985
1263	1.0	3302.72647945428	615
1264	1.0	2414.245481548043	986
1265	1.0	3218.106808283184	598
1266	1.0	3136.0791716086264	926
1267	1.0	2164.467080552952	925
1268	1.0	3434.4229942363972	760
1269	1.0	15290.606289504913	623
1270	1.0	4056.527508325009	923
1271	1.0	2155.33503820101	994
1272	1.0	2318.0640467373296	980
1273	1.0	3193.559896187229	975
1274	1.0	1622.9808037755358	887
1275	1.0	1537.1574997920125	873
1276	1.0	2588.5997616345794	986
1277	1.0	4305.162596457621	936
1278	1.0	2223.6024373604632	923
1279	1.0	2775.2291319420274	568
1280	1.0	8644.859956901244	983
1281	1.0	6185.155242392884	584
1282	1.0	1464.9058178690136	520
1283	1.0	2123.536281031204	964
1284	1.0	1008.3772607145489	523
1285	1.0	698.2150129475588	655
1286	1.0	1429.8852318021509	673
1287	1.0	1580.8845693733706	652
1288	1.0	777.882917739871	545
1289	1.0	824.239941886237	635
1290	1.0	3945.889323762876	957
1291	1.0	861.2793340185212	731
1292	1.0	1641.1043244849188	607
1293	1.0	1099.307768691234	782
1294	1.0	1125.1058194536831	797
1295	1.0	6913.727863043411	935
1296	1.0	4546.112893083522	772
1297	1.0	456.27054446612766	554
1298	1.0	1816.336652328593	954
1299	1.0	1638.7322392505062	978
1300	1.0	3165.520794356193	603
1301	1.0	1601.2483251707	637
1302	1.0	1868.0806024673875	759
1303	1.0	1125.4723150216776	722
1304	1.0	2657.656372504116	543
1305	1.0	1512.0079543815946	628
1306	1.0	3062.09841059197	868
1307	1.0	2071.5939980752573	992
1308	1.0	2214.6548432983773	510
1309	1.0	1422.509515403093	638
1310	1.0	7826.109245399936	723
1311	1.0	4492.747835583051	947
1312	1.0	283.15008579523095	456
1313	1.0	2041.886805044334	980
1314	1.0	2589.2961606180256	537
1315	1.0	3112.6443001075313	650
1316	1.0	1431.208305745689	508
1317	1.0	2985.232921690342	973
1318	1.0	3277.665521403832	543
1319	1.0	218.9392066653677	182
1320	1.0	704.6485102051638	473
1321	1.0	481.02806995656135	587
1322	1.0	2116.492673767947	955
1323	1.0	1799.2071097719784	943
1324	1.0	757.719320083762	647
1325	1.0	1540.556926362003	896
1326	1.0	1619.7458617857787	815
1327	1.0	960.5276269223973	682
1328	1.0	2326.3625493649897	941
1329	1.0	222.0365468660411	177
1330	1.0	0.0	0
1331	1.0	10634.43430367897	605
1332	1.0	1754.0598188416106	815
1333	1.0	5083.585191420822	942
1334	1.0	734.8760160929099	686
1335	1.0	4609.247295858473	426
1336	1.0	5279.502258946354	628
1337	1.0	2466.453648084494	817
1338	1.0	1170.1346435596229	816
1339	1.0	1391.287274003105	614
1340	1.0	9789.53410098457	607
1341	1.0	2463.619035801337	973
1342	1.0	1433.7611607639776	816
1343	1.0	1782.3722568043047	910
1344	1.0	4787.742314951727	472
1345	1.0	6826.569223327324	972
1346	1.0	1918.946812599442	983
1347	1.0	2299.9206485006953	969
1348	1.0	543.0223543434603	490
1349	1.0	1524.829773797503	820
1350	1.0	1755.3052342540936	881
1351	1.0	726.2523889202679	602
1352	1.0	961.400711016676	701
1353	1.0	322.71694144343917	483
1354	1.0	1820.134282638176	938
1355	1.0	1360.0330458295157	554
1356	1.0	661.5393299361205	680
1357	1.0	960.7916486587322	656
1358	1.0	3788.483816145767	926
1359	1.0	1212.4766632496048	794
1360	1.0	4641.67575534756	938
1361	1.0	3295.3255331766854	999
1362	1.0	5325.786847660916	858
1363	1.0	18749.472116545476	586
1364	1.0	5523.349914928532	963
1365	1.0	3901.990670793664	1000
1366	1.0	3495.3126884133903	813
1367	1.0	2591.505313127992	978
1368	1.0	8123.046709813839	599
1369	1.0	3744.795913843021	700
1370	1.0	5996.360543035066	833
1371	1.0	2606.904315888136	858
1372	1.0	3858.857835246706	916
1373	1.0	4292.3171816573185	801
1374	1.0	2141.5633169818734	958
1375	1.0	1601.900733943659	653
1376	1.0	2282.1151006696387	974
1377	1.0	2376.953062952967	823
1378	1.0	4235.396494791045	961
1379	1.0	7907.767723845541	762
1380	1.0	2751.8473936992705	968
1381	1.0	2751.2999527279126	802
1382	1.0	8622.090053273287	767
1383	1.0	2399.6032399125997	974
1384	1.0	2367.819801081809	876
1385	1.0	12357.281632370497	771
1386	1.0	3751.7165629526517	996
1387	1.0	648.8135155779897	619
1388	1.0	1030.547221197042	779
1389	1.0	907.3630688783517	551
1390	1.0	1354.3055448588939	837
1391	1.0	1445.5042072660383	902
1392	1.0	829.609318435484	622
1393	1.0	1097.414766262931	785
1394	1.0	2882.008975201717	901
1395	1.0	553.9087411241997	567
1396	1.0	508.8095262704548	518
1397	1.0	5041.203889474065	988
1398	1.0	837.9284393880707	780
1399	1.0	1349.928299052443	878
1400	1.0	2137.408461622012	968
1401	1.0	1780.399402803567	933
1402	1.0	2053.610519625497	984
1403	1.0	5864.700351263007	919
1404	1.0	1090.4230059513784	550
1405	1.0	2443.9092343344782	709
1406	1.0	1043.9465076323747	736
1407	1.0	2496.88685470709	977
1408	1.0	434.9140993734052	542
1409	1.0	2075.817809777663	947
1410	1.0	792.0306943527966	681
1411	1.0	2245.955689192326	995
1412	1.0	371.34872113687703	586
1413	1.0	1758.3047943053452	892
1414	1.0	2219.386815156147	815
1415	1.0	1436.8455165128628	848
1416	1.0	703.9414669498565	571
1417	1.0	888.5417683156418	670
1418	1.0	1663.2956000120228	770
1419	1.0	676.0400827715832	680
1420	1.0	2493.259088390935	983
1421	1.0	680.2188584640304	396
1422	1.0	1909.57284142038	928
1423	1.0	656.4906214626549	487
1424	1.0	506.2898193099572	628
1425	1.0	681.2990508805059	583
1426	1.0	1788.0122996980297	901
1427	1.0	1176.8727344682013	793
1428	1.0	1104.9422631352486	683
1429	1.0	24.45714285714286	19
1430	1.0	3357.0278732589363	995
1431	1.0	688.9231752108699	719
1432	1.0	1472.2271838441352	897
1433	1.0	668.3950583483016	836
1434	1.0	4379.977974407418	846
1435	1.0	952.7424220804235	704
1436	1.0	5308.034133757023	998
1437	1.0	481.9850991293749	641
1438	1.0	696.6744668233163	543
1439	1.0	778.7619303156607	703
1440	1.0	2909.96308851308	995
1441	1.0	1527.6240905567558	597
1442	1.0	1590.5326186125258	563
1443	1.0	880.8535396185167	654
1444	1.0	1376.3754140048716	852
1445	1.0	575.4847363344778	531
1446	1.0	697.2408041285429	541
1447	1.0	638.9582186181591	616
1448	1.0	583.6712342643627	506
1449	1.0	554.9180718169597	711
1450	1.0	1420.9663661904924	567
1451	1.0	2018.9282734417648	974
1452	1.0	1623.5352234366962	924
1453	1.0	911.5506143469382	570
1454	1.0	879.5861446304752	747
1455	1.0	458.7403923361262	532
1456	1.0	2840.233671424178	989
1457	1.0	442.314459649203	598
1458	1.0	1856.5898946373322	980
1459	1.0	1793.8228327353731	824
1460	1.0	1123.1620781624792	882
1461	1.0	1694.631189611678	896
1462	1.0	540.5056624019298	536
1463	1.0	2360.88839380322	979
1464	1.0	466.6600853456519	741
1465	1.0	434.86241395248874	463
1466	1.0	1472.662183352003	920
1467	1.0	684.9906060384052	685
1468	1.0	4449.553938000305	661
1469	1.0	2460.170316436503	404
1470	1.0	2376.389570340383	485
1471	1.0	1339.5847924359437	843
1472	1.0	1388.2964544700355	628
1473	1.0	984.3046912463846	645
1474	1.0	3381.4112369450263	994
1475	1.0	1446.8410557227437	829
1476	1.0	2789.537791053154	906
1477	1.0	1659.368346532897	847
1478	1.0	709.4081645438118	640
1479	1.0	774.0656604592776	816
1480	1.0	800.4055064920889	469
1481	1.0	3323.5804956596758	955
1482	1.0	1226.0826744507594	873
1483	1.0	967.6707416532765	468
1484	1.0	1521.5903617252413	522
1485	1.0	1755.731748063374	647
1486	1.0	1375.8569515953347	702
1487	1.0	3928.8374912739537	774
1488	1.0	2136.2873250001244	724
1489	1.0	2296.6160121351377	724
1490	1.0	519.6556365677324	520
1491	1.0	347.3819437450814	413
1492	1.0	3402.003639235539	771
1493	1.0	2459.244381012714	619
1494	1.0	1519.612441691322	586
1495	1.0	1136.330487598519	586
1496	1.0	852.8551120070986	517
1497	1.0	990.5661681689543	523
1498	1.0	921.051016919685	571
1499	1.0	1866.3990669031698	992
1500	1.0	1891.140021087958	617
1501	1.0	614.4448446929973	611
1502	1.0	4002.8323321364815	988
1503	1.0	1027.6799558497767	671
1504	1.0	515.4562267302807	622
1505	1.0	1227.56237429981	795
1506	1.0	556.1220801852033	521
1507	1.0	1521.8904640500234	832
1508	1.0	3664.3494839633127	998
1509	1.0	577.0298438317794	513
1510	1.0	525.1143550292154	493
1511	1.0	1069.3027096086096	526
1512	1.0	915.6204561753943	852
1513	1.0	1973.3489510489512	993
1514	1.0	24.651048951048953	41
1515	1.0	2080.009329206338	1000
1516	1.0	3531.6865481365717	996
1517	1.0	990.8234391683309	694
1518	1.0	0.0	0
1519	1.0	4089.907794871536	898
1520	1.0	4497.861405477863	996
1521	1.0	2367.6128620574464	806
1522	1.0	9529.259201024392	915
1523	1.0	20154.56505408182	556
1524	1.0	2514.2545005417037	958
1525	1.0	2373.353508339699	996
1526	1.0	1698.966186211026	735
1527	1.0	4751.592938966659	667
1528	1.0	1124.5608469533847	722
1529	1.0	12859.62722042955	552
1530	1.0	6536.859980864866	697
1531	1.0	2281.035075139052	966
1532	1.0	3779.648189352937	966
1533	1.0	7595.999499325567	857
1534	1.0	8540.212635327825	997
1535	1.0	2146.2146319853655	1000
1536	1.0	6874.357241929193	810
1537	1.0	7952.599517479963	637
1538	1.0	879.5886673054774	639
1539	1.0	3134.102991034306	926
1540	1.0	4007.3144303195745	995
1541	1.0	7020.549542549622	637
1542	1.0	563.8528077199794	485
1543	1.0	698.2815789872135	701
1544	1.0	2103.2116197428804	839
1545	1.0	879.266123404888	523
1546	1.0	474.0399766093103	516
1547	1.0	993.3250257730045	599
1548	1.0	4277.920648500696	999
1549	1.0	3065.740857541383	740
1550	1.0	2130.5211513210597	978
1551	1.0	721.9369730327588	611
1552	1.0	3431.227183844133	996
1553	1.0	2528.715373731831	982
1554	1.0	2285.9084069132728	578
1555	1.0	3207.7912616645986	694
1556	1.0	5465.336208006723	869
1557	1.0	1293.9047181919614	676
1558	1.0	968.0641107456997	691
1559	1.0	386.29209031651936	328
1560	1.0	1176.9439929691878	806
1561	1.0	6448.356383682314	807
1562	1.0	2523.9704194431765	934
1563	1.0	2962.742943722944	988
1564	1.0	5999.259500050875	835
1565	1.0	837.1278562087431	667
1566	1.0	1747.0680819504057	852
1567	1.0	848.1069000230149	561
1568	1.0	622.8205029816562	510
1569	1.0	1013.0883070118566	503
1570	1.0	1664.852011375678	684
1571	1.0	3597.1807265820353	993
1572	1.0	1960.8927043351746	995
1573	1.0	2162.411738484851	956
1574	1.0	1779.8524343237875	914
1575	1.0	656.3994465518123	454
1576	1.0	698.0265532318182	559
1577	1.0	921.1023040665382	632
1578	1.0	496.1097390668423	534
1579	1.0	893.8666894217324	603
1580	1.0	1825.2670442013732	1000
1581	1.0	629.6615939945935	630
1582	1.0	1840.8264212271383	914
1583	1.0	385.1875477450013	576
1584	1.0	1840.4445930979518	828
1585	1.0	2566.6007304286136	719
1586	1.0	572.9959706912209	577
1587	1.0	715.1542444625327	626
1588	1.0	1278.895404527298	368
1589	1.0	661.5398878898893	612
1590	1.0	2414.794233474364	997
1591	1.0	1623.3273880773986	538
1592	1.0	3035.327775410822	660
1593	1.0	2631.3875646270585	566
1594	1.0	918.5914437594806	431
1595	1.0	2196.8869366434974	947
1596	1.0	911.9327485680823	592
1597	1.0	1154.4293506888698	696
1598	1.0	2446.9973924962887	993
1599	1.0	1794.2324246689889	587
1600	1.0	833.5441946878448	594
1601	1.0	1085.45770492368	622
1602	1.0	1228.043748203825	614
1603	1.0	510.25931168881	585
1604	1.0	985.6177203830999	775
1605	1.0	2467.676958900203	984
1606	1.0	1324.3020821049208	631
1607	1.0	936.5600402354555	661
1608	1.0	1849.7289582823817	818
1609	1.0	3114.9973690541638	987
1610	1.0	1963.4664834360378	943
1611	1.0	2351.712650721362	608
1612	1.0	2540.0780746847813	861
1613	1.0	1426.6072831615497	495
1614	1.0	1710.3543629790704	660
1615	1.0	957.1745466803545	643
1616	1.0	735.9182877809056	587
1617	1.0	0.0	0
1618	1.0	6527.490368617328	972
1619	1.0	3871.2805918536424	760
1620	1.0	3857.1659670046815	711
1621	1.0	7519.597635518994	948
1622	1.0	5581.396929688309	703
1623	1.0	2050.702492118322	833
1624	1.0	2773.128846845691	884
1625	1.0	3343.598350563597	870
1626	1.0	3242.447758817848	992
1627	1.0	2730.1709284639333	984
1628	1.0	8261.122710823798	990
1629	1.0	1151.986475621413	730
1630	1.0	2487.1283762665316	869
1631	1.0	7163.933166401425	580
1632	1.0	6513.961672515268	926
1633	1.0	1475.9231591284533	866
1634	1.0	3957.3976717197143	929
1635	1.0	8161.98770030197	999
1636	1.0	10392.535295573189	655
1637	1.0	1010.5345117282751	671
1638	1.0	3961.1328972759675	972
1639	1.0	12360.926177894977	867
1640	1.0	590.239556416947	602
1641	1.0	672.8844274901448	652
1642	1.0	5442.010436944759	761
1643	1.0	1892.1255851882393	925
1644	1.0	2236.735364101091	597
1645	1.0	1153.8747237568516	738
1646	1.0	3746.1115773285183	591
1647	1.0	5212.0376405881125	614
1648	1.0	2436.6058305590227	980
1649	1.0	4991.108521158329	456
1650	1.0	3308.9809874457183	524
1651	1.0	2504.8446110657974	860
1652	1.0	2667.285344385151	882
1653	1.0	1889.4121820122734	933
1654	1.0	920.0927523249042	581
1655	1.0	2435.7668662141755	535
1656	1.0	2295.41217994252	924
1657	1.0	3718.075369048293	645
1658	1.0	2065.0185987474015	684
1659	1.0	929.3807953222454	753
1660	1.0	4172.621240393358	818
1661	1.0	3757.705100962788	899
1662	1.0	409.60935492594933	628
1663	1.0	1466.0812129166616	909
1664	1.0	865.1367244122501	701
1665	1.0	684.7102144224335	540
1666	1.0	6183.987700301969	999
1667	1.0	611.4424550789602	538
1668	1.0	822.1431025274958	798
1669	1.0	820.90959330734	642
1670	1.0	1055.9366946273694	568
1671	1.0	1037.0600475527233	874
1672	1.0	750.3721587627548	657
1673	1.0	344.4721763954124	547
1674	1.0	454.55803216906895	516
1675	1.0	1963.651446972523	505
1676	1.0	1667.541839127094	1000
1677	1.0	1976.8388136563603	950
1678	1.0	3292.0256900341037	672
1679	1.0	985.0730554435854	788
1680	1.0	2177.0934821144156	978
1681	1.0	2744.218043167254	989
1682	1.0	808.0367741379033	633
1683	1.0	2188.763479429981	965
1684	1.0	5729.822207098026	952
1685	1.0	2123.7997729478266	987
1686	1.0	2227.080061697471	719
1687	1.0	950.3339502374026	707
1688	1.0	614.2571135699425	400
1689	1.0	2085.807447053548	599
1690	1.0	2217.15888002691	994
1691	1.0	1678.423649649664	636
1692	1.0	2967.48672522419	996
1693	1.0	2867.9970388782526	627
1694	1.0	2159.3241442583103	626
1695	1.0	1518.7441673744465	753
1696	1.0	1699.6701988265165	523
1697	1.0	1350.8379180055497	521
1698	1.0	1605.6091598860958	839
1699	1.0	593.9591413565671	648
1700	1.0	550.3304344784499	554
1701	1.0	334.3014072387877	545
1702	1.0	641.8121885369851	636
1703	1.0	650.1946341862281	567
1704	1.0	515.2503463252517	459
1705	1.0	597.9708102260399	379
1706	1.0	1520.2571160562459	828
1707	1.0	546.0570961658461	603
1708	1.0	2368.024075548134	988
1709	1.0	2227.9175643727945	947
1710	1.0	2175.9576569302158	931
1711	1.0	4352.151577409065	993
1712	1.0	655.115510083313	592
1713	1.0	1517.6397751543273	852
1714	1.0	1093.174994035178	816
1715	1.0	5104.462569374475	865
1716	1.0	1381.5854542831325	808
1717	1.0	2147.0894595489194	990
1718	1.0	399.1908023979439	342
1719	1.0	2192.5472416118528	967
1720	1.0	2323.9730503161963	957
1721	1.0	1724.3077787023665	934
1722	1.0	653.2178139932175	554
1723	1.0	3313.119148350098	760
1724	1.0	1518.3722588195678	559
1725	1.0	1291.989376832973	746
1726	1.0	2089.7292578429083	958
1727	1.0	726.0125068206446	603
1728	1.0	884.7778462205988	673
1729	1.0	1041.9354377648501	691
1730	1.0	2346.0982935141938	560
1731	1.0	1693.5575864648272	683
1732	1.0	1714.2482344992986	931
1733	1.0	3122.2497069223773	985
1734	1.0	1356.890963005647	504
1735	1.0	470.64340015767107	473
1736	1.0	3312.1422879404963	1000
1737	1.0	2319.0201278563577	834
1738	1.0	2620.7620343996236	990
1739	1.0	2403.232795418054	934
1740	1.0	2094.3209014929844	920
1741	1.0	2080.963365093237	774
1742	1.0	365.76131180961704	426
1743	1.0	454.82818333765033	618
1744	1.0	2628.192575918973	972
1745	1.0	1029.8409708119723	649
1746	1.0	1137.6027477874657	615
1747	1.0	1784.2492114713862	941
1748	1.0	394.99756765045703	507
1749	1.0	2035.3630247894487	983
1750	1.0	591.1407864751571	575
1751	1.0	1804.4493039309143	892
1752	1.0	2770.257472920367	960
1753	1.0	2344.613641385425	960
1754	1.0	2169.579401798917	986
1755	1.0	614.6257660082862	609
1756	1.0	1978.347834402291	969
1757	1.0	2964.652056784277	953
1758	1.0	910.0836506128373	737
1759	1.0	781.5821190035609	633
1760	1.0	934.8560057010948	750
1761	1.0	1309.695568259902	769
1762	1.0	1381.8490931623132	838
1763	1.0	2788.4908345996664	995
1764	1.0	849.9720755808992	757
1765	1.0	765.2814245025277	772
1766	1.0	731.7942813657977	565
1767	1.0	1694.8609847340872	735
1768	1.0	1933.8106736246511	511
1769	1.0	2125.867115501296	995
1770	1.0	3448.3564877451763	933
1771	1.0	886.7447620466714	698
1772	1.0	1351.4726263641955	830
1773	1.0	715.4684937328019	729
1774	1.0	1441.9442485490345	797
1775	1.0	4058.8542348263154	999
1776	1.0	2019.7317046373073	619
1777	1.0	7531.794063665162	788
1778	1.0	3944.777591357178	627
1779	1.0	2013.4203937615446	734
1780	1.0	1336.4601121101132	822
1781	1.0	951.1767038517042	714
1782	1.0	507.2428828459275	593
1783	1.0	2353.6456643250704	994
1784	1.0	6098.7165924120445	692
1785	1.0	5025.200865426435	657
1786	1.0	1470.6061447674406	798
1787	1.0	10086.171395990825	735
1788	1.0	3997.2679677814945	817
1789	1.0	8034.365423216971	939
1790	1.0	2419.158090190697	976
1791	1.0	2563.480634780074	959
1792	1.0	2185.8433999107206	992
1793	1.0	1666.1712610616944	487
1794	1.0	3819.854405149425	989
1795	1.0	2806.2142730325636	716
1796	1.0	992.0589335573314	717
1797	1.0	3360.322707533266	999
1798	1.0	1577.5955476845236	920
1799	1.0	5297.285213875778	619
1800	1.0	498.5294054574667	580
1801	1.0	1042.6444814129668	527
1802	1.0	676.109701587256	551
1803	1.0	1082.4717831240719	558
1804	1.0	782.3231461855916	456
1805	1.0	1021.1898785545386	761
1806	1.0	1250.9984483357234	757
1807	1.0	2062.7926590200054	977
1808	1.0	869.7232158572622	501
1809	1.0	1081.929839228617	669
1810	1.0	1118.578321683306	621
1811	1.0	1587.6266654334745	856
1812	1.0	2250.227113376822	1000
1813	1.0	1192.6115018732723	561
1814	1.0	2465.1134518634226	982
1815	1.0	737.8740065615696	646
1816	1.0	3195.282257024127	606
1817	1.0	2647.8521439191504	648
1818	1.0	3191.1798060313467	563
1819	1.0	1928.811496937978	974
1820	1.0	2424.4946625907387	458
1821	1.0	608.1662355959414	584
1822	1.0	1657.8886619197601	935
1823	1.0	862.7828316976199	732
1824	1.0	1780.2034723266586	944
1825	1.0	556.0068010650098	572
1826	1.0	1253.5351341447906	547
1827	1.0	2107.6517488979057	998
1828	1.0	1573.7535180044097	878
1829	1.0	1089.249522710311	781
1830	1.0	739.2951809726998	561
1831	1.0	1353.136109927257	609
1832	1.0	2804.0497306200405	978
1833	1.0	1004.4498099312524	689
1834	1.0	2002.5977840316682	682
1835	1.0	2133.1899809112338	378
1836	1.0	1085.9292063114044	785
1837	1.0	1590.4974640897408	590
1838	1.0	818.5957465089662	599
1839	1.0	1454.1373922840214	598
1840	1.0	1331.4730664875506	841
1841	1.0	1220.4658761173466	771
1842	1.0	1064.8936251656837	726
1843	1.0	880.0675854301544	730
1844	1.0	1178.6529086624028	886
1845	1.0	912.525930626963	758
1846	1.0	7650.079351499317	999
1847	1.0	5672.079351499312	999
1848	1.0	1261.1453573969252	513
1849	1.0	800.2021106057772	679
1850	1.0	1562.0876156836985	862
1851	1.0	462.28099697389104	522
1852	1.0	2047.772788123106	876
1853	1.0	1026.643426475771	828
1854	1.0	326.32502233476106	489
1855	1.0	1311.515877087229	858
1856	1.0	3374.589409808707	712
1857	1.0	1741.141817652344	823
1858	1.0	856.9150211499217	467
1859	1.0	1355.0865079067776	684
1860	1.0	4586.278858608142	601
1861	1.0	879.2092657281746	662
1862	1.0	2828.7398910440306	999
1863	1.0	534.4809839981193	449
1864	1.0	529.0879358617501	551
1865	1.0	3613.5352234366933	999
1866	1.0	1996.9858711672264	759
1867	1.0	1124.239055922013	695
1868	1.0	937.9254999068613	700
1869	1.0	2149.5603794571593	643
1870	1.0	1597.0008663826288	843
1871	1.0	544.1077884211778	635
1872	1.0	1943.341230206602	599
1873	1.0	4154.495402218889	711
1874	1.0	2180.735239649152	960
1875	1.0	2207.3930284832018	998
1876	1.0	2608.9325501969925	778
1877	1.0	563.2050991678777	560
1878	1.0	834.177330488053	569
1879	1.0	487.4458170133622	663
1880	1.0	414.22877637486533	355
1881	1.0	757.0180408817341	607
1882	1.0	1764.5721310126728	937
1883	1.0	1580.158629112141	891
1884	1.0	2280.6675099754075	999
1885	1.0	1444.2818191010915	831
1886	1.0	5992.944034683422	594
1887	1.0	2204.9402198187436	774
1888	1.0	1884.7498096912354	694
1889	1.0	646.2105635257716	654
1890	1.0	1123.9134543221023	796
1891	1.0	346.26982011519095	419
1892	1.0	1864.8926736118833	950
1893	1.0	541.002719176	663
1894	1.0	3141.766328575824	998
1895	1.0	2877.0008483662264	998
1896	1.0	2003.5746831603474	943
1897	1.0	905.1801247371443	639
1898	1.0	1504.3997502239765	870
1899	1.0	710.5527846336428	482
1900	1.0	396.53022285307367	591
1901	1.0	3171.934336904927	991
1902	1.0	440.6507455092943	470
1903	1.0	1279.8104201274698	880
1904	1.0	1749.762972339302	509
1905	1.0	1996.3723765181624	910
1906	1.0	604.9858199884978	606
1907	1.0	972.072516826732	704
1908	1.0	735.2472328418168	608
1909	1.0	3812.2077620552986	991
1910	1.0	1057.255466257593	723
1911	1.0	1470.3206835591732	910
1912	1.0	608.1131678146496	560
1913	1.0	1104.3450059068293	842
1914	1.0	755.6522682596275	535
1915	1.0	3669.69881866592	522
1916	1.0	798.6259672583986	536
1917	1.0	889.3700834915296	564
1918	1.0	1008.8450799959148	554
1919	1.0	877.4181635240748	631
1920	1.0	2140.4834970580696	872
1921	1.0	1207.6832116742014	700
1922	1.0	2479.0801478866156	700
1923	1.0	975.6523068661074	432
1924	1.0	652.6393201397245	486
1925	1.0	342.76850179492055	546
1926	1.0	1750.4596954230562	959
1927	1.0	364.9799307967362	394
1928	1.0	1078.1188534916992	606
1929	1.0	863.2597177342736	740
1930	1.0	1344.8813536291086	474
1931	1.0	1264.8582564594492	574
1932	1.0	1772.2450990983614	832
1933	1.0	420.4044523154766	461
1934	1.0	2875.4939772215994	596
