10,2
10,6
10,0
10,1
10,3
10,9
10,4
10,5
10,8
10,7
11,0
11,1
11,3
11,2
11,4
11,5
11,8
11,9
11,6
11,7
12,2
12,0
12,1
12,3
12,4
12,5
12,9
12,6
12,7
12,10
13,0
13,1
13,2
13,3
13,4
13,5
13,6
13,12
13,7
13,8
14,0
14,1
14,4
14,8
14,2
14,6
14,3
14,5
14,7
14,11
15,2
15,6
15,0
15,3
15,1
15,13
15,14
15,4
15,5
15,7
16,15
16,0
16,1
16,7
16,2
16,3
16,14
16,4
16,5
16,6
17,0
17,1
17,13
17,2
17,3
17,4
17,8
17,5
17,6
17,15
18,7
18,15
18,0
18,1
18,2
18,16
18,3
18,4
18,5
18,6
19,0
19,1
19,2
19,3
19,4
19,5
19,6
19,9
19,7
19,8
20,0
20,1
20,2
20,19
20,3
20,4
20,5
20,6
20,7
20,8
21,0
21,1
21,10
21,2
21,3
21,13
21,4
21,5
21,6
21,7
22,0
22,1
22,2
22,3
22,6
22,13
22,10
22,4
22,5
22,7
23,10
23,0
23,1
23,2
23,3
23,8
23,4
23,5
23,6
23,7
24,0
24,1
24,2
24,3
24,4
24,5
24,15
24,19
24,6
24,7
25,0
25,1
25,2
25,16
25,3
25,9
25,4
25,17
25,5
25,21
26,18
26,0
26,1
26,2
26,3
26,14
26,7
26,4
26,5
26,6
27,3
27,0
27,5
27,19
27,1
27,2
27,4
27,6
27,7
27,8
28,6
28,0
28,9
28,1
28,12
28,2
28,3
28,4
28,5
28,7
29,0
29,1
29,2
29,3
29,4
29,5
29,6
29,7
29,8
29,9
30,0
30,1
30,2
30,3
30,4
30,5
30,25
30,6
30,7
30,8
31,0
31,1
31,3
31,30
31,2
31,4
31,21
31,7
31,5
31,6
32,0
32,1
32,2
32,26
32,17
32,3
32,4
32,7
32,5
32,6
33,0
33,1
33,2
33,3
33,4
33,5
33,11
33,6
33,14
33,7
34,0
34,1
34,28
34,2
34,3
34,4
34,5
34,6
34,7
34,8
35,0
35,1
35,2
35,3
35,4
35,5
35,24
35,6
35,7
35,8
36,0
36,1
36,2
36,3
36,4
36,5
36,6
36,7
36,35
36,8
37,0
37,1
37,2
37,3
37,4
37,5
37,6
37,21
37,7
37,8
38,29
38,35
38,0
38,1
38,2
38,18
38,3
38,4
38,5
38,6
39,22
39,0
39,1
39,2
39,18
39,3
39,4
39,21
39,5
39,6
40,0
40,24
40,8
40,1
40,31
40,14
40,2
40,3
40,4
40,5
41,0
41,1
41,2
41,3
41,39
41,29
41,4
41,14
41,5
41,6
42,0
42,22
42,34
42,4
42,1
42,15
42,2
42,3
42,5
42,6
43,0
43,1
43,13
43,2
43,3
43,4
43,5
43,6
43,7
43,14
44,0
44,1
44,2
44,40
44,3
44,24
44,4
44,5
44,6
44,19
45,0
45,1
45,2
45,3
45,44
45,12
45,4
45,42
45,5
45,6
46,0
46,2
46,1
46,5
46,3
46,4
46,21
46,6
46,40
46,44
47,18
47,0
47,32
47,11
47,23
47,7
47,1
47,2
47,3
47,12
48,0
48,47
48,1
48,2
48,22
48,33
48,3
48,4
48,6
48,5
49,0
49,1
49,2
49,3
49,4
49,5
49,6
49,7
49,9
49,8
50,45
50,0
50,1
50,18
50,2
50,3
50,4
50,42
50,5
50,6
51,0
51,1
51,9
51,2
51,3
51,4
51,5
51,6
51,7
51,8
52,50
52,48
52,40
52,0
52,16
52,1
52,2
52,3
52,4
52,7
53,13
53,0
53,1
53,2
53,22
53,3
53,4
53,5
53,6
53,7
54,0
54,1
54,25
54,2
54,3
54,4
54,39
54,8
54,40
54,14
55,20
55,0
55,1
55,2
55,3
55,4
55,5
55,6
55,52
55,7
56,0
56,54
56,1
56,39
56,2
56,3
56,10
56,16
56,24
56,28
57,0
57,30
57,1
57,22
57,2
57,6
57,3
57,4
57,5
57,7
58,0
58,42
58,1
58,2
58,3
58,4
58,44
58,5
58,6
58,7
59,0
59,1
59,2
59,57
59,3
59,4
59,39
59,41
59,5
59,6
60,46
60,48
60,0
60,27
60,1
60,59
60,23
60,2
60,3
60,4
61,0
61,1
61,36
61,5
61,2
61,3
61,4
61,6
61,7
61,8
62,29
62,0
62,51
62,1
62,2
62,3
62,4
62,30
62,5
62,45
63,0
63,1
63,23
63,45
63,62
63,30
63,2
63,26
63,44
63,3
64,0
64,1
64,31
64,61
64,2
64,3
64,4
64,5
64,6
64,7
65,0
65,1
65,2
65,3
65,4
65,5
65,22
65,6
65,62
65,7
66,30
66,0
66,47
66,1
66,26
66,2
66,3
66,4
66,5
66,6
67,14
67,0
67,1
67,8
67,2
67,18
67,3
67,4
67,34
67,5
68,0
68,9
68,1
68,2
68,34
68,56
68,3
68,18
68,35
68,26
69,0
69,1
69,2
69,3
69,4
69,5
69,6
69,29
69,7
69,8
70,0
70,1
70,2
70,3
70,4
70,5
70,6
70,7
70,27
70,8
71,0
71,68
71,1
71,2
71,3
71,4
71,65
71,6
71,5
71,7
72,0
72,1
72,2
72,3
72,26
72,4
72,5
72,6
72,7
72,8
73,0
73,1
73,2
73,3
73,4
73,5
73,40
73,6
73,7
73,8
74,0
74,1
74,52
74,2
74,43
74,3
74,4
74,5
74,6
74,7
75,60
75,0
75,1
75,2
75,3
75,14
75,4
75,63
75,5
75,6
76,0
76,1
76,2
76,3
76,51
76,68
76,4
76,5
76,35
76,6
77,12
77,63
77,51
77,16
77,0
77,1
77,2
77,3
77,4
77,36
78,0
78,1
78,2
78,3
78,4
78,5
78,6
78,7
78,8
78,9
79,0
79,30
79,1
79,2
79,3
79,63
79,4
79,5
79,6
79,7
80,0
80,1
80,2
80,3
80,4
80,35
80,5
80,6
80,7
80,8
81,0
81,1
81,2
81,3
81,4
81,5
81,6
81,7
81,8
81,9
82,0
82,1
82,2
82,45
82,11
82,3
82,4
82,44
82,5
82,30
83,0
83,31
83,59
83,1
83,2
83,3
83,4
83,5
83,6
83,7
84,0
84,51
84,1
84,2
84,45
84,3
84,4
84,5
84,6
84,7
85,0
85,1
85,77
85,2
85,10
85,3
85,4
85,5
85,19
85,6
86,0
86,49
86,85
86,1
86,2
86,3
86,10
86,4
86,5
86,6
87,0
87,59
87,36
87,1
87,2
87,3
87,4
87,5
87,45
87,6
88,0
88,1
88,2
88,8
88,3
88,4
88,5
88,6
88,83
88,7
89,0
89,71
89,1
89,2
89,3
89,67
89,15
89,4
89,61
89,83
90,8
90,0
90,1
90,38
90,2
90,28
90,3
90,4
90,5
90,6
91,0
91,1
91,2
91,3
91,4
91,64
91,5
91,6
91,7
91,8
92,1
92,0
92,2
92,78
92,3
92,4
92,31
92,5
92,6
92,7
93,45
93,22
93,0
93,12
93,82
93,1
93,2
93,3
93,4
93,5
94,0
94,1
94,82
94,2
94,3
94,4
94,5
94,6
94,7
94,8
95,0
95,1
95,2
95,3
95,4
95,5
95,6
95,7
95,8
95,52
96,0
96,1
96,2
96,3
96,4
96,5
96,45
96,6
96,7
96,8
97,0
97,1
97,2
97,3
97,6
97,49
97,4
97,5
97,15
97,26
98,0
98,39
98,68
98,1
98,2
98,17
98,3
98,4
98,14
98,5
99,0
99,71
99,63
99,1
99,41
99,2
99,3
99,4
99,5
99,6
100,0
100,37
100,1
100,2
100,3
100,4
100,83
100,6
100,5
100,7
101,0
101,1
101,2
101,77
101,21
101,3
101,4
101,5
101,6
101,66
102,0
102,1
102,2
102,3
102,4
102,5
102,59
102,41
102,6
102,7
103,86
103,0
103,1
103,2
103,3
103,4
103,11
103,82
103,5
103,6
104,0
104,1
104,2
104,3
104,4
104,5
104,6
104,7
104,8
104,9
105,0
105,82
105,1
105,2
105,3
105,4
105,5
105,6
105,7
105,8
106,0
106,47
106,1
106,2
106,3
106,25
106,4
106,5
106,6
106,59
107,0
107,45
107,69
107,1
107,3
107,64
107,2
107,4
107,5
107,6
108,1
108,25
108,62
108,0
108,2
108,3
108,4
108,5
108,6
108,7
109,0
109,92
109,1
109,2
109,3
109,26
109,4
109,5
109,6
109,7
110,75
110,0
110,66
110,86
110,99
110,1
110,2
110,7
110,3
110,4
111,0
111,1
111,66
111,108
111,76
111,2
111,3
111,4
111,5
111,6
112,0
112,1
112,2
112,3
112,4
112,5
112,6
112,76
112,7
112,8
113,0
113,1
113,2
113,3
113,47
113,4
113,84
113,5
113,99
113,6
114,0
114,1
114,2
114,10
114,3
114,17
114,4
114,5
114,6
114,7
115,0
115,1
115,81
115,2
115,90
115,3
115,4
115,5
115,6
115,7
116,0
116,1
116,2
116,3
116,48
116,4
116,5
116,6
116,7
116,8
117,0
117,1
117,48
117,2
117,3
117,4
117,5
117,6
117,32
117,7
118,0
118,1
118,80
118,2
118,115
118,76
118,3
118,4
118,101
118,5
119,91
119,118
119,0
119,1
119,2
119,74
119,3
119,4
119,56
119,52
120,66
120,0
120,1
120,2
120,3
120,4
120,5
120,114
120,6
120,7
121,0
121,1
121,89
121,2
121,3
121,4
121,5
121,35
121,46
121,6
122,43
122,120
122,0
122,1
122,2
122,3
122,42
122,95
122,4
122,65
123,56
123,0
123,1
123,2
123,3
123,39
123,4
123,5
123,6
123,108
124,76
124,0
124,1
124,2
124,3
124,4
124,56
124,5
124,6
124,7
125,68
125,0
125,1
125,2
125,3
125,4
125,5
125,6
125,7
125,8
126,0
126,1
126,2
126,3
126,4
126,115
126,5
126,6
126,7
126,23
127,0
127,98
127,37
127,1
127,101
127,2
127,3
127,4
127,5
127,6
128,0
128,64
128,1
128,2
128,126
128,3
128,45
128,4
128,5
128,6
129,0
129,1
129,2
129,3
129,4
129,87
129,100
129,52
129,5
129,6
130,0
130,1
130,126
130,2
130,3
130,23
130,4
130,5
130,85
130,6
131,67
131,64
131,0
131,1
131,2
131,95
131,3
131,117
131,4
131,57
132,0
132,1
132,61
132,32
132,2
132,3
132,4
132,5
132,6
132,64
133,0
133,112
133,1
133,47
133,2
133,91
133,3
133,4
133,5
133,6
134,0
134,1
134,23
134,115
134,2
134,109
134,54
134,3
134,4
134,5
135,22
135,0
135,1
135,2
135,33
135,3
135,30
135,4
135,5
135,6
136,0
136,120
136,1
136,2
136,3
136,4
136,5
136,6
136,7
136,8
137,0
137,1
137,18
137,2
137,25
137,3
137,61
137,4
137,5
137,6
138,0
138,1
138,2
138,3
138,54
138,4
138,53
138,5
138,100
138,6
139,0
139,111
139,38
139,1
139,135
139,24
139,2
139,3
139,51
139,4
140,1
140,30
140,40
140,0
140,2
140,3
140,4
140,5
140,6
140,7
141,0
141,1
141,2
141,3
141,4
141,67
141,5
141,6
141,7
141,8
142,114
142,0
142,1
142,116
142,2
142,3
142,4
142,5
142,17
142,117
143,128
143,0
143,133
143,1
143,2
143,3
143,4
143,5
143,64
143,6
144,66
144,120
144,0
144,57
144,14
144,7
144,1
144,2
144,71
144,3
145,15
145,0
145,1
145,2
145,52
145,140
145,3
145,91
145,19
145,81
146,84
146,100
146,19
146,0
146,1
146,2
146,3
146,4
146,5
146,6
147,104
147,0
147,1
147,2
147,3
147,4
147,5
147,6
147,7
147,8
148,0
148,70
148,1
148,2
148,128
148,3
148,4
148,81
148,5
148,116
149,0
149,1
149,36
149,2
149,3
149,4
149,5
149,6
149,23
149,51
150,0
150,1
150,95
150,26
150,2
150,3
150,4
150,5
150,6
150,7
151,0
151,1
151,59
151,2
151,3
151,34
151,4
151,5
151,14
151,6
152,0
152,1
152,2
152,115
152,3
152,4
152,5
152,6
152,7
152,65
153,2
153,0
153,80
153,1
153,124
153,3
153,4
153,5
153,6
153,139
154,0
154,108
154,87
154,1
154,2
154,3
154,4
154,5
154,6
154,7
155,0
155,1
155,2
155,3
155,4
155,87
155,5
155,6
155,7
155,115
156,0
156,1
156,23
156,2
156,109
156,3
156,87
156,4
156,5
156,45
157,0
157,1
157,28
157,2
157,3
157,45
157,4
157,5
157,134
157,33
158,139
158,0
158,1
158,91
158,2
158,101
158,3
158,4
158,5
158,6
159,48
159,0
159,1
159,2
159,8
159,71
159,94
159,82
159,3
159,23
160,0
160,1
160,2
160,93
160,3
160,39
160,69
160,4
160,5
160,6
161,0
161,1
161,2
161,144
161,3
161,115
161,4
161,5
161,137
161,91
162,0
162,1
162,2
162,3
162,4
162,5
162,23
162,6
162,7
162,133
163,0
163,1
163,2
163,123
163,150
163,3
163,4
163,17
163,103
163,5
164,93
164,94
164,0
164,1
164,2
164,3
164,4
164,5
164,6
164,7
165,0
165,1
165,2
165,3
165,4
165,5
165,6
165,117
165,7
165,101
166,0
166,134
166,1
166,2
166,3
166,7
166,4
166,5
166,6
166,8
167,159
167,0
167,1
167,136
167,2
167,3
167,107
167,4
167,5
167,6
168,139
168,0
168,1
168,140
168,2
168,71
168,7
168,90
168,3
168,4
169,0
169,1
169,18
169,2
169,3
169,4
169,5
169,96
169,6
169,7
170,0
170,1
170,2
170,161
170,3
170,4
170,5
170,6
170,158
170,7
171,0
171,1
171,2
171,3
171,4
171,160
171,5
171,6
171,7
171,8
172,0
172,1
172,2
172,3
172,164
172,4
172,5
172,6
172,7
172,8
173,0
173,106
173,1
173,2
173,3
173,4
173,5
173,6
173,7
173,127
174,0
174,1
174,2
174,3
174,4
174,5
174,6
174,143
174,7
174,8
175,0
175,1
175,149
175,163
175,166
175,2
175,85
175,3
175,6
175,99
176,0
176,46
176,79
176,1
176,2
176,3
176,4
176,115
176,5
176,97
177,0
177,1
177,2
177,3
177,4
177,5
177,6
177,7
177,8
177,26
178,0
178,64
178,1
178,2
178,3
178,4
178,5
178,6
178,7
178,8
179,60
179,21
179,0
179,155
179,113
179,173
179,1
179,2
179,3
179,4
180,0
180,40
180,1
180,2
180,35
180,3
180,4
180,102
180,5
180,6
181,0
181,1
181,27
181,2
181,3
181,4
181,154
181,5
181,80
181,6
182,0
182,97
182,55
182,159
182,35
182,1
182,2
182,3
182,4
182,5
183,0
183,1
183,2
183,3
183,65
183,107
183,4
183,120
183,165
183,5
184,72
184,0
184,1
184,2
184,3
184,4
184,12
184,5
184,6
184,7
185,0
185,142
185,90
185,124
185,1
185,2
185,3
185,26
185,4
185,5
186,0
186,1
186,2
186,3
186,4
186,5
186,101
186,80
186,66
186,6
187,0
187,97
187,1
187,2
187,132
187,3
187,4
187,5
187,6
187,168
188,0
188,1
188,2
188,3
188,53
188,4
188,5
188,6
188,7
188,8
189,102
189,0
189,1
189,120
189,2
189,146
189,3
189,4
189,5
189,32
190,0
190,1
190,2
190,3
190,124
190,4
190,5
190,6
190,123
190,7
191,53
191,0
191,1
191,2
191,15
191,3
191,173
191,4
191,5
191,6
192,0
192,1
192,2
192,187
192,3
192,4
192,5
192,6
192,110
192,7
193,0
193,1
193,2
193,119
193,3
193,4
193,5
193,6
193,7
193,8
194,0
194,1
194,123
194,142
194,2
194,3
194,4
194,146
194,5
194,10
195,0
195,138
195,1
195,2
195,3
195,130
195,4
195,5
195,83
195,189
196,0
196,1
196,2
196,3
196,4
196,5
196,6
196,7
196,132
196,8
197,0
197,1
197,36
197,2
197,3
197,4
197,5
197,6
197,75
197,166
198,0
198,169
198,1
198,2
198,3
198,4
198,190
198,5
198,6
198,7
199,0
199,32
199,1
199,2
199,190
199,143
199,3
199,4
199,5
199,6
200,81
200,0
200,1
200,161
200,2
200,3
200,196
200,4
200,5
200,17
201,0
201,99
201,1
201,2
201,3
201,147
201,4
201,155
201,192
201,5
202,120
202,48
202,107
202,0
202,1
202,2
202,3
202,101
202,82
202,4
203,0
203,1
203,2
203,3
203,116
203,4
203,5
203,6
203,7
203,8
204,0
204,130
204,1
204,2
204,3
204,4
204,5
204,6
204,61
204,39
205,0
205,1
205,2
205,3
205,17
205,4
205,5
205,34
205,6
205,7
206,0
206,171
206,124
206,87
206,1
206,197
206,2
206,11
206,3
206,58
207,0
207,27
207,175
207,1
207,2
207,3
207,4
207,5
207,6
207,7
208,0
208,1
208,2
208,13
208,30
208,3
208,42
208,4
208,196
208,5
209,0
209,1
209,2
209,3
209,198
209,4
209,106
209,114
209,71
209,5
210,185
210,166
210,96
210,0
210,1
210,103
210,180
210,84
210,2
210,3
211,0
211,196
211,1
211,2
211,3
211,4
211,5
211,6
211,7
211,66
212,0
212,1
212,2
212,3
212,4
212,66
212,5
212,71
212,6
212,7
213,0
213,1
213,178
213,2
213,72
213,3
213,4
213,5
213,6
213,136
214,0
214,28
214,1
214,2
214,3
214,4
214,5
214,6
214,7
214,185
215,56
215,0
215,1
215,2
215,3
215,4
215,115
215,5
215,6
215,7
216,0
216,1
216,2
216,3
216,82
216,4
216,100
216,5
216,6
216,7
217,4
217,15
217,42
217,0
217,47
217,1
217,2
217,3
217,5
217,6
218,168
218,0
218,1
218,2
218,3
218,210
218,213
218,4
218,204
218,5
219,0
219,1
219,2
219,76
219,206
219,3
219,60
219,4
219,5
219,8
220,212
220,0
220,1
220,44
220,2
220,156
220,3
220,4
220,5
220,6
221,0
221,1
221,2
221,3
221,4
221,102
221,5
221,6
221,107
221,7
222,0
222,1
222,179
222,2
222,3
222,88
222,4
222,200
222,5
222,6
223,0
223,1
223,2
223,54
223,10
223,204
223,3
223,4
223,5
223,6
224,0
224,1
224,2
224,40
224,186
224,3
224,4
224,166
224,29
224,5
225,0
225,1
225,2
225,3
225,4
225,47
225,5
225,53
225,6
225,7
226,0
226,1
226,2
226,26
226,3
226,111
226,92
226,21
226,4
226,5
227,0
227,1
227,66
227,2
227,3
227,4
227,5
227,6
227,7
227,8
228,0
228,1
228,2
228,45
228,3
228,4
228,103
228,5
228,105
228,144
229,0
229,1
229,2
229,144
229,3
229,120
229,221
229,4
229,5
229,6
230,0
230,1
230,2
230,136
230,3
230,140
230,4
230,5
230,6
230,7
231,0
231,1
231,2
231,3
231,4
231,192
231,230
231,5
231,6
231,7
232,0
232,1
232,49
232,76
232,223
232,2
232,3
232,4
232,5
232,6
233,0
233,16
233,1
233,2
233,218
233,3
233,4
233,5
233,6
233,7
234,17
234,0
234,1
234,2
234,3
234,4
234,30
234,5
234,188
234,6
235,0
235,1
235,2
235,55
235,3
235,4
235,5
235,6
235,7
235,8
236,0
236,14
236,1
236,213
236,2
236,3
236,4
236,5
236,6
236,195
237,0
237,78
237,24
237,1
237,2
237,3
237,69
237,4
237,97
237,34
238,0
238,1
238,2
238,128
238,3
238,4
238,5
238,6
238,7
238,94
239,220
239,0
239,1
239,2
239,3
239,4
239,5
239,168
239,6
239,7
240,191
240,128
240,0
240,1
240,196
240,20
240,52
240,154
240,2
240,3
241,0
241,1
241,2
241,3
241,4
241,41
241,5
241,205
241,24
241,6
242,228
242,30
242,0
242,1
242,197
242,2
242,3
242,4
242,5
242,6
243,0
243,1
243,2
243,3
243,4
243,5
243,218
243,6
243,7
243,8
244,36
244,0
244,1
244,2
244,46
244,3
244,42
244,4
244,5
244,85
245,0
245,1
245,149
245,2
245,153
245,3
245,13
245,148
245,4
245,146
246,0
246,1
246,206
246,2
246,3
246,4
246,5
246,6
246,7
246,91
247,0
247,1
247,2
247,28
247,37
247,3
247,4
247,5
247,205
247,6
248,0
248,40
248,1
248,2
248,3
248,95
248,4
248,5
248,6
248,178
249,0
249,50
249,1
249,2
249,3
249,100
249,4
249,5
249,6
249,53
250,0
250,119
250,1
250,2
250,3
250,171
250,4
250,96
250,5
250,63
251,0
251,1
251,2
251,145
251,3
251,58
251,4
251,45
251,5
251,41
252,0
252,194
252,1
252,2
252,127
252,210
252,3
252,4
252,143
252,5
253,0
253,143
253,1
253,2
253,114
253,3
253,65
253,4
253,73
253,127
254,0
254,1
254,2
254,3
254,4
254,5
254,82
254,62
254,6
254,7
255,5
255,0
255,1
255,2
255,3
255,4
255,231
255,209
255,107
255,6
256,143
256,0
256,1
256,2
256,3
256,4
256,48
256,80
256,5
256,6
257,252
257,0
257,1
257,2
257,3
257,4
257,5
257,6
257,155
257,7
258,0
258,1
258,2
258,3
258,4
258,145
258,112
258,21
258,5
258,6
259,66
259,0
259,1
259,2
259,3
259,24
259,4
259,5
259,32
259,253
260,0
260,1
260,2
260,3
260,4
260,5
260,6
260,20
260,7
260,8
261,0
261,127
261,76
261,1
261,58
261,2
261,3
261,194
261,4
261,5
262,0
262,1
262,2
262,3
262,175
262,4
262,5
262,6
262,7
262,8
263,0
263,1
263,203
263,197
263,2
263,176
263,80
263,3
263,4
263,120
264,0
264,1
264,12
264,2
264,3
264,157
264,142
264,4
264,42
264,5
265,0
265,106
265,1
265,2
265,10
265,3
265,4
265,5
265,70
265,6
266,0
266,1
266,2
266,3
266,4
266,5
266,145
266,6
266,70
266,7
267,0
267,1
267,255
267,2
267,3
267,4
267,5
267,6
267,7
267,121
268,0
268,164
268,1
268,2
268,22
268,3
268,4
268,29
268,5
268,6
269,241
269,0
269,1
269,2
269,3
269,4
269,5
269,6
269,257
269,236
270,0
270,1
270,133
270,17
270,2
270,3
270,4
270,248
270,5
270,6
271,0
271,1
271,2
271,49
271,113
271,3
271,4
271,56
271,5
271,6
272,0
272,1
272,270
272,2
272,160
272,3
272,47
272,4
272,16
272,151
273,268
273,0
273,1
273,2
273,262
273,3
273,4
273,141
273,5
273,103
274,211
274,0
274,1
274,2
274,81
274,3
274,4
274,5
274,195
274,6
275,212
275,185
275,254
275,0
275,1
275,273
275,65
275,2
275,3
275,4
276,0
276,1
276,15
276,2
276,3
276,4
276,5
276,172
276,6
276,7
277,0
277,1
277,2
277,3
277,4
277,5
277,19
277,257
277,6
277,7
278,146
278,0
278,208
278,72
278,253
278,1
278,2
278,3
278,4
278,5
279,45
279,8
279,0
279,1
279,2
279,110
279,3
279,30
279,4
279,253
280,0
280,216
280,1
280,70
280,2
280,32
280,3
280,4
280,78
280,5
281,0
281,1
281,165
281,195
281,2
281,266
281,3
281,4
281,5
281,6
282,230
282,0
282,1
282,201
282,2
282,3
282,4
282,114
282,5
282,6
283,251
283,0
283,218
283,1
283,2
283,3
283,4
283,5
283,6
283,7
284,0
284,1
284,2
284,3
284,128
284,4
284,77
284,5
284,6
284,7
285,0
285,1
285,246
285,2
285,3
285,4
285,5
285,6
285,7
285,66
286,104
286,277
286,0
286,1
286,205
286,63
286,2
286,3
286,4
286,5
287,0
287,1
287,207
287,2
287,3
287,4
287,5
287,161
287,200
287,6
288,193
288,0
288,222
288,1
288,2
288,3
288,162
288,216
288,4
288,5
289,251
289,28
289,0
289,1
289,2
289,134
289,3
289,4
289,238
289,5
290,0
290,1
290,2
290,3
290,4
290,5
290,6
290,7
290,8
290,164
291,0
291,1
291,2
291,3
291,4
291,53
291,5
291,6
291,7
291,8
292,0
292,244
292,189
292,1
292,110
292,2
292,186
292,36
292,3
292,4
293,17
293,45
293,56
293,102
293,0
293,1
293,2
293,47
293,116
293,91
294,183
294,0
294,1
294,2
294,3
294,4
294,176
294,5
294,286
294,6
295,0
295,11
295,70
295,1
295,202
295,236
295,109
295,2
295,143
295,26
296,240
296,0
296,1
296,2
296,3
296,4
296,5
296,6
296,7
296,8
297,0
297,105
297,1
297,2
297,3
297,111
297,4
297,264
297,171
297,5
298,0
298,183
298,1
298,2
298,3
298,4
298,5
298,6
298,7
298,8
299,0
299,1
299,84
299,95
299,2
299,3
299,4
299,5
299,6
299,7
300,174
300,204
300,0
300,1
300,145
300,2
300,190
300,250
300,3
300,4
301,0
301,1
301,2
301,3
301,4
301,5
301,6
301,203
301,7
301,8
302,0
302,188
302,166
302,1
302,2
302,3
302,37
302,4
302,5
302,6
303,0
303,1
303,139
303,61
303,251
303,35
303,234
303,2
303,3
303,4
304,0
304,13
304,1
304,2
304,111
304,3
304,4
304,5
304,6
304,7
305,0
305,1
305,205
305,186
305,2
305,3
305,4
305,5
305,85
305,6
306,0
306,1
306,2
306,117
306,3
306,4
306,5
306,120
306,6
306,7
307,0
307,1
307,121
307,2
307,130
307,3
307,4
307,5
307,6
307,7
308,0
308,176
308,40
308,1
308,2
308,68
308,3
308,4
308,5
308,98
309,0
309,1
309,2
309,3
309,4
309,5
309,6
309,33
309,154
309,7
310,0
310,1
310,2
310,3
310,154
310,153
310,124
310,4
310,28
310,51
311,0
311,1
311,2
311,3
311,4
311,5
311,6
311,7
311,8
311,9
312,0
312,1
312,2
312,3
312,4
312,5
312,6
312,7
312,8
312,9
313,0
313,260
313,1
313,2
313,3
313,56
313,4
313,5
313,312
313,147
314,0
314,1
314,2
314,3
314,191
314,4
314,5
314,6
314,7
314,8
315,31
315,0
315,1
315,2
315,3
315,131
315,4
315,5
315,42
315,6
316,80
316,0
316,1
316,2
316,301
316,3
316,4
316,5
316,6
316,7
317,0
317,1
317,2
317,3
317,4
317,258
317,5
317,226
317,6
317,7
318,152
318,0
318,1
318,2
318,3
318,4
318,187
318,5
318,6
318,7
319,0
319,1
319,2
319,3
319,140
319,4
319,5
319,6
319,7
319,8
320,36
320,0
320,1
320,3
320,2
320,309
320,4
320,5
320,6
320,7
321,0
321,1
321,2
321,3
321,4
321,45
321,5
321,6
321,7
321,8
322,0
322,1
322,2
322,3
322,4
322,5
322,6
322,7
322,8
322,231
323,0
323,4
323,77
323,23
323,1
323,2
323,3
323,5
323,6
323,7
324,261
324,0
324,1
324,55
324,2
324,3
324,289
324,4
324,5
324,6
325,0
325,204
325,1
325,284
325,4
325,2
325,3
325,5
325,301
325,6
326,0
326,1
326,2
326,3
326,78
326,4
326,192
326,318
326,66
326,138
327,0
327,1
327,159
327,229
327,96
327,21
327,286
327,116
327,27
327,2
328,58
328,180
328,103
328,38
328,239
328,0
328,1
328,2
328,3
328,324
329,0
329,1
329,2
329,3
329,278
329,4
329,5
329,126
329,6
329,37
330,0
330,1
330,2
330,3
330,4
330,5
330,230
330,6
330,7
330,177
331,0
331,137
331,1
331,2
331,3
331,4
331,5
331,6
331,7
331,8
332,205
332,96
332,297
332,0
332,1
332,121
332,80
332,2
332,3
332,4
333,0
333,1
333,2
333,84
333,280
333,316
333,3
333,4
333,5
333,275
334,0
334,1
334,2
334,3
334,4
334,5
334,6
334,7
334,91
334,8
335,0
335,92
335,1
335,2
335,3
335,116
335,57
335,4
335,5
335,6
336,98
336,0
336,275
336,329
336,1
336,32
336,2
336,178
336,3
336,205
337,0
337,151
337,209
337,244
337,224
337,1
337,2
337,3
337,4
337,5
338,261
338,0
338,220
338,1
338,75
338,310
338,2
338,232
338,3
338,4
339,0
339,1
339,69
339,2
339,3
339,4
339,5
339,51
339,164
339,112
340,254
340,0
340,151
340,241
340,1
340,2
340,283
340,3
340,13
340,4
341,0
341,30
341,1
341,2
341,29
341,3
341,4
341,5
341,6
341,217
342,0
342,1
342,2
342,3
342,4
342,5
342,300
342,6
342,7
342,8
343,0
343,314
343,119
343,1
343,41
343,47
343,2
343,3
343,51
343,4
344,0
344,1
344,2
344,3
344,4
344,5
344,6
344,7
344,8
344,9
345,68
345,174
345,0
345,1
345,2
345,237
345,191
345,168
345,3
345,4
346,0
346,1
346,2
346,3
346,4
346,200
346,309
346,5
346,318
346,202
347,0
347,26
347,333
347,1
347,2
347,3
347,4
347,5
347,6
347,7
348,313
348,21
348,0
348,337
348,109
348,1
348,318
348,2
348,3
348,15
349,56
349,0
349,295
349,1
349,240
349,2
349,141
349,3
349,4
349,196
350,0
350,1
350,2
350,75
350,3
350,4
350,5
350,6
350,7
350,229
351,0
351,1
351,2
351,3
351,192
351,4
351,5
351,6
351,58
351,7
352,0
352,1
352,10
352,163
352,2
352,3
352,4
352,259
352,89
352,5
353,0
353,1
353,149
353,2
353,3
353,99
353,211
353,4
353,5
353,196
354,292
354,0
354,152
354,1
354,2
354,316
354,212
354,3
354,88
354,158
355,0
355,1
355,2
355,3
355,4
355,5
355,6
355,7
355,8
355,9
356,157
356,147
356,0
356,1
356,2
356,3
356,4
356,5
356,6
356,142
357,232
357,0
357,1
357,2
357,3
357,116
357,181
357,4
357,5
357,246
358,0
358,1
358,2
358,3
358,4
358,5
358,6
358,172
358,7
358,250
359,0
359,1
359,224
359,2
359,256
359,43
359,3
359,294
359,4
359,5
360,0
360,1
360,2
360,269
360,3
360,278
360,4
360,5
360,6
360,7
361,0
361,1
361,2
361,3
361,45
361,4
361,48
361,5
361,6
361,302
362,74
362,0
362,4
362,1
362,2
362,3
362,5
362,6
362,301
362,7
363,45
363,252
363,309
363,0
363,29
363,1
363,2
363,214
363,3
363,4
364,225
364,0
364,1
364,2
364,207
364,3
364,29
364,4
364,5
364,6
365,0
365,186
365,1
365,2
365,238
365,3
365,301
365,4
365,5
365,6
366,98
366,0
366,1
366,2
366,226
366,3
366,4
366,5
366,6
366,88
367,295
367,0
367,129
367,1
367,2
367,3
367,4
367,275
367,5
367,6
368,0
368,1
368,149
368,241
368,2
368,3
368,4
368,87
368,5
368,6
369,0
369,1
369,2
369,3
369,4
369,5
369,142
369,6
369,147
369,166
370,0
370,1
370,2
370,3
370,4
370,155
370,5
370,221
370,27
370,6
371,0
371,1
371,2
371,3
371,267
371,4
371,5
371,6
371,7
371,94
372,233
372,0
372,1
372,2
372,3
372,4
372,5
372,190
372,6
372,7
373,0
373,1
373,2
373,3
373,4
373,5
373,6
373,7
373,8
373,51
374,0
374,1
374,204
374,131
374,2
374,157
374,3
374,4
374,5
374,6
375,2
375,0
375,1
375,3
375,4
375,5
375,6
375,7
375,220
375,8
376,0
376,239
376,1
376,2
376,3
376,4
376,5
376,6
376,7
376,8
377,279
377,0
377,116
377,1
377,282
377,269
377,276
377,2
377,3
377,4
378,0
378,148
378,1
378,2
378,3
378,4
378,5
378,308
378,6
378,7
379,285
379,0
379,101
379,260
379,355
379,183
379,150
379,303
379,367
379,1
380,0
380,1
380,364
380,320
380,2
380,3
380,4
380,67
380,54
380,5
381,0
381,1
381,91
381,2
381,200
381,3
381,4
381,5
381,6
381,7
382,0
382,139
382,1
382,2
382,3
382,4
382,5
382,290
382,6
382,225
383,0
383,1
383,2
383,380
383,3
383,4
383,5
383,6
383,7
383,347
384,0
384,1
384,106
384,2
384,3
384,4
384,5
384,6
384,7
384,8
385,0
385,1
385,2
385,103
385,3
385,13
385,186
385,195
385,4
385,5
386,0
386,1
386,2
386,3
386,306
386,4
386,5
386,6
386,7
386,8
387,0
387,180
387,1
387,2
387,3
387,351
387,4
387,199
387,5
387,6
388,0
388,1
388,262
388,2
388,3
388,4
388,316
388,5
388,6
388,7
389,0
389,1
389,2
389,3
389,217
389,4
389,5
389,68
389,6
389,7
390,0
390,293
390,178
390,1
390,2
390,369
390,149
390,331
390,3
390,4
391,110
391,0
391,1
391,2
391,185
391,189
391,3
391,4
391,5
391,16
392,195
392,0
392,1
392,353
392,2
392,3
392,284
392,148
392,4
392,190
393,0
393,1
393,208
393,2
393,3
393,229
393,4
393,5
393,98
393,6
394,172
394,304
394,0
394,276
394,1
394,118
394,280
394,121
394,2
394,188
395,0
395,1
395,2
395,3
395,4
395,5
395,6
395,7
395,8
395,9
396,0
396,1
396,2
396,3
396,4
396,5
396,6
396,7
396,8
396,339
397,0
397,1
397,2
397,3
397,72
397,4
397,5
397,6
397,7
397,8
398,201
398,79
398,0
398,310
398,115
398,1
398,2
398,52
398,213
398,3
399,246
399,0
399,1
399,2
399,268
399,3
399,174
399,4
399,5
399,6
400,0
400,1
400,358
400,2
400,3
400,4
400,5
400,6
400,7
400,8
401,0
401,1
401,2
401,355
401,3
401,4
401,37
401,5
401,389
401,6
402,11
402,0
402,1
402,2
402,3
402,4
402,5
402,6
402,7
402,8
403,0
403,1
403,84
403,171
403,2
403,285
403,3
403,4
403,5
403,327
404,0
404,1
404,2
404,3
404,4
404,5
404,377
404,6
404,7
404,8
405,0
405,351
405,1
405,377
405,2
405,3
405,4
405,5
405,6
405,7
406,27
406,0
406,132
406,1
406,2
406,3
406,4
406,5
406,45
406,6
407,0
407,1
407,2
407,3
407,4
407,5
407,101
407,230
407,263
407,15
408,0
408,1
408,2
408,381
408,3
408,211
408,4
408,5
408,160
408,6
409,141
409,0
409,191
409,1
409,19
409,2
409,3
409,4
409,5
409,6
410,0
410,150
410,162
410,1
410,360
410,2
410,3
410,4
410,5
410,6
411,189
411,0
411,1
411,298
411,2
411,3
411,4
411,5
411,6
411,238
412,176
412,17
412,0
412,343
412,264
412,1
412,2
412,39
412,3
412,4
413,0
413,351
413,1
413,2
413,3
413,4
413,5
413,255
413,6
413,7
414,331
414,0
414,1
414,2
414,3
414,4
414,5
414,6
414,7
414,8
415,0
415,1
415,103
415,2
415,355
415,34
415,280
415,3
415,4
415,282
416,0
416,228
416,1
416,221
416,67
416,2
416,301
416,290
416,3
416,4
417,0
417,1
417,337
417,2
417,3
417,4
417,5
417,6
417,7
417,8
418,260
418,146
418,0
418,1
418,2
418,3
418,114
418,4
418,399
418,5
419,382
419,0
419,1
419,2
419,403
419,3
419,4
419,5
419,6
419,7
420,0
420,366
420,1
420,402
420,2
420,3
420,4
420,165
420,5
420,6
421,0
421,61
421,1
421,2
421,88
421,117
421,3
421,363
421,4
421,351
422,0
422,1
422,2
422,3
422,4
422,5
422,6
422,7
422,8
422,280
423,248
423,0
423,1
423,2
423,3
423,4
423,301
423,206
423,410
423,5
424,0
424,84
424,136
424,22
424,149
424,351
424,12
424,1
424,2
424,3
425,0
425,95
425,287
425,1
425,75
425,2
425,3
425,4
425,5
425,6
426,0
426,1
426,379
426,2
426,3
426,318
426,4
426,5
426,75
426,6
427,0
427,1
427,80
427,2
427,3
427,4
427,5
427,137
427,184
427,85
428,0
428,1
428,370
428,2
428,3
428,15
428,4
428,5
428,6
428,7
429,415
429,148
429,0
429,27
429,1
429,2
429,3
429,4
429,160
429,5
430,0
430,1
430,2
430,3
430,4
430,5
430,264
430,6
430,7
430,338
431,277
431,0
431,1
431,206
431,234
431,2
431,424
431,3
431,4
431,5
432,0
432,360
432,1
432,377
432,152
432,2
432,3
432,4
432,5
432,6
433,218
433,382
433,163
433,0
433,1
433,2
433,3
433,4
433,5
433,6
434,211
434,90
434,0
434,288
434,1
434,2
434,3
434,310
434,4
434,172
435,0
435,1
435,2
435,3
435,196
435,252
435,249
435,4
435,207
435,5
436,0
436,1
436,190
436,2
436,3
436,4
436,5
436,6
436,7
436,8
437,0
437,1
437,2
437,329
437,3
437,279
437,403
437,94
437,357
437,4
438,410
438,333
438,274
438,0
438,1
438,317
438,302
438,162
438,2
438,75
439,0
439,1
439,2
439,3
439,4
439,5
439,6
439,7
439,404
439,8
440,0
440,194
440,100
440,1
440,2
440,191
440,3
440,4
440,5
440,6
441,22
441,0
441,1
441,2
441,3
441,57
441,4
441,5
441,6
441,311
442,138
442,219
442,93
442,108
442,0
442,1
442,2
442,3
442,134
442,4
443,0
443,1
443,2
443,3
443,4
443,277
443,5
443,6
443,7
443,8
444,0
444,298
444,1
444,2
444,156
444,3
444,328
444,352
444,4
444,5
445,64
445,0
445,1
445,2
445,3
445,4
445,5
445,6
445,7
445,8
446,290
446,135
446,0
446,1
446,21
446,424
446,2
446,3
446,4
446,5
447,0
447,1
447,35
447,2
447,3
447,4
447,5
447,6
447,7
447,75
448,0
448,1
448,292
448,2
448,3
448,4
448,16
448,5
448,23
448,6
449,219
449,0
449,353
449,1
449,101
449,2
449,3
449,4
449,5
449,6
450,0
450,1
450,51
450,2
450,174
450,3
450,4
450,5
450,347
450,6
451,0
451,1
451,2
451,3
451,424
451,4
451,5
451,6
451,19
451,7
452,31
452,0
452,1
452,2
452,145
452,3
452,284
452,4
452,5
452,435
453,22
453,0
453,1
453,2
453,307
453,3
453,4
453,5
453,6
453,7
454,353
454,0
454,1
454,2
454,71
454,3
454,4
454,438
454,5
454,6
455,394
455,0
455,1
455,450
455,2
455,3
455,4
455,5
455,186
455,178
456,0
456,60
456,357
456,1
456,404
456,284
456,239
456,2
456,3
456,353
457,0
457,1
457,2
457,3
457,4
457,5
457,6
457,83
457,78
457,7
458,0
458,419
458,1
458,2
458,3
458,63
458,4
458,342
458,5
458,6
459,211
459,0
459,1
459,2
459,3
459,163
459,4
459,5
459,6
459,7
460,0
460,1
460,2
460,3
460,4
460,5
460,136
460,6
460,305
460,7
461,0
461,1
461,2
461,399
461,3
461,4
461,5
461,212
461,6
461,7
462,35
462,228
462,0
462,161
462,460
462,371
462,1
462,2
462,3
462,56
463,365
463,0
463,450
463,1
463,2
463,3
463,4
463,391
463,5
463,6
464,0
464,1
464,2
464,3
464,4
464,5
464,6
464,422
464,58
464,7
465,0
465,364
465,1
465,2
465,3
465,353
465,4
465,100
465,288
465,5
466,0
466,390
466,1
466,2
466,3
466,4
466,5
466,6
466,7
466,8
467,0
467,284
467,1
467,117
467,2
467,446
467,3
467,265
467,4
467,13
468,93
468,0
468,1
468,170
468,2
468,39
468,3
468,4
468,5
468,53
469,0
469,1
469,2
469,3
469,4
469,5
469,6
469,12
469,7
469,309
470,69
470,265
470,84
470,224
470,0
470,1
470,2
470,209
470,3
470,4
471,8
471,0
471,373
471,1
471,65
471,190
471,434
471,2
471,3
471,289
472,198
472,0
472,1
472,2
472,404
472,3
472,4
472,62
472,5
472,222
473,164
473,392
473,0
473,1
473,471
473,2
473,25
473,261
473,3
473,289
474,0
474,213
474,107
474,1
474,2
474,3
474,322
474,22
474,4
474,5
475,457
475,0
475,329
475,136
475,1
475,2
475,3
475,4
475,5
475,34
476,0
476,1
476,432
476,2
476,3
476,4
476,5
476,6
476,455
476,7
477,0
477,1
477,2
477,213
477,330
477,3
477,406
477,4
477,5
477,6
478,349
478,284
478,0
478,1
478,2
478,435
478,188
478,437
478,104
478,3
479,0
479,1
479,2
479,3
479,4
479,5
479,6
479,7
479,8
479,9
480,452
480,0
480,178
480,1
480,2
480,3
480,4
480,22
480,253
480,5
481,0
481,416
481,1
481,36
481,2
481,3
481,75
481,4
481,5
481,6
482,297
482,0
482,1
482,2
482,3
482,4
482,254
482,5
482,6
482,88
483,77
483,46
483,0
483,107
483,1
483,2
483,112
483,399
483,3
483,4
484,0
484,1
484,2
484,3
484,4
484,455
484,82
484,427
484,286
484,58
485,0
485,1
485,2
485,278
485,249
485,3
485,4
485,255
485,5
485,6
486,0
486,1
486,2
486,377
486,237
486,3
486,4
486,5
486,6
486,7
487,0
487,8
487,1
487,2
487,3
487,4
487,220
487,5
487,6
487,7
488,0
488,1
488,402
488,2
488,18
488,3
488,398
488,4
488,5
488,241
489,0
489,1
489,216
489,2
489,3
489,406
489,4
489,5
489,6
489,7
490,0
490,323
490,449
490,1
490,2
490,3
490,4
490,235
490,408
490,5
491,0
491,148
491,40
491,209
491,1
491,2
491,357
491,3
491,4
491,5
492,470
492,0
492,1
492,2
492,162
492,398
492,3
492,4
492,5
492,6
493,0
493,430
493,7
493,1
493,15
493,2
493,3
493,4
493,5
493,6
494,0
494,1
494,105
494,197
494,2
494,146
494,3
494,4
494,309
494,5
495,182
495,0
495,55
495,1
495,2
495,208
495,3
495,4
495,255
495,228
496,363
496,0
496,1
496,355
496,2
496,3
496,4
496,5
496,6
496,7
497,0
497,1
497,2
497,3
497,4
497,5
497,6
497,7
497,8
497,9
498,415
498,0
498,1
498,117
498,2
498,34
498,223
498,23
498,126
498,3
499,0
499,1
499,2
499,356
499,3
499,4
499,5
499,6
499,7
499,8
