0,253,233.0
0,583,264.0
0,770,231.0
0,771,247.0
0,912,238.0
0,942,237.0
1,178,253.0
1,333,228.0
1,360,228.0
1,409,250.0
1,440,230.0
1,455,228.0
1,482,239.0
1,781,238.0
2,143,194.0
2,156,242.0
2,162,211.0
2,185,244.0
2,341,237.0
2,378,240.0
2,418,209.0
2,551,246.0
2,722,224.0
2,824,229.0
3,10,234.0
3,108,253.0
3,222,226.0
3,317,266.0
3,553,239.0
3,732,245.0
3,772,254.0
3,788,240.0
3,827,226.0
3,914,248.0
3,925,209.0
3,953,250.0
4,271,213.0
4,376,202.0
4,420,234.0
4,468,228.0
4,487,233.0
4,528,219.0
4,563,223.0
4,709,234.0
4,730,232.0
4,732,223.0
4,893,208.0
5,170,250.0
5,322,224.0
5,469,235.0
5,501,235.0
5,514,256.0
5,638,255.0
5,847,271.0
5,850,252.0
5,911,232.0
5,971,243.0
5,978,228.0
6,47,225.0
6,159,228.0
6,196,255.0
6,453,227.0
6,503,274.0
6,519,271.0
6,711,251.0
6,955,241.0
7,583,207.0
7,601,246.0
7,604,233.0
7,624,229.0
7,857,198.0
8,29,230.0
8,148,213.0
8,444,225.0
8,512,217.0
8,698,225.0
8,716,218.0
8,736,188.0
8,870,207.0
8,974,214.0
9,45,216.0
9,120,247.0
9,558,216.0
9,757,245.0
9,831,232.0
9,903,210.0
10,14,234.0
10,29,258.0
10,90,244.0
10,458,246.0
10,532,247.0
10,624,246.0
10,898,244.0
10,990,244.0
11,51,218.0
11,98,236.0
11,226,281.0
11,339,266.0
11,420,245.0
11,441,241.0
11,568,244.0
12,118,200.0
12,135,208.0
12,149,208.0
12,240,234.0
12,293,246.0
12,349,241.0
12,358,217.0
12,620,237.0
12,660,244.0
12,954,233.0
13,45,214.0
13,85,231.0
13,143,223.0
13,179,240.0
13,320,221.0
13,429,205.0
13,643,230.0
13,862,219.0
13,999,260.0
14,180,217.0
14,200,242.0
14,306,221.0
14,363,200.0
14,425,217.0
14,535,236.0
14,570,232.0
14,697,230.0
14,931,195.0
14,999,209.0
15,271,251.0
15,417,207.0
15,482,227.0
15,503,234.0
15,611,250.0
15,682,228.0
15,692,184.0
15,701,245.0
15,825,236.0
15,886,198.0
16,144,276.0
16,206,253.0
16,296,223.0
16,639,221.0
16,753,237.0
16,870,259.0
16,961,238.0
17,50,240.0
17,155,230.0
17,171,241.0
17,240,255.0
17,399,248.0
17,416,259.0
17,545,250.0
17,558,237.0
17,582,246.0
17,643,245.0
17,670,232.0
17,710,216.0
17,757,225.0
17,813,216.0
18,94,232.0
18,195,204.0
18,724,228.0
18,837,239.0
18,940,202.0
18,942,239.0
19,274,232.0
19,326,221.0
19,456,243.0
19,691,200.0
19,717,211.0
19,753,269.0
19,795,209.0
19,825,221.0
20,162,220.0
20,350,283.0
20,532,228.0
20,651,221.0
20,721,224.0
20,773,215.0
20,901,215.0
20,940,233.0
20,993,226.0
21,45,210.0
21,162,199.0
21,336,220.0
21,415,249.0
21,621,234.0
21,971,252.0
21,981,235.0
22,351,235.0
22,499,226.0
22,536,181.0
22,540,204.0
22,687,201.0
22,724,214.0
22,824,237.0
22,960,210.0
23,161,232.0
23,172,238.0
23,249,235.0
23,306,237.0
23,321,243.0
23,426,211.0
23,518,225.0
23,882,208.0
23,933,228.0
24,243,224.0
24,286,256.0
24,314,245.0
24,327,282.0
24,690,231.0
24,811,210.0
24,856,269.0
24,993,235.0
25,54,226.0
25,127,235.0
25,297,229.0
25,547,219.0
25,644,205.0
25,689,229.0
25,769,243.0
25,889,210.0
26,215,258.0
26,231,254.0
26,267,224.0
26,280,239.0
26,281,246.0
26,330,256.0
26,554,232.0
26,660,236.0
26,670,265.0
26,748,244.0
26,823,243.0
26,877,258.0
26,974,224.0
27,61,204.0
27,150,232.0
27,190,210.0
27,348,187.0
27,431,216.0
27,657,229.0
27,937,251.0
28,115,251.0
28,150,193.0
28,278,215.0
28,410,261.0
28,870,222.0
28,991,216.0
29,46,246.0
29,61,278.0
29,67,256.0
29,76,253.0
29,130,223.0
29,423,251.0
29,464,238.0
29,471,259.0
29,568,266.0
29,861,233.0
29,968,219.0
29,973,228.0
30,167,235.0
30,207,239.0
30,249,236.0
30,283,246.0
30,441,232.0
30,476,248.0
30,477,253.0
30,496,226.0
30,558,197.0
30,590,230.0
30,777,247.0
31,36,239.0
31,85,227.0
31,162,217.0
31,222,204.0
31,231,250.0
31,599,217.0
31,689,234.0
31,887,218.0
32,180,260.0
32,221,259.0
32,304,236.0
32,455,257.0
32,643,212.0
32,854,250.0
32,893,233.0
32,985,255.0
33,49,209.0
33,80,219.0
33,151,253.0
33,405,204.0
33,578,220.0
33,653,262.0
33,748,222.0
33,770,220.0
33,835,240.0
33,858,203.0
34,41,209.0
34,74,241.0
34,346,246.0
34,443,209.0
34,449,212.0
34,480,214.0
34,682,237.0
34,850,200.0
34,925,207.0
35,39,209.0
35,64,195.0
35,347,214.0
35,465,209.0
35,570,217.0
35,748,230.0
35,824,215.0
36,169,243.0
36,220,255.0
36,253,248.0
36,326,241.0
36,379,249.0
36,399,231.0
36,442,229.0
36,616,259.0
36,701,252.0
37,67,236.0
37,287,255.0
37,369,252.0
37,373,247.0
37,660,241.0
38,145,210.0
38,206,250.0
38,339,250.0
38,483,245.0
38,564,236.0
38,586,206.0
38,601,240.0
38,726,237.0
39,208,215.0
39,544,224.0
39,688,217.0
39,746,223.0
39,935,240.0
39,999,239.0
40,395,222.0
40,462,228.0
40,478,243.0
40,581,256.0
40,851,235.0
40,888,212.0
41,89,219.0
41,180,234.0
41,188,268.0
41,250,231.0
41,313,216.0
41,373,237.0
41,540,222.0
41,596,234.0
41,619,238.0
41,815,245.0
41,820,232.0
41,892,235.0
41,958,230.0
42,67,236.0
42,224,222.0
42,593,231.0
42,644,221.0
42,689,250.0
42,796,214.0
42,834,220.0
42,998,282.0
43,99,241.0
43,366,227.0
43,402,223.0
43,427,247.0
43,437,234.0
43,461,259.0
43,562,239.0
43,783,241.0
43,894,200.0
44,292,234.0
44,471,251.0
44,488,239.0
44,638,243.0
44,652,251.0
44,788,250.0
44,877,223.0
44,885,268.0
44,933,240.0
45,323,200.0
45,372,251.0
45,402,228.0
45,468,234.0
45,566,242.0
45,591,237.0
45,650,240.0
45,782,226.0
45,864,231.0
45,892,236.0
45,941,237.0
46,52,262.0
46,231,247.0
46,298,215.0
46,314,215.0
46,319,235.0
46,428,215.0
46,506,241.0
46,538,232.0
46,571,237.0
46,590,220.0
46,591,226.0
46,753,246.0
46,816,245.0
47,98,246.0
47,175,228.0
47,259,251.0
47,297,217.0
47,794,230.0
47,839,222.0
48,244,233.0
48,317,209.0
48,466,216.0
48,559,216.0
48,646,220.0
48,676,204.0
48,697,212.0
48,699,232.0
48,818,211.0
48,951,225.0
48,962,219.0
49,116,230.0
49,165,240.0
49,298,210.0
49,325,220.0
49,589,207.0
49,756,235.0
49,992,241.0
50,138,198.0
50,783,242.0
50,931,198.0
51,54,233.0
51,73,231.0
51,299,224.0
51,351,264.0
51,474,221.0
51,557,223.0
51,940,297.0
51,974,244.0
52,78,224.0
52,107,232.0
52,390,226.0
52,394,233.0
52,461,252.0
52,539,225.0
52,651,208.0
52,743,215.0
52,952,209.0
53,274,221.0
53,331,211.0
53,418,225.0
53,489,210.0
53,673,211.0
53,720,225.0
53,782,247.0
53,880,213.0
53,984,198.0
54,344,221.0
54,457,220.0
54,693,229.0
54,893,208.0
54,897,200.0
54,964,214.0
54,997,202.0
55,175,233.0
55,244,223.0
55,265,205.0
55,726,253.0
55,848,215.0
56,347,214.0
56,400,239.0
56,674,234.0
57,184,228.0
57,303,236.0
57,339,252.0
57,389,237.0
57,554,249.0
57,709,260.0
58,85,225.0
58,403,234.0
58,481,259.0
58,542,218.0
58,590,235.0
58,709,241.0
58,756,233.0
59,77,230.0
59,97,241.0
59,105,211.0
59,114,211.0
59,156,254.0
59,183,260.0
59,365,235.0
59,493,231.0
59,499,239.0
59,563,212.0
59,681,247.0
59,969,231.0
60,219,257.0
60,247,227.0
60,357,245.0
60,407,265.0
60,466,237.0
60,538,199.0
60,584,245.0
60,840,275.0
61,90,228.0
61,310,233.0
61,332,234.0
61,376,251.0
61,378,255.0
61,389,271.0
61,403,226.0
61,485,241.0
61,618,240.0
61,686,230.0
61,699,268.0
61,955,245.0
61,958,225.0
62,83,253.0
62,315,243.0
62,347,245.0
62,578,228.0
62,774,262.0
62,789,245.0
62,849,238.0
62,852,240.0
63,135,227.0
63,149,217.0
63,202,211.0
63,808,217.0
63,868,219.0
64,87,264.0
64,194,247.0
64,198,245.0
64,274,231.0
64,437,254.0
64,438,222.0
64,440,238.0
64,483,242.0
64,614,251.0
64,769,235.0
64,982,256.0
65,97,215.0
65,365,217.0
65,615,203.0
65,656,249.0
65,772,215.0
65,840,195.0
66,208,241.0
66,302,226.0
66,353,243.0
66,413,238.0
66,502,268.0
66,530,221.0
66,670,207.0
66,720,248.0
66,722,252.0
66,845,238.0
67,97,211.0
67,245,233.0
67,284,226.0
67,365,238.0
67,455,227.0
67,473,243.0
67,617,221.0
67,735,229.0
67,923,270.0
68,300,210.0
68,341,209.0
68,557,226.0
68,751,227.0
68,859,248.0
68,968,220.0
68,975,227.0
69,103,223.0
69,232,237.0
69,328,205.0
69,427,238.0
69,456,244.0
69,495,216.0
69,536,219.0
69,775,205.0
69,778,227.0
69,838,217.0
69,962,214.0
70,138,262.0
70,242,249.0
70,290,245.0
70,371,260.0
70,641,251.0
70,760,174.0
70,772,217.0
70,785,224.0
70,808,249.0
71,90,225.0
71,95,246.0
71,106,244.0
71,169,237.0
71,448,234.0
71,491,242.0
71,571,242.0
71,576,228.0
71,797,207.0
71,875,206.0
71,940,240.0
72,318,245.0
72,325,246.0
72,354,262.0
72,405,227.0
72,501,221.0
72,716,221.0
72,739,256.0
72,752,240.0
72,764,236.0
72,846,229.0
72,848,274.0
73,91,216.0
73,134,211.0
73,163,181.0
73,393,205.0
73,994,228.0
74,188,252.0
74,199,231.0
74,206,248.0
74,479,235.0
74,534,215.0
74,670,253.0
74,787,231.0
75,119,210.0
75,305,211.0
75,721,228.0
75,962,205.0
76,137,199.0
76,279,225.0
76,299,228.0
76,476,195.0
76,569,231.0
76,749,224.0
76,810,193.0
76,894,211.0
77,84,236.0
77,442,241.0
77,535,265.0
77,539,200.0
77,541,216.0
77,545,224.0
77,657,233.0
77,918,218.0
78,126,212.0
78,356,239.0
78,462,223.0
78,583,193.0
78,610,247.0
79,200,217.0
79,296,257.0
79,403,233.0
79,627,249.0
79,629,213.0
79,841,240.0
79,970,202.0
80,296,220.0
80,337,246.0
80,453,232.0
80,526,226.0
80,623,248.0
80,642,225.0
80,724,193.0
80,752,254.0
80,824,232.0
80,871,252.0
81,359,187.0
81,572,218.0
81,661,210.0
81,751,239.0
82,132,242.0
82,205,239.0
82,216,247.0
82,256,259.0
82,398,246.0
82,694,225.0
82,989,213.0
83,140,261.0
83,192,271.0
83,602,246.0
83,620,233.0
83,695,252.0
83,972,229.0
84,108,221.0
84,267,248.0
84,298,237.0
84,356,224.0
84,528,222.0
84,719,227.0
84,957,221.0
85,90,218.0
85,103,206.0
85,640,184.0
85,970,246.0
86,148,230.0
86,221,221.0
86,322,215.0
86,473,217.0
86,501,216.0
86,642,223.0
86,669,200.0
86,836,248.0
86,990,223.0
87,136,241.0
87,151,255.0
87,360,239.0
87,413,232.0
87,425,254.0
87,516,231.0
87,550,232.0
87,562,215.0
87,668,224.0
87,909,207.0
87,945,232.0
87,957,221.0
88,92,233.0
88,168,253.0
88,288,249.0
88,572,251.0
88,609,273.0
88,728,249.0
88,748,252.0
88,760,242.0
88,790,227.0
88,833,227.0
88,846,223.0
89,131,225.0
89,368,234.0
89,565,220.0
89,633,242.0
89,738,205.0
89,934,226.0
90,410,214.0
90,982,233.0
90,994,231.0
91,111,249.0
91,135,251.0
91,224,263.0
91,251,228.0
91,263,235.0
91,531,234.0
91,774,260.0
91,792,245.0
91,926,257.0
92,122,250.0
92,149,198.0
92,259,213.0
92,453,243.0
92,460,210.0
92,741,237.0
92,767,253.0
92,851,225.0
92,945,236.0
92,995,227.0
93,107,237.0
93,163,230.0
93,201,248.0
93,286,232.0
93,332,225.0
93,474,243.0
93,559,225.0
93,872,210.0
93,970,218.0
93,998,222.0
94,216,245.0
94,267,225.0
94,282,215.0
94,333,237.0
94,526,215.0
94,743,276.0
94,893,223.0
94,914,257.0
95,97,198.0
95,215,237.0
95,262,227.0
95,359,239.0
95,459,208.0
95,488,226.0
95,562,224.0
95,630,225.0
95,679,246.0
95,810,240.0
95,917,219.0
95,993,218.0
96,327,227.0
96,413,211.0
96,571,193.0
96,582,249.0
96,690,207.0
96,927,219.0
97,164,207.0
97,322,214.0
97,432,238.0
97,559,205.0
97,833,224.0
97,991,231.0
98,115,236.0
98,430,210.0
98,524,216.0
98,629,233.0
98,658,232.0
99,138,222.0
99,173,236.0
99,247,225.0
99,301,226.0
99,536,226.0
99,716,231.0
99,777,213.0
99,865,196.0
99,921,252.0
100,137,274.0
100,180,252.0
100,211,243.0
100,354,260.0
100,465,247.0
100,526,230.0
101,146,259.0
101,223,251.0
101,257,216.0
101,345,243.0
101,475,224.0
101,879,244.0
101,916,270.0
102,167,224.0
102,229,249.0
102,257,244.0
102,313,236.0
102,407,241.0
102,408,213.0
102,420,234.0
102,611,244.0
102,723,238.0
102,735,232.0
102,846,249.0
102,957,248.0
103,314,208.0
103,433,224.0
103,510,206.0
104,112,266.0
104,156,224.0
104,360,212.0
104,478,233.0
104,735,222.0
104,882,223.0
105,179,226.0
105,221,250.0
105,312,219.0
105,448,215.0
105,526,227.0
105,656,254.0
105,671,231.0
105,842,250.0
106,128,270.0
106,277,230.0
106,383,246.0
106,505,253.0
106,584,255.0
106,604,242.0
106,706,198.0
106,967,245.0
107,215,241.0
107,407,266.0
107,497,203.0
107,569,229.0
107,665,263.0
107,787,232.0
107,874,280.0
108,208,232.0
108,247,261.0
108,254,260.0
108,799,218.0
108,920,220.0
109,168,257.0
109,361,247.0
109,417,232.0
109,446,215.0
109,473,237.0
109,675,213.0
109,770,257.0
109,810,242.0
110,121,231.0
110,287,230.0
110,310,239.0
110,364,254.0
110,382,224.0
110,463,213.0
110,577,241.0
110,619,207.0
110,706,201.0
110,740,215.0
110,770,259.0
110,867,265.0
110,969,234.0
111,118,230.0
111,120,216.0
111,135,228.0
111,594,215.0
111,691,234.0
111,808,231.0
111,875,218.0
111,901,247.0
111,986,204.0
112,301,196.0
112,433,232.0
112,645,209.0
112,936,242.0
113,137,218.0
113,650,207.0
113,800,194.0
114,294,247.0
114,300,241.0
114,404,250.0
114,590,248.0
114,878,237.0
115,189,239.0
115,300,234.0
115,498,223.0
115,703,255.0
115,883,242.0
115,905,230.0
116,392,227.0
116,413,232.0
116,434,207.0
116,583,229.0
116,619,258.0
116,905,251.0
116,952,250.0
116,996,227.0
117,169,257.0
117,216,204.0
117,288,252.0
117,464,230.0
117,579,227.0
117,750,242.0
117,776,227.0
117,835,252.0
117,894,225.0
117,953,248.0
117,957,235.0
118,337,229.0
118,549,217.0
118,634,216.0
118,875,223.0
118,921,208.0
119,128,226.0
119,137,226.0
119,174,228.0
119,227,220.0
119,253,212.0
119,289,223.0
119,413,212.0
119,454,223.0
119,537,229.0
119,645,229.0
119,651,243.0
119,770,226.0
119,854,227.0
119,896,205.0
120,288,238.0
120,344,209.0
120,367,245.0
120,505,239.0
120,604,228.0
120,694,229.0
120,732,239.0
120,769,227.0
120,772,234.0
120,876,240.0
120,879,253.0
120,899,244.0
120,970,229.0
121,137,219.0
121,207,232.0
121,313,205.0
121,375,231.0
121,490,224.0
121,492,232.0
121,505,239.0
121,632,222.0
122,234,247.0
122,295,228.0
122,631,239.0
122,636,253.0
122,930,284.0
122,965,254.0
123,178,232.0
123,210,215.0
123,433,248.0
123,565,214.0
123,751,219.0
123,936,239.0
123,974,213.0
123,980,250.0
124,629,219.0
124,633,233.0
124,734,222.0
124,755,225.0
124,840,232.0
124,879,247.0
124,938,251.0
124,958,241.0
124,959,215.0
124,995,233.0
125,233,261.0
125,308,222.0
125,620,234.0
125,654,233.0
125,671,244.0
125,965,244.0
126,203,218.0
126,318,230.0
126,413,217.0
126,544,195.0
126,588,259.0
126,600,233.0
126,606,210.0
126,645,216.0
126,701,215.0
126,944,241.0
126,999,216.0
127,390,229.0
127,532,233.0
127,538,225.0
127,555,238.0
127,843,252.0
127,947,251.0
128,222,200.0
128,285,223.0
128,351,249.0
128,480,229.0
128,639,265.0
128,651,215.0
128,790,240.0
128,852,226.0
128,904,234.0
129,199,222.0
129,248,191.0
129,347,217.0
129,689,202.0
129,984,199.0
130,178,234.0
130,403,231.0
130,480,231.0
130,666,229.0
130,670,228.0
130,789,224.0
130,867,203.0
130,907,224.0
130,955,229.0
131,285,240.0
131,573,241.0
131,848,247.0
131,871,244.0
131,911,229.0
132,227,261.0
132,256,247.0
132,296,225.0
132,387,212.0
132,582,242.0
132,603,229.0
132,686,226.0
132,757,240.0
132,779,237.0
132,826,245.0
132,889,242.0
133,336,229.0
133,466,228.0
133,547,227.0
133,622,221.0
133,686,221.0
133,701,232.0
133,773,241.0
134,174,235.0
134,274,264.0
134,277,241.0
134,552,255.0
134,585,227.0
134,691,240.0
134,703,264.0
134,766,266.0
135,145,241.0
135,201,223.0
135,297,239.0
135,302,235.0
135,451,214.0
135,574,222.0
135,690,231.0
135,747,226.0
135,770,229.0
135,808,206.0
135,842,215.0
136,184,247.0
136,303,221.0
136,412,212.0
136,546,241.0
136,667,220.0
136,669,218.0
136,715,225.0
136,813,217.0
136,816,247.0
136,893,180.0
137,218,247.0
137,341,205.0
137,970,208.0
138,160,271.0
138,338,262.0
138,359,233.0
138,435,216.0
138,600,219.0
138,670,249.0
138,731,269.0
138,774,233.0
138,811,222.0
139,150,230.0
139,172,224.0
139,209,266.0
139,399,218.0
139,469,235.0
139,682,227.0
139,756,245.0
139,823,255.0
140,217,249.0
140,271,229.0
140,329,251.0
140,376,202.0
140,403,248.0
140,562,232.0
140,692,242.0
140,700,209.0
141,184,231.0
141,189,244.0
141,231,211.0
141,292,231.0
141,414,240.0
141,453,225.0
141,717,216.0
141,928,220.0
142,166,253.0
142,192,231.0
142,246,209.0
142,534,272.0
142,707,203.0
142,740,231.0
142,862,251.0
142,996,220.0
143,188,231.0
143,219,223.0
143,531,211.0
143,584,209.0
143,744,226.0
143,999,219.0
144,177,222.0
144,220,268.0
144,294,256.0
144,352,230.0
144,372,275.0
144,378,205.0
144,580,235.0
144,655,213.0
144,840,224.0
145,250,227.0
145,409,221.0
145,767,236.0
146,338,267.0
146,633,239.0
147,373,248.0
147,631,224.0
147,827,235.0
147,960,223.0
148,166,215.0
148,344,220.0
148,371,242.0
148,376,259.0
148,495,217.0
148,506,217.0
148,507,227.0
148,618,224.0
148,753,252.0
148,879,226.0
149,252,229.0
149,303,223.0
149,307,208.0
149,473,223.0
149,550,249.0
149,922,252.0
150,179,232.0
150,571,195.0
150,661,214.0
151,160,251.0
151,338,203.0
151,374,213.0
151,514,198.0
151,573,217.0
151,576,233.0
151,716,219.0
151,903,230.0
152,275,243.0
152,325,235.0
152,375,252.0
152,486,256.0
152,567,230.0
152,635,236.0
152,640,210.0
152,668,212.0
152,757,220.0
152,828,220.0
153,178,253.0
153,390,224.0
153,663,228.0
153,694,202.0
153,943,231.0
153,990,216.0
154,220,257.0
154,254,248.0
154,336,214.0
154,378,235.0
154,407,246.0
154,535,227.0
154,622,225.0
154,657,228.0
154,931,247.0
155,234,230.0
155,308,216.0
155,371,231.0
155,404,232.0
155,467,222.0
155,472,227.0
155,795,229.0
155,804,252.0
156,252,236.0
156,347,258.0
156,399,262.0
156,426,219.0
156,620,220.0
156,629,212.0
156,691,215.0
156,720,226.0
156,979,268.0
157,232,238.0
157,315,234.0
157,323,233.0
157,453,217.0
157,658,220.0
157,673,224.0
157,892,227.0
157,894,185.0
158,176,234.0
158,368,269.0
158,429,200.0
158,449,227.0
158,461,224.0
158,754,241.0
158,878,190.0
158,908,237.0
159,314,239.0
159,377,270.0
159,404,200.0
159,406,267.0
159,696,199.0
159,739,252.0
159,849,239.0
160,256,217.0
160,327,229.0
160,375,245.0
160,599,240.0
160,667,234.0
160,696,252.0
160,881,247.0
160,933,242.0
161,375,230.0
161,548,214.0
161,605,241.0
161,733,241.0
161,764,221.0
161,871,230.0
161,960,229.0
162,173,248.0
162,328,239.0
162,488,229.0
162,539,199.0
163,414,235.0
163,495,249.0
163,614,219.0
163,664,226.0
163,707,204.0
163,838,242.0
164,257,214.0
164,412,245.0
164,662,249.0
164,819,216.0
164,853,239.0
165,280,213.0
165,290,230.0
165,314,235.0
165,345,255.0
165,423,264.0
165,439,232.0
165,596,233.0
165,654,238.0
165,867,258.0
166,229,231.0
166,390,205.0
166,451,216.0
166,510,220.0
166,611,201.0
166,695,218.0
166,715,217.0
166,767,190.0
166,817,241.0
166,936,262.0
166,945,220.0
166,961,247.0
167,222,214.0
167,508,250.0
167,754,203.0
167,922,206.0
168,268,266.0
168,369,257.0
168,402,263.0
168,608,215.0
168,621,260.0
168,666,232.0
168,727,250.0
168,828,238.0
168,839,239.0
168,902,238.0
168,951,247.0
169,176,226.0
169,244,242.0
169,442,246.0
169,450,236.0
169,570,243.0
169,871,237.0
170,208,216.0
170,314,226.0
170,359,225.0
170,421,214.0
170,931,209.0
171,261,236.0
171,349,235.0
171,436,243.0
171,449,231.0
171,522,209.0
171,642,234.0
172,237,236.0
172,359,217.0
172,409,233.0
172,455,221.0
172,665,234.0
172,781,204.0
172,815,210.0
172,842,250.0
172,862,226.0
173,250,235.0
173,535,231.0
173,538,237.0
173,608,199.0
173,701,265.0
174,211,227.0
174,537,227.0
174,829,213.0
174,879,252.0
174,954,219.0
175,495,215.0
175,632,200.0
175,662,218.0
175,721,211.0
175,733,218.0
175,925,207.0
175,929,231.0
176,191,241.0
176,427,242.0
176,468,232.0
176,490,238.0
176,557,244.0
176,610,266.0
176,767,237.0
176,811,222.0
176,852,235.0
176,859,249.0
176,876,236.0
176,950,224.0
177,372,189.0
177,581,242.0
177,699,231.0
177,975,225.0
178,221,240.0
178,247,247.0
178,428,234.0
178,441,213.0
178,517,234.0
178,736,228.0
179,291,228.0
179,366,241.0
179,419,214.0
179,514,230.0
179,532,244.0
179,658,233.0
179,713,236.0
179,746,213.0
180,825,231.0
180,933,232.0
180,946,239.0
181,300,233.0
181,302,224.0
181,401,220.0
181,533,237.0
181,551,247.0
181,629,242.0
181,845,218.0
181,846,247.0
182,200,234.0
182,283,245.0
182,292,235.0
182,406,208.0
182,513,215.0
182,521,219.0
182,556,231.0
182,646,203.0
182,878,202.0
182,951,236.0
183,252,248.0
183,564,235.0
183,589,204.0
183,610,277.0
183,944,229.0
183,960,248.0
184,351,256.0
184,416,214.0
184,455,231.0
184,688,216.0
184,942,249.0
185,201,221.0
185,334,226.0
185,393,220.0
185,431,238.0
185,442,250.0
185,662,241.0
185,733,248.0
185,771,202.0
185,892,228.0
186,249,234.0
186,278,211.0
186,488,246.0
187,377,231.0
187,459,239.0
187,497,229.0
187,667,237.0
187,746,228.0
187,795,233.0
187,830,256.0
187,854,235.0
188,231,268.0
188,243,227.0
188,278,221.0
188,504,231.0
188,673,239.0
188,674,240.0
188,751,230.0
188,814,266.0
189,221,247.0
189,330,265.0
189,468,239.0
189,564,259.0
189,646,211.0
189,652,255.0
189,750,244.0
190,196,201.0
190,297,228.0
190,357,262.0
190,362,259.0
190,389,234.0
190,477,228.0
190,763,219.0
190,840,230.0
191,285,243.0
191,351,240.0
191,422,197.0
191,656,209.0
191,702,250.0
192,488,252.0
192,560,201.0
192,581,222.0
192,697,234.0
192,805,203.0
192,869,238.0
192,958,239.0
193,235,252.0
193,371,238.0
193,551,254.0
193,717,229.0
193,765,229.0
193,840,218.0
193,857,199.0
193,914,231.0
193,931,211.0
194,227,227.0
194,250,219.0
194,264,245.0
194,832,232.0
194,892,219.0
194,918,212.0
195,609,248.0
195,706,218.0
195,719,230.0
196,344,218.0
196,356,242.0
196,489,212.0
196,574,234.0
196,598,257.0
196,920,242.0
196,941,250.0
197,313,257.0
197,337,209.0
197,452,241.0
197,462,208.0
197,490,229.0
197,503,260.0
197,650,254.0
197,819,232.0
198,200,251.0
198,309,233.0
198,364,235.0
198,483,228.0
198,571,249.0
198,627,274.0
198,644,244.0
198,714,231.0
198,772,225.0
198,937,240.0
198,965,249.0
198,987,237.0
199,325,225.0
199,351,241.0
199,433,224.0
199,481,246.0
199,536,201.0
199,538,228.0
199,611,215.0
199,646,227.0
199,829,189.0
200,223,231.0
200,349,255.0
200,572,230.0
200,688,238.0
200,934,239.0
201,241,232.0
201,346,228.0
201,393,209.0
201,779,244.0
201,897,238.0
202,358,239.0
202,371,239.0
202,751,217.0
202,790,239.0
202,864,228.0
202,970,240.0
203,373,234.0
203,670,228.0
203,750,210.0
203,799,183.0
203,810,221.0
204,233,228.0
204,267,196.0
204,346,235.0
204,518,226.0
204,594,240.0
204,627,213.0
204,630,199.0
204,631,238.0
204,779,216.0
204,812,223.0
205,438,250.0
205,603,267.0
205,662,223.0
205,761,220.0
205,865,233.0
206,329,231.0
206,400,240.0
206,492,232.0
206,856,227.0
206,946,224.0
206,973,222.0
207,342,241.0
207,432,217.0
207,482,220.0
207,543,214.0
207,674,190.0
207,762,231.0
208,350,228.0
208,566,224.0
208,700,243.0
208,754,221.0
209,217,202.0
209,258,263.0
209,604,232.0
209,647,232.0
209,731,243.0
209,789,245.0
209,828,231.0
209,906,245.0
210,300,238.0
210,413,203.0
210,612,220.0
210,729,233.0
211,212,216.0
211,341,201.0
211,350,236.0
211,398,225.0
211,416,245.0
211,478,217.0
211,521,269.0
211,614,225.0
211,714,247.0
211,789,260.0
211,884,253.0
211,961,236.0
212,235,245.0
212,237,238.0
212,336,248.0
212,571,247.0
212,724,208.0
212,810,223.0
213,276,245.0
213,311,226.0
213,332,236.0
213,518,237.0
213,583,246.0
213,699,230.0
213,746,215.0
213,831,200.0
213,862,234.0
213,925,233.0
213,926,237.0
214,218,225.0
214,559,215.0
214,589,216.0
214,614,239.0
214,721,208.0
215,448,217.0
215,574,213.0
215,589,232.0
215,645,218.0
215,855,213.0
215,929,253.0
215,974,228.0
216,248,236.0
216,444,234.0
216,461,257.0
216,492,249.0
216,519,231.0
216,553,208.0
216,557,242.0
216,732,261.0
216,868,253.0
216,981,228.0
217,283,257.0
217,293,224.0
217,454,222.0
217,544,215.0
217,738,237.0
217,763,206.0
217,841,200.0
217,918,204.0
218,337,211.0
218,611,210.0
218,651,232.0
219,414,214.0
219,459,244.0
219,619,248.0
219,774,238.0
220,345,249.0
220,418,221.0
220,461,243.0
220,480,232.0
220,862,248.0
220,883,210.0
220,988,251.0
221,386,228.0
221,435,216.0
221,640,217.0
221,651,240.0
221,740,220.0
222,336,205.0
222,555,221.0
223,841,246.0
223,931,218.0
224,339,231.0
224,695,227.0
224,723,236.0
224,767,230.0
224,790,224.0
224,806,199.0
225,439,187.0
225,447,236.0
225,734,218.0
225,989,203.0
226,245,252.0
226,533,250.0
226,535,257.0
226,873,261.0
226,912,253.0
227,382,253.0
227,455,288.0
227,503,257.0
227,565,235.0
227,866,221.0
227,875,226.0
227,940,260.0
228,364,236.0
228,558,228.0
228,610,253.0
228,655,222.0
228,792,220.0
229,386,244.0
229,457,245.0
229,555,276.0
229,564,230.0
229,693,245.0
229,815,221.0
229,898,237.0
229,905,230.0
230,284,205.0
230,408,237.0
230,409,246.0
230,415,235.0
230,515,241.0
230,631,210.0
231,335,247.0
231,394,299.0
231,827,228.0
231,861,231.0
231,937,227.0
232,283,255.0
232,287,250.0
232,436,252.0
232,894,244.0
232,968,225.0
233,295,248.0
233,354,223.0
233,380,216.0
233,523,224.0
233,577,229.0
233,781,254.0
233,833,230.0
233,921,235.0
234,287,209.0
234,334,232.0
234,509,221.0
234,658,213.0
234,971,229.0
235,445,232.0
235,645,230.0
235,813,207.0
235,892,249.0
235,906,244.0
236,542,235.0
236,545,225.0
236,579,250.0
236,671,229.0
236,817,240.0
236,898,229.0
237,313,214.0
237,355,222.0
237,363,241.0
237,368,246.0
237,564,225.0
237,646,235.0
237,830,257.0
237,972,256.0
238,750,213.0
238,760,223.0
238,829,199.0
238,947,207.0
239,244,236.0
239,342,222.0
239,497,226.0
239,499,238.0
239,518,256.0
239,635,261.0
239,975,228.0
239,990,230.0
239,994,212.0
240,287,208.0
240,319,231.0
240,361,209.0
240,445,220.0
240,469,243.0
240,473,208.0
240,556,217.0
240,798,256.0
240,846,236.0
241,290,235.0
241,331,230.0
241,346,238.0
241,516,233.0
241,585,254.0
242,302,199.0
242,569,232.0
242,751,214.0
242,824,213.0
243,252,262.0
243,258,247.0
243,302,208.0
243,365,223.0
243,370,225.0
243,404,221.0
243,534,243.0
243,637,231.0
243,685,228.0
243,745,242.0
243,752,250.0
244,374,226.0
244,455,216.0
244,491,249.0
244,628,207.0
244,637,258.0
244,773,240.0
244,889,221.0
244,912,253.0
244,969,241.0
245,260,221.0
245,293,231.0
245,305,222.0
245,415,268.0
245,881,230.0
246,271,222.0
246,277,211.0
246,341,213.0
246,388,259.0
246,430,224.0
246,561,241.0
246,593,204.0
246,870,239.0
246,918,220.0
247,305,232.0
247,369,213.0
247,427,238.0
247,671,245.0
247,696,214.0
247,748,222.0
247,860,249.0
247,894,196.0
247,906,224.0
247,974,239.0
247,980,223.0
248,416,231.0
248,588,218.0
248,706,237.0
248,709,233.0
248,783,231.0
248,969,239.0
249,300,250.0
249,337,225.0
249,346,247.0
249,625,267.0
249,680,251.0
249,754,232.0
249,840,266.0
249,899,266.0
249,978,241.0
250,347,209.0
250,375,237.0
250,466,223.0
250,496,234.0
250,742,235.0
250,845,224.0
251,310,217.0
251,409,230.0
251,417,183.0
251,701,226.0
251,798,220.0
251,816,229.0
251,856,229.0
251,899,226.0
251,999,220.0
252,326,229.0
252,394,231.0
252,418,237.0
252,526,209.0
252,535,225.0
252,692,264.0
252,793,238.0
252,973,230.0
253,524,225.0
253,541,233.0
253,598,240.0
253,939,240.0
254,543,217.0
254,732,233.0
254,769,232.0
254,832,229.0
254,937,218.0
254,956,215.0
254,993,229.0
255,263,246.0
255,329,221.0
255,480,204.0
255,484,242.0
255,616,251.0
255,916,227.0
255,954,244.0
255,988,205.0
256,329,241.0
256,497,224.0
256,524,208.0
256,614,214.0
256,717,220.0
256,895,219.0
257,290,224.0
257,326,218.0
257,361,249.0
257,550,255.0
257,631,255.0
257,666,237.0
257,721,236.0
257,876,245.0
258,416,248.0
258,676,223.0
258,705,223.0
258,788,245.0
258,951,234.0
258,978,227.0
259,470,251.0
259,480,238.0
259,769,229.0
259,978,228.0
260,273,230.0
260,334,227.0
260,413,193.0
260,484,230.0
260,645,218.0
260,679,224.0
260,777,213.0
260,857,193.0
261,291,210.0
261,616,229.0
261,724,226.0
261,733,243.0
261,833,260.0
261,844,222.0
261,927,224.0
262,323,213.0
262,376,217.0
262,561,219.0
262,781,229.0
262,891,242.0
262,900,211.0
262,909,212.0
262,928,225.0
262,987,207.0
263,309,234.0
263,365,241.0
263,664,219.0
263,700,223.0
263,801,207.0
264,367,227.0
264,442,236.0
264,445,240.0
264,626,238.0
264,861,255.0
264,935,222.0
264,941,249.0
264,961,233.0
265,358,236.0
265,747,244.0
265,814,261.0
266,501,215.0
266,528,222.0
266,583,238.0
266,709,204.0
266,962,188.0
267,385,217.0
267,424,237.0
267,440,219.0
267,621,223.0
267,644,241.0
267,652,231.0
267,683,203.0
267,687,230.0
267,688,197.0
268,273,268.0
268,471,245.0
269,407,247.0
269,441,239.0
269,451,219.0
269,630,253.0
269,775,248.0
269,877,240.0
269,996,221.0
270,435,231.0
270,838,228.0
270,900,226.0
271,288,241.0
271,346,241.0
271,388,251.0
271,488,230.0
271,592,228.0
271,818,228.0
271,898,226.0
271,908,244.0
271,934,197.0
272,288,244.0
272,384,223.0
272,402,238.0
272,724,200.0
272,735,230.0
272,755,244.0
272,778,230.0
272,929,213.0
273,404,222.0
273,457,233.0
273,554,228.0
273,643,233.0
273,660,236.0
273,895,220.0
274,306,228.0
274,590,223.0
274,610,248.0
274,614,254.0
274,630,204.0
274,636,240.0
274,779,213.0
274,952,252.0
275,534,262.0
275,573,249.0
275,811,221.0
275,963,244.0
276,348,213.0
276,440,239.0
276,591,250.0
276,980,222.0
277,287,251.0
277,364,236.0
277,608,245.0
277,667,231.0
278,373,237.0
278,539,203.0
278,607,239.0
278,769,243.0
278,804,242.0
278,903,229.0
278,990,211.0
278,992,190.0
279,280,231.0
279,749,244.0
279,769,246.0
279,817,247.0
279,973,233.0
280,281,238.0
280,324,211.0
280,392,232.0
280,517,229.0
280,527,227.0
280,580,240.0
280,605,214.0
280,611,236.0
280,809,218.0
281,307,213.0
281,363,257.0
281,424,233.0
281,639,253.0
281,766,263.0
282,396,245.0
282,450,226.0
282,461,231.0
282,467,222.0
282,487,231.0
282,593,233.0
282,706,223.0
282,717,221.0
282,900,199.0
283,377,243.0
283,513,242.0
283,555,221.0
283,576,245.0
283,727,231.0
283,801,211.0
283,925,229.0
284,572,240.0
284,660,248.0
284,749,275.0
284,770,247.0
284,925,222.0
285,396,263.0
285,616,241.0
285,768,227.0
285,793,214.0
285,869,213.0
286,288,230.0
286,289,257.0
286,366,216.0
286,441,232.0
286,455,234.0
286,537,230.0
286,620,250.0
286,715,219.0
286,858,219.0
286,948,225.0
287,425,224.0
287,500,231.0
287,571,211.0
287,587,261.0
287,647,237.0
287,808,203.0
288,296,201.0
288,329,221.0
288,483,231.0
288,486,219.0
288,495,267.0
288,544,250.0
288,720,215.0
288,956,232.0
289,361,222.0
289,421,231.0
289,576,244.0
289,759,223.0
289,819,261.0
290,406,240.0
290,524,207.0
290,840,242.0
290,920,217.0
291,344,202.0
291,461,246.0
291,525,267.0
292,359,241.0
292,368,237.0
292,479,213.0
292,604,204.0
292,634,239.0
292,861,235.0
293,308,200.0
293,315,262.0
293,395,232.0
293,402,255.0
293,416,222.0
293,547,227.0
293,782,239.0
293,936,226.0
293,990,243.0
293,996,244.0
294,369,238.0
294,457,226.0
294,776,200.0
294,813,191.0
294,995,215.0
295,363,249.0
295,417,238.0
295,458,236.0
295,467,224.0
295,656,277.0
295,766,245.0
295,969,234.0
296,319,236.0
296,484,251.0
296,503,241.0
296,780,237.0
296,792,227.0
296,824,221.0
296,837,229.0
296,985,231.0
297,351,228.0
297,482,243.0
297,541,227.0
297,577,231.0
297,691,223.0
297,716,227.0
297,785,239.0
297,863,248.0
297,999,226.0
298,363,240.0
298,554,234.0
298,745,241.0
298,821,239.0
298,975,216.0
298,995,215.0
299,448,223.0
299,468,228.0
299,480,181.0
299,590,235.0
299,721,237.0
299,785,227.0
299,798,221.0
299,908,198.0
299,954,235.0
299,992,217.0
300,616,248.0
300,643,234.0
300,651,209.0
300,720,210.0
300,776,265.0
300,869,212.0
302,307,224.0
302,704,233.0
302,940,248.0
302,961,228.0
303,312,230.0
303,360,216.0
303,754,210.0
303,870,233.0
304,327,223.0
304,440,248.0
304,836,235.0
305,540,232.0
305,564,216.0
305,571,228.0
305,705,231.0
305,820,249.0
305,828,229.0
305,918,254.0
306,333,237.0
306,380,243.0
306,394,248.0
306,514,229.0
307,328,212.0
307,509,216.0
307,528,201.0
307,563,236.0
307,574,213.0
307,684,222.0
307,736,224.0
307,779,201.0
307,910,242.0
308,483,205.0
308,665,190.0
309,507,209.0
309,587,213.0
309,589,217.0
309,640,213.0
309,794,227.0
309,932,229.0
309,973,258.0
309,992,237.0
310,599,238.0
310,771,235.0
310,787,228.0
310,831,238.0
310,992,224.0
311,401,219.0
311,535,219.0
311,961,246.0
312,321,195.0
312,511,256.0
312,590,225.0
312,613,237.0
312,617,224.0
312,622,217.0
312,654,240.0
312,664,228.0
312,733,218.0
312,992,229.0
313,320,229.0
313,372,241.0
313,458,232.0
313,573,241.0
313,636,239.0
313,892,235.0
314,826,224.0
314,969,241.0
314,975,220.0
315,358,265.0
316,659,215.0
316,750,210.0
316,793,234.0
316,834,251.0
316,939,253.0
317,432,217.0
317,435,246.0
317,516,214.0
317,647,243.0
317,729,246.0
317,823,226.0
317,870,220.0
317,909,243.0
318,328,230.0
318,525,222.0
318,694,206.0
318,792,224.0
318,840,217.0
318,928,231.0
318,940,261.0
318,941,242.0
319,370,234.0
319,536,236.0
319,624,225.0
319,676,225.0
319,888,189.0
319,914,223.0
319,971,226.0
320,376,228.0
320,437,211.0
320,452,215.0
320,500,230.0
320,587,236.0
320,732,259.0
320,777,230.0
320,858,246.0
320,876,224.0
320,988,225.0
321,482,238.0
321,498,233.0
321,528,232.0
321,583,230.0
321,609,232.0
321,650,226.0
321,894,233.0
321,952,242.0
321,989,224.0
321,993,218.0
322,371,202.0
322,615,243.0
322,644,242.0
322,713,235.0
322,848,247.0
322,896,231.0
322,944,241.0
322,966,210.0
322,982,226.0
323,612,225.0
323,851,243.0
323,940,229.0
323,965,228.0
324,453,216.0
324,475,213.0
324,492,235.0
324,535,226.0
324,634,212.0
324,689,218.0
324,953,215.0
325,454,207.0
325,461,240.0
325,853,281.0
325,922,228.0
326,449,219.0
326,454,232.0
326,470,238.0
326,496,207.0
326,791,252.0
326,820,257.0
327,444,225.0
327,554,203.0
327,578,213.0
327,626,238.0
327,633,240.0
327,745,254.0
327,747,245.0
327,915,215.0
328,433,247.0
328,634,225.0
328,641,233.0
328,963,219.0
329,437,243.0
329,450,249.0
329,559,226.0
329,661,217.0
329,676,225.0
329,693,260.0
329,722,243.0
329,814,241.0
330,365,246.0
330,709,230.0
330,860,250.0
331,336,218.0
331,589,219.0
331,758,244.0
331,792,181.0
331,852,217.0
331,881,210.0
331,905,216.0
331,909,242.0
331,946,218.0
331,968,214.0
332,553,218.0
332,720,234.0
332,789,227.0
332,965,210.0
332,972,254.0
333,349,299.0
333,410,243.0
333,496,247.0
333,768,235.0
333,772,240.0
334,379,236.0
334,539,256.0
334,725,202.0
334,917,240.0
335,360,250.0
335,642,263.0
335,649,260.0
335,856,225.0
336,487,249.0
336,560,208.0
336,783,220.0
336,784,224.0
336,955,188.0
336,974,235.0
337,424,228.0
337,427,235.0
337,432,224.0
337,458,245.0
337,622,237.0
337,796,200.0
337,964,184.0
337,987,218.0
338,352,223.0
338,360,236.0
338,626,213.0
338,628,240.0
338,814,252.0
338,960,227.0
339,354,229.0
339,358,242.0
339,458,223.0
339,510,244.0
339,545,223.0
339,590,238.0
339,652,221.0
339,678,246.0
339,684,231.0
339,866,226.0
339,937,239.0
340,354,205.0
340,464,206.0
340,475,250.0
340,487,228.0
340,491,221.0
340,578,246.0
340,733,218.0
340,762,236.0
340,831,237.0
341,381,206.0
341,448,233.0
341,563,262.0
341,691,242.0
341,823,214.0
341,899,227.0
342,423,239.0
342,499,216.0
342,789,264.0
342,859,277.0
342,943,226.0
343,819,257.0
343,984,213.0
344,467,228.0
344,559,214.0
344,733,220.0
344,750,207.0
345,451,231.0
345,484,235.0
345,711,235.0
345,719,240.0
345,789,208.0
345,938,211.0
346,427,248.0
346,660,225.0
346,664,251.0
346,795,221.0
346,825,229.0
346,873,213.0
347,743,236.0
347,845,264.0
347,902,224.0
348,367,241.0
348,378,240.0
348,387,231.0
348,595,228.0
348,814,268.0
348,853,240.0
348,954,203.0
349,638,265.0
349,826,254.0
349,900,274.0
349,914,255.0
350,370,232.0
350,514,250.0
350,591,241.0
350,602,246.0
350,617,232.0
350,777,250.0
350,802,226.0
350,909,229.0
351,402,229.0
351,504,250.0
351,535,222.0
351,693,233.0
351,854,261.0
351,942,237.0
352,633,261.0
352,649,249.0
352,769,241.0
352,773,193.0
352,832,226.0
352,862,218.0
352,889,221.0
352,907,248.0
353,414,205.0
353,527,242.0
353,569,228.0
353,763,222.0
353,765,214.0
353,853,214.0
353,933,200.0
354,379,238.0
354,445,254.0
354,457,242.0
354,603,230.0
354,730,219.0
355,368,258.0
355,382,264.0
355,464,211.0
355,506,249.0
355,940,228.0
356,396,237.0
356,431,227.0
356,704,235.0
356,894,209.0
357,512,227.0
357,559,213.0
357,571,226.0
357,723,238.0
357,991,202.0
358,467,256.0
358,479,230.0
358,690,225.0
359,515,243.0
359,568,225.0
359,788,219.0
360,370,248.0
360,409,246.0
360,778,238.0
360,861,239.0
360,862,233.0
361,469,243.0
361,517,253.0
361,605,228.0
361,969,249.0
362,414,234.0
362,418,217.0
362,433,243.0
362,450,251.0
362,543,246.0
362,655,219.0
362,863,220.0
362,974,230.0
362,985,263.0
363,378,228.0
363,623,220.0
363,636,233.0
363,758,240.0
363,899,248.0
363,984,237.0
364,424,238.0
364,610,231.0
365,367,257.0
365,434,226.0
365,494,214.0
365,535,209.0
365,617,224.0
365,662,220.0
366,371,236.0
366,524,250.0
366,586,217.0
366,734,213.0
366,740,219.0
366,860,206.0
366,905,215.0
367,479,265.0
367,527,220.0
367,579,213.0
367,783,255.0
367,804,214.0
367,949,267.0
368,526,243.0
368,543,232.0
368,615,227.0
368,763,202.0
368,906,238.0
368,948,237.0
369,449,243.0
369,468,203.0
369,499,228.0
369,680,254.0
369,837,244.0
369,958,220.0
370,372,242.0
370,752,225.0
370,788,246.0
370,943,216.0
371,489,231.0
371,510,215.0
371,517,248.0
371,947,213.0
372,422,249.0
372,506,203.0
372,662,240.0
372,735,238.0
372,858,250.0
373,692,236.0
373,735,231.0
373,970,252.0
373,992,237.0
374,590,251.0
374,602,258.0
374,668,206.0
374,936,250.0
375,455,238.0
375,573,237.0
375,577,207.0
375,872,201.0
375,936,258.0
376,702,240.0
376,757,208.0
376,906,231.0
376,907,234.0
376,909,245.0
376,915,225.0
377,431,226.0
377,488,246.0
377,523,236.0
377,563,225.0
377,651,216.0
377,710,234.0
377,802,254.0
377,863,244.0
378,517,221.0
378,580,260.0
378,607,228.0
378,669,244.0
378,686,215.0
378,707,220.0
378,751,230.0
378,890,225.0
378,950,199.0
379,468,226.0
379,557,234.0
379,896,234.0
379,900,249.0
379,902,237.0
379,942,250.0
380,492,217.0
380,501,248.0
380,644,235.0
380,712,226.0
380,759,211.0
380,815,254.0
380,939,253.0
381,404,227.0
381,547,208.0
381,652,248.0
381,812,196.0
382,410,252.0
382,453,209.0
382,535,226.0
382,544,236.0
382,619,205.0
382,843,231.0
382,998,260.0
383,392,247.0
383,489,236.0
383,647,258.0
383,842,244.0
384,388,235.0
384,428,223.0
384,474,203.0
384,618,253.0
384,747,225.0
384,883,237.0
384,937,241.0
384,981,219.0
385,557,276.0
385,579,224.0
385,680,259.0
386,487,245.0
386,535,229.0
386,741,228.0
386,792,239.0
386,806,230.0
386,844,221.0
386,915,235.0
386,939,187.0
387,427,222.0
387,573,251.0
387,579,236.0
387,610,234.0
387,613,206.0
387,786,208.0
387,824,247.0
387,972,237.0
387,991,207.0
388,602,245.0
388,665,254.0
388,680,240.0
388,846,245.0
389,461,233.0
389,587,234.0
389,815,245.0
390,410,240.0
390,555,199.0
390,780,243.0
390,826,219.0
390,952,230.0
391,470,257.0
391,494,259.0
391,579,248.0
391,585,242.0
391,604,249.0
391,624,270.0
391,648,253.0
391,822,251.0
391,854,250.0
392,521,229.0
392,561,228.0
392,758,222.0
392,817,238.0
392,828,251.0
393,548,190.0
393,647,228.0
393,676,228.0
394,578,245.0
394,615,230.0
395,600,209.0
395,690,219.0
395,765,219.0
395,860,234.0
395,882,211.0
395,903,216.0
395,960,233.0
395,976,219.0
396,440,254.0
396,452,226.0
396,491,261.0
396,580,255.0
396,711,243.0
396,851,253.0
397,450,240.0
397,710,263.0
397,800,222.0
398,458,248.0
398,898,237.0
398,974,257.0
399,488,226.0
399,587,242.0
399,681,252.0
399,746,239.0
399,769,247.0
399,849,221.0
400,480,217.0
400,485,246.0
400,561,225.0
400,789,205.0
400,791,251.0
400,801,235.0
401,434,211.0
401,515,231.0
401,540,223.0
401,586,215.0
401,648,233.0
401,828,238.0
401,847,236.0
401,915,254.0
402,522,223.0
402,563,254.0
402,620,247.0
402,630,247.0
402,680,238.0
402,801,246.0
402,818,220.0
402,837,218.0
402,873,255.0
402,911,240.0
402,995,213.0
403,617,230.0
403,793,242.0
403,941,228.0
404,506,230.0
404,712,232.0
405,712,214.0
405,922,241.0
406,565,255.0
406,635,204.0
406,672,218.0
406,736,236.0
406,859,224.0
407,472,221.0
407,505,241.0
407,574,207.0
408,410,222.0
408,545,247.0
408,687,227.0
408,791,254.0
408,881,211.0
408,947,255.0
409,411,206.0
409,859,240.0
409,942,221.0
409,989,227.0
410,738,236.0
410,825,212.0
411,490,243.0
411,495,253.0
411,574,236.0
411,598,231.0
411,648,226.0
411,732,242.0
411,868,259.0
412,473,235.0
412,527,248.0
412,555,250.0
412,823,254.0
412,899,245.0
412,964,221.0
413,553,224.0
413,562,224.0
413,627,221.0
413,709,213.0
413,935,224.0
413,952,212.0
414,443,243.0
414,644,224.0
414,783,243.0
415,550,238.0
415,836,205.0
415,898,231.0
416,554,197.0
416,576,232.0
416,578,274.0
416,752,230.0
416,953,213.0
417,470,245.0
417,495,211.0
417,750,188.0
417,790,252.0
417,886,229.0
417,896,216.0
417,995,224.0
418,544,232.0
418,584,209.0
418,587,204.0
418,606,192.0
418,845,232.0
419,556,242.0
419,598,208.0
419,599,270.0
419,679,222.0
419,758,249.0
419,836,235.0
419,865,220.0
419,948,223.0
419,970,233.0
419,986,227.0
420,881,210.0
420,916,234.0
421,438,216.0
421,680,247.0
421,851,249.0
421,905,235.0
421,920,220.0
421,925,206.0
422,426,203.0
422,463,241.0
422,500,233.0
422,539,230.0
422,810,242.0
422,935,233.0
422,988,235.0
423,456,239.0
423,502,232.0
423,605,267.0
423,618,250.0
423,636,220.0
423,646,237.0
423,728,262.0
423,750,246.0
424,587,224.0
424,658,201.0
424,708,220.0
424,784,224.0
424,990,200.0
425,690,256.0
425,694,209.0
425,809,212.0
425,887,265.0
425,924,219.0
425,945,233.0
426,598,239.0
426,762,226.0
426,884,240.0
427,436,256.0
427,491,233.0
427,527,224.0
427,561,200.0
427,633,219.0
427,799,241.0
427,812,224.0
427,868,222.0
428,598,243.0
428,953,234.0
429,625,235.0
429,819,274.0
430,506,224.0
430,716,232.0
431,676,236.0
431,859,246.0
431,916,239.0
431,977,254.0
432,588,237.0
432,650,249.0
432,845,216.0
432,948,238.0
433,448,230.0
433,712,241.0
433,818,210.0
434,470,222.0
434,671,211.0
434,966,231.0
435,446,210.0
435,455,224.0
435,515,222.0
435,611,235.0
435,649,246.0
435,754,235.0
435,870,214.0
435,923,267.0
436,548,233.0
436,551,236.0
436,562,238.0
437,573,217.0
437,834,235.0
438,664,215.0
438,737,207.0
438,756,220.0
438,821,244.0
438,910,228.0
439,504,230.0
439,534,222.0
439,632,218.0
439,634,220.0
439,677,232.0
439,777,241.0
439,778,245.0
440,450,236.0
440,537,226.0
440,762,230.0
440,784,216.0
440,848,213.0
441,521,221.0
441,548,231.0
441,561,262.0
441,585,215.0
441,637,244.0
441,671,242.0
441,675,236.0
442,609,235.0
442,795,226.0
442,800,216.0
442,943,220.0
442,944,258.0
442,981,220.0
444,469,228.0
444,509,199.0
444,517,203.0
444,557,212.0
444,666,232.0
444,707,233.0
445,458,218.0
445,480,221.0
445,612,223.0
445,639,222.0
445,706,221.0
446,460,205.0
446,685,223.0
446,701,243.0
446,738,226.0
446,849,206.0
446,895,238.0
446,897,200.0
446,976,217.0
446,985,242.0
447,675,234.0
447,721,218.0
447,892,228.0
448,522,195.0
448,840,199.0
448,954,205.0
449,608,236.0
449,645,225.0
449,836,219.0
450,629,232.0
450,840,226.0
451,507,203.0
451,513,225.0
451,543,239.0
451,606,213.0
451,704,195.0
451,755,221.0
452,550,267.0
452,665,217.0
452,985,212.0
453,725,249.0
453,770,217.0
453,923,218.0
453,925,213.0
453,955,250.0
454,538,195.0
454,610,255.0
454,612,223.0
454,834,220.0
454,840,242.0
454,844,205.0
455,462,224.0
455,627,249.0
455,745,243.0
455,762,230.0
455,805,246.0
455,882,252.0
455,920,243.0
455,929,221.0
456,475,233.0
456,488,235.0
456,534,251.0
456,767,256.0
456,842,272.0
456,923,210.0
457,693,233.0
457,756,246.0
457,827,224.0
457,945,232.0
457,959,241.0
458,521,240.0
458,580,224.0
458,791,231.0
458,992,246.0
459,530,228.0
459,713,214.0
459,883,231.0
460,679,211.0
460,973,244.0
461,930,251.0
462,503,190.0
462,549,231.0
462,671,253.0
462,728,228.0
462,741,218.0
462,802,224.0
462,818,233.0
462,888,208.0
463,624,239.0
463,698,234.0
463,723,217.0
463,728,222.0
463,994,243.0
464,591,233.0
464,604,236.0
464,790,251.0
464,852,238.0
464,995,228.0
465,624,241.0
465,675,240.0
465,716,211.0
465,751,222.0
465,760,229.0
465,791,243.0
465,906,215.0
466,480,251.0
466,491,228.0
466,556,245.0
466,722,237.0
466,788,209.0
466,801,234.0
467,537,220.0
467,576,226.0
467,592,226.0
467,726,263.0
467,976,215.0
468,507,201.0
468,521,232.0
468,612,227.0
468,678,243.0
468,684,227.0
468,716,210.0
468,818,234.0
468,836,227.0
468,993,217.0
469,604,204.0
469,654,241.0
469,705,226.0
469,972,250.0
470,531,236.0
470,575,231.0
470,636,263.0
470,705,238.0
470,721,244.0
470,878,195.0
470,882,231.0
470,918,236.0
471,541,233.0
471,576,246.0
471,619,239.0
471,782,213.0
471,984,212.0
472,480,207.0
472,492,210.0
472,558,240.0
472,657,228.0
472,928,242.0
472,988,227.0
472,990,217.0
473,713,254.0
473,914,249.0
473,968,223.0
474,664,206.0
474,730,235.0
474,875,236.0
474,982,233.0
475,492,232.0
475,616,233.0
475,667,232.0
476,542,188.0
476,674,212.0
476,749,190.0
477,557,215.0
477,820,237.0
477,851,217.0
477,936,233.0
477,966,233.0
477,977,252.0
478,582,250.0
478,823,219.0
478,894,204.0
478,966,252.0
478,993,238.0
479,507,223.0
479,558,243.0
479,559,250.0
479,706,213.0
479,851,257.0
479,858,229.0
479,866,213.0
480,614,239.0
480,626,208.0
480,627,226.0
480,968,231.0
481,625,219.0
481,698,229.0
481,707,264.0
481,755,219.0
481,833,265.0
481,875,227.0
481,969,219.0
482,555,224.0
482,733,222.0
482,756,203.0
482,855,241.0
483,610,226.0
483,636,239.0
483,682,232.0
483,824,234.0
483,827,226.0
483,867,233.0
483,973,255.0
484,503,235.0
484,642,258.0
484,796,222.0
484,995,233.0
485,516,260.0
485,677,263.0
485,751,216.0
485,795,231.0
485,877,214.0
486,500,286.0
486,685,229.0
487,490,258.0
487,565,232.0
487,656,203.0
487,780,265.0
487,783,247.0
487,787,222.0
488,589,221.0
488,635,251.0
488,752,239.0
488,851,246.0
488,883,256.0
488,911,242.0
488,940,236.0
488,985,215.0
489,498,235.0
489,644,210.0
489,979,229.0
490,570,216.0
490,636,231.0
490,638,243.0
490,844,248.0
490,942,218.0
491,650,238.0
491,692,249.0
491,852,278.0
491,908,240.0
491,910,194.0
492,547,223.0
492,618,257.0
492,675,215.0
492,792,243.0
492,948,243.0
493,505,225.0
493,523,226.0
493,542,211.0
493,577,251.0
493,705,233.0
493,761,203.0
493,847,233.0
493,861,234.0
493,889,239.0
494,561,240.0
494,603,236.0
494,637,236.0
495,523,216.0
495,890,240.0
495,943,228.0
496,579,241.0
496,595,232.0
496,836,224.0
496,943,202.0
496,948,233.0
496,950,234.0
497,628,214.0
497,792,229.0
497,806,226.0
498,554,215.0
498,619,222.0
498,888,248.0
499,658,233.0
499,723,227.0
499,971,235.0
500,538,263.0
500,677,230.0
500,957,242.0
501,677,240.0
501,782,250.0
501,865,241.0
501,995,219.0
502,533,257.0
502,569,198.0
502,690,219.0
502,714,225.0
502,728,230.0
502,890,221.0
503,796,219.0
504,541,231.0
504,585,234.0
504,621,233.0
504,670,244.0
504,912,219.0
505,824,214.0
505,945,230.0
506,616,221.0
506,697,211.0
506,772,228.0
506,829,246.0
506,982,219.0
507,765,187.0
508,560,251.0
508,635,219.0
508,660,219.0
508,809,244.0
509,701,240.0
509,725,227.0
509,800,209.0
510,835,252.0
511,594,218.0
511,630,223.0
511,719,231.0
511,823,240.0
511,868,246.0
512,760,209.0
512,847,230.0
512,912,242.0
513,529,218.0
513,619,266.0
513,665,218.0
513,884,273.0
514,531,249.0
515,519,260.0
515,559,234.0
515,607,223.0
515,640,217.0
515,809,216.0
515,819,273.0
515,947,235.0
517,760,213.0
517,844,250.0
517,898,246.0
518,681,241.0
518,823,219.0
518,870,249.0
519,771,220.0
519,873,234.0
519,917,236.0
520,651,255.0
520,700,251.0
520,843,260.0
520,856,234.0
521,544,248.0
521,663,227.0
521,851,243.0
521,876,260.0
521,907,227.0
522,564,244.0
522,571,202.0
522,687,196.0
522,743,242.0
522,780,243.0
522,828,220.0
522,891,220.0
522,975,247.0
523,603,232.0
523,866,270.0
523,895,220.0
523,912,270.0
523,929,225.0
523,978,201.0
524,535,244.0
524,685,238.0
524,886,234.0
525,708,234.0
525,826,229.0
526,720,221.0
526,747,214.0
526,766,256.0
526,777,239.0
527,542,204.0
527,696,196.0
527,765,211.0
527,844,221.0
527,947,229.0
528,686,257.0
528,718,255.0
528,990,196.0
529,754,219.0
529,809,216.0
529,950,227.0
529,979,235.0
530,636,240.0
530,801,245.0
530,941,246.0
530,954,222.0
530,981,247.0
531,615,249.0
531,766,233.0
532,892,233.0
533,636,208.0
533,639,227.0
533,709,240.0
533,880,269.0
533,887,234.0
534,576,265.0
534,591,219.0
534,606,241.0
534,807,224.0
534,855,260.0
534,958,254.0
534,994,189.0
535,541,257.0
535,640,241.0
535,755,208.0
535,796,230.0
535,852,258.0
535,866,261.0
535,914,242.0
535,953,226.0
536,543,229.0
536,579,240.0
536,698,236.0
536,733,240.0
536,911,216.0
537,587,224.0
537,665,230.0
537,839,262.0
537,914,227.0
538,541,220.0
538,658,231.0
538,686,239.0
538,769,240.0
538,904,251.0
539,711,225.0
539,733,249.0
539,950,256.0
540,585,224.0
540,653,260.0
540,684,241.0
540,767,223.0
540,959,238.0
541,701,257.0
542,582,208.0
542,627,225.0
542,651,219.0
542,841,238.0
542,892,210.0
543,586,228.0
543,602,234.0
543,640,203.0
543,748,222.0
543,755,221.0
543,816,245.0
543,886,227.0
544,546,218.0
544,675,233.0
544,750,198.0
544,880,250.0
544,990,227.0
545,557,196.0
545,571,207.0
545,669,206.0
545,778,222.0
545,991,248.0
546,897,228.0
547,556,222.0
547,590,228.0
547,794,230.0
547,848,221.0
547,998,253.0
548,738,221.0
548,798,222.0
548,941,224.0
549,624,222.0
549,647,222.0
549,662,240.0
549,929,242.0
550,620,213.0
550,719,230.0
550,834,232.0
550,937,259.0
550,981,223.0
551,599,232.0
551,727,243.0
551,854,246.0
551,919,278.0
552,588,240.0
552,623,247.0
552,680,233.0
552,728,245.0
552,752,227.0
552,868,244.0
552,882,213.0
552,918,207.0
553,669,226.0
553,732,215.0
553,900,232.0
553,992,210.0
554,689,217.0
554,770,238.0
554,870,212.0
554,976,236.0
555,709,233.0
555,893,255.0
555,911,232.0
555,983,226.0
556,693,206.0
556,726,248.0
557,590,211.0
557,625,240.0
557,636,225.0
557,678,220.0
557,784,217.0
557,834,214.0
557,902,241.0
558,651,254.0
558,717,207.0
558,899,245.0
559,655,222.0
559,669,219.0
559,790,221.0
559,826,243.0
559,933,223.0
560,580,243.0
560,645,267.0
560,884,245.0
560,961,214.0
561,576,255.0
561,627,239.0
561,662,252.0
561,697,241.0
561,721,235.0
561,785,201.0
561,870,244.0
561,947,225.0
562,880,259.0
562,890,240.0
562,912,255.0
562,939,262.0
562,942,249.0
563,601,239.0
563,760,205.0
563,771,236.0
563,867,248.0
564,705,242.0
564,754,230.0
564,807,248.0
564,809,246.0
565,638,225.0
565,738,233.0
565,778,242.0
565,856,261.0
565,860,243.0
565,952,239.0
566,704,212.0
566,943,228.0
566,981,195.0
567,571,191.0
567,703,229.0
567,706,203.0
567,926,246.0
567,994,227.0
568,821,225.0
569,717,209.0
569,857,224.0
570,748,235.0
570,801,231.0
570,970,223.0
571,648,213.0
571,666,220.0
571,752,243.0
571,816,223.0
571,822,251.0
571,917,218.0
571,977,249.0
572,706,220.0
572,732,227.0
572,810,249.0
573,629,206.0
573,643,226.0
573,701,229.0
574,739,241.0
574,745,246.0
574,943,223.0
574,971,219.0
575,644,257.0
575,692,238.0
575,705,254.0
576,670,238.0
576,740,242.0
576,769,236.0
576,819,217.0
576,893,246.0
576,960,246.0
577,672,262.0
577,733,219.0
577,757,247.0
577,773,243.0
577,809,245.0
577,856,231.0
577,937,233.0
577,956,246.0
578,701,224.0
578,905,213.0
578,973,234.0
579,832,240.0
579,842,235.0
580,584,242.0
580,600,247.0
580,756,230.0
580,836,230.0
581,691,194.0
581,916,249.0
582,707,251.0
582,834,219.0
583,861,230.0
583,862,232.0
583,883,218.0
583,902,219.0
583,980,210.0
584,611,240.0
584,940,233.0
584,944,231.0
584,985,223.0
585,614,242.0
585,721,224.0
585,851,232.0
585,856,232.0
585,859,202.0
585,940,236.0
586,597,219.0
586,716,233.0
586,760,223.0
586,766,237.0
586,868,235.0
587,606,243.0
587,717,211.0
587,810,254.0
587,860,217.0
587,978,236.0
588,596,210.0
588,685,247.0
588,722,230.0
589,610,242.0
589,760,215.0
589,983,251.0
590,640,240.0
590,805,228.0
590,848,214.0
590,917,191.0
591,613,217.0
591,636,252.0
591,703,236.0
591,722,225.0
591,803,245.0
591,899,247.0
591,923,242.0
591,942,245.0
591,973,252.0
592,681,234.0
592,686,211.0
592,733,224.0
592,815,233.0
593,751,237.0
593,761,241.0
593,953,239.0
593,999,218.0
594,744,237.0
594,798,250.0
594,995,244.0
595,596,216.0
595,802,232.0
596,607,230.0
596,763,227.0
597,919,235.0
598,687,241.0
598,817,235.0
598,917,243.0
599,688,242.0
599,703,247.0
599,731,230.0
599,742,257.0
599,828,247.0
599,917,231.0
600,792,225.0
600,861,197.0
601,741,223.0
601,842,271.0
601,942,209.0
601,946,237.0
601,974,243.0
602,980,243.0
603,926,244.0
603,935,213.0
604,636,206.0
604,676,219.0
604,737,199.0
604,836,218.0
605,613,238.0
605,802,204.0
605,975,243.0
606,674,227.0
606,960,213.0
606,967,239.0
607,678,205.0
607,743,240.0
607,793,200.0
607,795,239.0
607,920,221.0
608,764,250.0
608,772,243.0
608,805,233.0
608,848,203.0
609,759,245.0
610,934,205.0
610,937,238.0
611,682,261.0
611,719,236.0
611,792,221.0
612,821,240.0
612,876,241.0
613,686,239.0
613,690,240.0
613,732,249.0
613,748,220.0
613,844,230.0
613,997,268.0
614,738,239.0
614,862,242.0
615,848,222.0
616,742,270.0
617,697,207.0
617,799,240.0
617,896,222.0
618,748,220.0
618,851,235.0
619,635,221.0
619,756,224.0
619,857,235.0
620,834,210.0
621,915,233.0
622,687,213.0
622,733,233.0
622,756,231.0
622,781,236.0
622,816,232.0
622,895,209.0
622,936,218.0
622,952,226.0
623,973,229.0
623,983,217.0
624,646,220.0
624,662,245.0
624,730,256.0
624,757,257.0
624,960,241.0
624,983,242.0
625,699,272.0
625,817,219.0
625,979,253.0
626,641,242.0
626,896,211.0
628,768,207.0
629,913,239.0
630,794,207.0
630,905,238.0
631,669,235.0
631,703,272.0
631,816,252.0
631,906,230.0
632,658,231.0
632,829,197.0
632,910,240.0
633,681,265.0
633,885,235.0
634,656,233.0
634,728,285.0
634,751,222.0
634,792,226.0
634,828,230.0
635,764,229.0
635,800,241.0
635,985,215.0
636,731,247.0
637,765,221.0
637,887,245.0
637,938,259.0
637,963,218.0
638,639,212.0
638,782,228.0
638,790,232.0
638,845,205.0
638,893,212.0
639,675,224.0
639,734,228.0
639,748,207.0
640,819,235.0
640,868,232.0
640,895,259.0
641,675,230.0
641,890,228.0
641,931,227.0
641,977,218.0
642,695,232.0
642,699,221.0
642,816,214.0
642,838,215.0
643,841,251.0
645,803,230.0
645,840,228.0
645,928,249.0
646,718,235.0
646,852,242.0
646,898,226.0
647,831,239.0
648,787,236.0
648,891,229.0
648,904,209.0
648,986,225.0
649,748,225.0
649,839,223.0
650,657,229.0
651,691,215.0
651,708,228.0
651,739,247.0
651,827,227.0
652,668,246.0
652,735,249.0
653,660,255.0
653,671,238.0
653,681,241.0
653,685,250.0
653,701,243.0
653,738,211.0
653,847,267.0
653,973,237.0
654,769,226.0
654,956,247.0
654,991,248.0
656,805,248.0
656,846,229.0
656,924,277.0
657,890,249.0
657,899,253.0
658,802,190.0
658,864,248.0
658,946,209.0
659,721,248.0
659,722,226.0
659,733,209.0
659,844,211.0
660,669,214.0
660,680,242.0
660,805,227.0
660,851,240.0
660,888,236.0
661,710,225.0
661,751,204.0
661,852,231.0
661,994,222.0
662,689,246.0
663,699,233.0
663,727,261.0
663,784,233.0
663,811,240.0
663,903,217.0
664,688,207.0
664,726,238.0
664,729,222.0
664,747,216.0
664,775,200.0
664,787,238.0
664,965,195.0
665,750,221.0
665,937,248.0
666,758,254.0
666,869,220.0
666,899,232.0
667,709,245.0
667,737,242.0
667,782,238.0
667,810,265.0
667,890,237.0
667,934,192.0
668,762,234.0
668,787,212.0
668,841,217.0
668,948,230.0
668,958,206.0
669,731,238.0
669,850,215.0
669,872,200.0
669,878,189.0
670,796,222.0
670,850,250.0
670,857,179.0
670,932,220.0
671,779,230.0
671,927,228.0
671,930,268.0
671,966,267.0
672,742,249.0
672,901,261.0
673,816,214.0
673,832,217.0
673,868,226.0
673,991,216.0
674,714,215.0
674,771,258.0
674,866,208.0
675,712,215.0
675,739,214.0
675,955,223.0
675,971,261.0
676,912,232.0
677,741,212.0
677,861,212.0
677,942,238.0
677,945,219.0
677,966,217.0
678,714,229.0
678,847,246.0
678,856,242.0
678,860,225.0
679,688,214.0
679,924,218.0
679,997,216.0
680,681,219.0
680,843,260.0
680,986,244.0
681,696,242.0
681,757,248.0
681,820,216.0
681,932,244.0
681,941,201.0
682,780,256.0
682,880,242.0
682,928,225.0
683,689,220.0
683,772,236.0
683,956,222.0
683,972,224.0
683,992,209.0
684,791,243.0
684,957,194.0
685,735,239.0
685,893,226.0
686,817,209.0
686,887,234.0
686,888,234.0
686,936,253.0
687,747,245.0
687,847,227.0
688,788,254.0
688,861,236.0
688,892,215.0
688,939,223.0
688,962,217.0
689,729,212.0
689,910,200.0
689,934,243.0
690,709,209.0
690,723,213.0
690,846,226.0
690,886,228.0
690,998,245.0
691,831,232.0
691,927,223.0
691,973,215.0
691,986,229.0
692,780,265.0
692,875,239.0
692,906,241.0
692,928,231.0
692,947,234.0
693,745,228.0
693,791,216.0
694,895,243.0
694,971,253.0
695,807,252.0
695,810,237.0
695,842,255.0
695,923,253.0
695,944,255.0
696,756,217.0
696,765,234.0
696,766,239.0
696,816,264.0
696,832,253.0
696,858,231.0
697,761,225.0
697,904,229.0
697,967,252.0
697,969,221.0
697,986,233.0
698,707,233.0
698,845,231.0
699,796,227.0
699,817,240.0
699,860,238.0
700,893,215.0
701,785,226.0
702,711,204.0
702,728,249.0
702,778,230.0
702,984,207.0
703,812,231.0
703,959,263.0
703,992,236.0
704,796,237.0
704,798,237.0
704,944,252.0
705,792,247.0
705,809,213.0
705,922,225.0
706,802,219.0
706,822,245.0
706,873,259.0
706,943,210.0
706,962,183.0
707,708,218.0
707,863,193.0
707,984,237.0
709,711,232.0
709,890,213.0
710,762,245.0
710,884,222.0
710,899,240.0
710,921,219.0
710,993,255.0
711,798,219.0
712,750,217.0
712,853,199.0
712,873,240.0
712,881,227.0
712,911,209.0
712,987,211.0
713,761,232.0
713,823,227.0
713,863,244.0
713,902,213.0
713,918,207.0
713,922,199.0
713,967,248.0
714,815,242.0
714,980,230.0
715,748,221.0
716,907,193.0
716,974,234.0
718,899,223.0
719,772,255.0
719,811,235.0
720,794,233.0
720,878,207.0
721,930,244.0
721,936,222.0
722,813,215.0
722,927,255.0
722,972,253.0
723,731,241.0
723,827,245.0
723,854,249.0
723,945,256.0
724,927,216.0
724,954,247.0
725,883,282.0
725,954,187.0
726,880,217.0
726,950,235.0
727,810,200.0
729,745,206.0
729,810,221.0
729,865,237.0
730,782,235.0
730,844,227.0
730,893,236.0
730,995,226.0
732,733,252.0
732,841,240.0
732,860,228.0
733,758,236.0
733,854,237.0
734,762,215.0
734,784,251.0
734,870,238.0
735,930,229.0
736,805,240.0
736,945,228.0
736,954,229.0
736,982,237.0
737,759,208.0
737,827,204.0
737,950,212.0
737,991,191.0
738,967,237.0
739,864,214.0
739,871,238.0
739,881,236.0
739,948,237.0
740,959,249.0
741,829,192.0
741,844,208.0
741,991,216.0
742,765,230.0
742,840,229.0
743,911,222.0
743,945,244.0
744,832,232.0
744,856,221.0
745,952,230.0
746,931,209.0
746,933,213.0
746,943,205.0
746,957,218.0
748,847,250.0
748,994,212.0
749,799,206.0
750,796,220.0
751,835,242.0
752,823,227.0
752,957,231.0
752,990,249.0
753,996,227.0
754,887,220.0
754,932,227.0
755,764,262.0
755,794,218.0
756,764,241.0
756,807,224.0
756,845,234.0
756,982,215.0
758,790,234.0
758,874,248.0
758,960,242.0
759,841,222.0
760,773,216.0
760,776,224.0
762,821,234.0
762,939,235.0
762,960,239.0
762,987,211.0
763,888,224.0
763,959,229.0
764,780,239.0
764,795,237.0
764,848,247.0
764,897,219.0
764,910,226.0
765,819,222.0
765,873,218.0
765,950,244.0
767,790,251.0
767,915,221.0
769,892,241.0
769,970,234.0
770,832,225.0
770,963,248.0
771,837,265.0
771,905,227.0
772,950,226.0
773,908,241.0
774,970,226.0
774,973,231.0
775,913,215.0
777,790,230.0
777,892,219.0
777,925,208.0
778,855,248.0
778,925,236.0
778,971,276.0
779,903,246.0
780,886,230.0
781,904,234.0
781,945,222.0
782,884,235.0
784,917,224.0
785,976,233.0
785,991,235.0
786,864,248.0
786,870,241.0
786,985,207.0
787,881,223.0
789,917,249.0
790,824,260.0
790,898,244.0
790,926,243.0
790,942,244.0
790,950,237.0
790,963,220.0
791,953,244.0
791,975,233.0
792,798,247.0
792,957,224.0
793,826,197.0
793,896,202.0
794,920,215.0
794,925,222.0
795,986,206.0
796,996,209.0
798,895,215.0
798,916,231.0
799,869,224.0
800,913,260.0
802,814,237.0
802,958,235.0
803,886,229.0
803,981,226.0
804,869,214.0
804,915,224.0
804,921,214.0
804,925,227.0
805,887,241.0
805,979,249.0
807,834,209.0
808,959,230.0
809,915,236.0
809,968,216.0
810,912,235.0
810,916,262.0
810,964,199.0
811,834,223.0
811,926,237.0
812,858,245.0
813,866,214.0
813,920,235.0
813,976,191.0
814,885,266.0
814,887,244.0
814,913,238.0
815,861,240.0
816,895,233.0
816,900,222.0
816,955,243.0
817,887,234.0
818,938,205.0
820,925,265.0
820,970,249.0
821,917,248.0
821,949,226.0
821,985,219.0
821,987,230.0
822,957,202.0
822,958,242.0
823,830,232.0
823,863,219.0
823,996,230.0
824,856,232.0
824,930,236.0
825,868,254.0
825,929,253.0
825,953,224.0
826,906,239.0
827,836,194.0
828,973,214.0
829,941,241.0
830,927,257.0
831,980,197.0
833,883,236.0
833,939,229.0
834,950,231.0
834,971,210.0
835,974,229.0
836,954,214.0
839,987,239.0
840,974,247.0
840,979,238.0
841,889,229.0
841,958,230.0
841,975,256.0
842,929,233.0
843,845,258.0
843,916,275.0
844,997,220.0
845,932,239.0
846,939,241.0
847,904,229.0
847,960,239.0
847,990,219.0
848,873,258.0
848,956,234.0
848,985,222.0
849,984,229.0
850,895,224.0
850,941,233.0
851,966,256.0
852,859,211.0
853,889,243.0
853,925,209.0
854,943,232.0
855,857,231.0
855,861,246.0
855,961,230.0
856,929,235.0
856,933,230.0
856,954,220.0
856,998,231.0
858,978,251.0
858,993,241.0
859,910,223.0
859,978,228.0
860,908,248.0
861,875,201.0
862,890,250.0
862,904,227.0
862,940,248.0
862,968,225.0
863,950,221.0
864,920,245.0
866,880,210.0
866,917,218.0
867,989,225.0
867,992,232.0
867,993,217.0
867,999,236.0
868,874,229.0
869,880,238.0
869,921,233.0
869,987,217.0
872,938,217.0
873,885,257.0
877,955,214.0
878,944,231.0
878,963,207.0
879,891,246.0
879,912,223.0
880,953,263.0
880,984,239.0
881,957,235.0
881,987,221.0
883,955,205.0
887,957,261.0
889,917,231.0
891,929,207.0
891,986,214.0
893,954,189.0
893,981,208.0
895,939,239.0
898,920,218.0
904,979,225.0
905,968,225.0
907,923,228.0
911,975,229.0
913,984,225.0
914,941,237.0
915,941,242.0
915,995,245.0
917,925,238.0
917,957,263.0
917,978,228.0
917,994,225.0
919,955,238.0
920,958,213.0
921,954,242.0
922,977,226.0
923,924,246.0
927,935,238.0
928,959,227.0
929,972,248.0
934,949,217.0
934,956,235.0
935,937,231.0
936,945,262.0
938,939,231.0
938,979,239.0
939,946,241.0
947,957,220.0
949,978,254.0
949,982,247.0
951,999,257.0
952,996,240.0
954,985,244.0
957,989,214.0
966,976,196.0
966,983,249.0
968,990,220.0
971,985,217.0
972,998,230.0
978,995,231.0
980,988,265.0
