0,1007.0,0.0,0
1,445.0,0.0,0
2,879.0,11940.0,379
3,4197.0,52084.0,951
4,13.0,0.0,0
5,233.0,0.0,0
6,2611.0,12720.0,1000
7,8737.0,86280.0,956
8,281.0,5654.0,411
9,943.0,940.0,471
10,6895.0,54630.0,958
11,185.0,1976.0,989
12,835.0,1998.0,1000
13,311.0,5980.0,1000
14,1225.0,56590.0,465
15,91.0,1998.0,1000
16,7603.0,5982.0,1000
17,711.0,5438.0,145
18,3473.0,5982.0,1000
19,6637.0,6826.0,1000
20,9.0,0.0,0
21,1.0,2.0,2
22,1.0,1996.0,999
23,5.0,3992.0,1000
24,109.0,1998.0,1000
25,775.0,338.0,32
26,2677.0,2968.0,956
27,131.0,0.0,0
28,47.0,0.0,0
29,1.0,822.0,412
30,599.0,230.0,61
31,5.0,0.0,0
32,1.0,0.0,0
33,13.0,1998.0,1000
34,65.0,7944.0,997
35,11.0,1998.0,1000
36,23.0,24.0,7
37,33.0,1998.0,1000
38,41.0,0.0,0
39,67.0,0.0,0
40,607.0,1998.0,1000
41,3.0,4.0,3
42,129.0,0.0,0
43,301.0,1998.0,1000
44,23.0,0.0,0
45,11.0,0.0,0
46,121.0,1998.0,1000
47,7.0,0.0,0
48,93.0,0.0,0
49,11.0,0.0,0
50,199.0,3992.0,1000
51,5.0,0.0,0
52,1.0,0.0,0
53,17.0,1998.0,1000
54,2211.0,1998.0,1000
55,427.0,0.0,0
56,175.0,3954.0,991
57,33.0,1996.0,999
58,13.0,0.0,0
59,87.0,12.0,5
60,213.0,24.0,8
61,31.0,0.0,0
62,445.0,3982.0,998
63,347.0,1996.0,999
64,181.0,1998.0,1000
65,33.0,0.0,0
66,277.0,1998.0,1000
67,1.0,0.0,0
68,6557.0,7616.0,999
69,147.0,1806.0,904
70,1729.0,10618.0,898
71,891.0,1678.0,224
72,203.0,0.0,0
73,2207.0,4378.0,663
74,291.0,8208.0,595
75,2645.0,13788.0,848
76,53.0,3990.0,1000
77,201.0,1996.0,999
78,409.0,1998.0,1000
79,757.0,1996.0,999
80,97.0,0.0,0
81,689.0,5980.0,1000
82,3.0,0.0,0
83,2839.0,1998.0,1000
84,355.0,90.0,25
85,995.0,2076.0,999
86,1.0,6.0,4
87,1.0,1996.0,999
88,13.0,5972.0,1000
89,5.0,7954.0,999
90,15.0,0.0,0
91,159.0,1998.0,1000
92,1.0,0.0,0
93,891.0,22734.0,322
94,31495.0,29040.0,1000
95,5.0,1996.0,999
96,1257.0,5976.0,1000
97,1161.0,1998.0,1000
98,185.0,0.0,0
99,1.0,898.0,450
100,1.0,4.0,3
101,1.0,2884.0,998
102,1283.0,15356.0,996
103,253.0,110.0,49
104,1229.0,9560.0,1000
105,203.0,0.0,0
106,37.0,0.0,0
107,1.0,1996.0,999
108,13.0,1996.0,999
109,3.0,1996.0,999
110,3.0,2.0,2
111,1.0,0.0,0
112,5.0,1998.0,1000
113,205.0,0.0,0
114,1021.0,1998.0,1000
115,1.0,1996.0,998
116,1.0,14.0,7
117,127.0,0.0,0
118,197.0,1998.0,1000
119,1519.0,3992.0,1000
120,11.0,0.0,0
121,149.0,0.0,0
122,815.0,3956.0,993
123,3905.0,5946.0,1000
124,1039.0,1592.0,797
125,491.0,458.0,218
126,1.0,0.0,0
127,185.0,1998.0,1000
128,5.0,0.0,0
129,973.0,1998.0,1000
130,57.0,0.0,0
131,10853.0,45154.0,999
132,1021.0,43360.0,676
133,1283.0,2346.0,954
134,799.0,596.0,107
135,1.0,4.0,3
136,1.0,1994.0,998
137,1.0,2.0,2
138,41.0,1996.0,999
139,1.0,1990.0,996
140,1.0,4.0,3
141,1.0,4.0,3
142,1.0,4.0,3
143,39.0,1998.0,1000
144,7.0,0.0,0
145,119.0,1998.0,1000
146,11.0,0.0,0
147,121.0,1998.0,1000
148,21.0,0.0,0
149,5.0,1998.0,1000
150,1.0,0.0,0
151,55.0,1998.0,1000
152,19.0,0.0,0
153,15.0,3992.0,1000
154,37.0,1998.0,1000
155,3.0,0.0,0
156,1.0,4.0,3
157,1.0,1994.0,998
158,31.0,1996.0,999
159,1.0,0.0,0
160,1.0,2.0,2
161,11.0,0.0,0
162,3529.0,29210.0,983
163,299.0,0.0,0
164,1425.0,3990.0,1000
165,1.0,0.0,0
166,209.0,5976.0,1000
167,3.0,0.0,0
168,33.0,0.0,0
169,65.0,0.0,0
170,1.0,0.0,0
171,1367.0,16390.0,849
172,1925.0,1988.0,995
173,139.0,1998.0,1000
174,47.0,0.0,0
175,1065.0,25776.0,433
176,1629.0,19232.0,998
177,19.0,1998.0,1000
178,41.0,0.0,0
179,857.0,23038.0,514
180,2097.0,92152.0,902
181,945.0,3984.0,998
182,1683.0,24654.0,1000
183,1.0,0.0,0
184,149.0,0.0,0
185,3437.0,8446.0,995
186,873.0,18844.0,996
187,47.0,1998.0,1000
188,135.0,0.0,0
189,255.0,1998.0,1000
190,3.0,0.0,0
191,5.0,1998.0,1000
192,3369.0,3054.0,1000
193,1.0,0.0,0
194,5.0,1998.0,1000
195,3845.0,86514.0,891
196,391.0,0.0,0
197,9.0,0.0,0
198,317.0,0.0,0
199,215.0,0.0,0
200,2057.0,77298.0,589
201,1053.0,13328.0,231
202,655.0,1998.0,1000
203,5.0,0.0,0
204,275.0,0.0,0
205,5631.0,34782.0,1000
206,329.0,9930.0,998
207,305.0,486.0,84
208,139.0,1998.0,1000
209,115.0,0.0,0
210,79.0,68.0,35
211,95.0,1930.0,966
212,339.0,1998.0,1000
213,31.0,0.0,0
214,375.0,1998.0,1000
215,107.0,0.0,0
216,191.0,1998.0,1000
217,1.0,0.0,0
218,3.0,0.0,0
219,57.0,1998.0,1000
220,1.0,0.0,0
221,11.0,5982.0,1000
222,1541.0,3990.0,1000
223,9.0,1996.0,999
224,825.0,2008.0,964
225,23.0,0.0,0
226,867.0,158.0,80
227,17.0,0.0,0
228,117.0,1998.0,1000
229,33.0,0.0,0
230,295.0,1998.0,1000
231,3.0,0.0,0
232,2871.0,3576.0,987
233,3.0,0.0,0
234,183.0,50.0,26
235,21.0,1998.0,1000
236,401.0,3992.0,1000
237,37.0,1998.0,1000
238,25.0,0.0,0
239,879.0,3992.0,1000
240,95.0,1998.0,1000
241,5.0,1994.0,998
242,91.0,36.0,11
243,131.0,3952.0,991
244,4837.0,3992.0,1000
245,1397.0,1998.0,1000
246,53867.0,4970.0,1000
247,495.0,5692.0,151
248,5531.0,34798.0,914
249,383.0,1998.0,1000
250,15335.0,18456.0,896
251,7775.0,5982.0,1000
252,845.0,3502.0,196
253,687.0,4092.0,275
254,4977.0,17510.0,840
255,2907.0,1998.0,1000
256,6757.0,10936.0,997
257,745.0,1998.0,1000
258,383.0,1998.0,1000
259,67.0,0.0,0
260,5147.0,30290.0,920
261,363.0,518.0,100
262,2507.0,2176.0,948
263,209.0,0.0,0
264,87.0,3992.0,1000
265,4793.0,4610.0,776
266,1015.0,1400.0,235
267,113.0,0.0,0
268,1007.0,7956.0,1000
269,5.0,0.0,0
270,25.0,0.0,0
271,85.0,0.0,0
272,1265.0,18510.0,992
273,11.0,0.0,0
274,365.0,1998.0,1000
275,1363.0,17958.0,641
276,1.0,150.0,76
277,1.0,1848.0,925
278,101.0,0.0,0
279,7.0,0.0,0
280,1.0,1996.0,999
281,403.0,3990.0,1000
282,5.0,0.0,0
283,2279.0,570.0,127
284,12909.0,2912.0,792
285,6095.0,1832.0,913
286,3467.0,1998.0,1000
287,5403.0,5982.0,1000
288,2705.0,1998.0,1000
289,17.0,0.0,0
290,2197.0,1998.0,1000
291,81.0,0.0,0
292,75.0,5970.0,999
293,277.0,278.0,99
294,621.0,128.0,65
295,305.0,1836.0,901
296,213.0,0.0,0
297,23.0,0.0,0
298,403.0,1998.0,1000
299,1.0,2.0,2
300,9.0,1996.0,999
301,7.0,0.0,0
302,59.0,0.0,0
303,347.0,2.0,2
304,147.0,0.0,0
305,843.0,1576.0,789
306,1.0,0.0,0
307,603.0,420.0,211
308,293.0,1998.0,1000
309,29.0,0.0,0
310,3783.0,1998.0,1000
311,9.0,0.0,0
312,107.0,0.0,0
313,63.0,9950.0,1000
314,71.0,11928.0,1000
315,1.0,1996.0,999
316,651.0,1946.0,974
317,4611.0,3940.0,1000
318,91.0,3992.0,1000
319,87.0,1998.0,1000
320,679.0,438.0,195
321,85.0,0.0,0
322,3.0,0.0,0
323,435.0,1574.0,788
324,251.0,12.0,7
325,321.0,78.0,40
326,1.0,0.0,0
327,13.0,0.0,0
328,3.0,0.0,0
329,51.0,1998.0,1000
330,1233.0,1998.0,1000
331,9.0,0.0,0
332,1.0,3982.0,999
333,1.0,5968.0,999
334,1.0,6.0,4
335,1.0,1996.0,999
336,3.0,0.0,0
337,55.0,1998.0,1000
338,3491.0,2764.0,1000
339,955.0,770.0,386
340,8709.0,1998.0,1000
341,1.0,0.0,0
342,377.0,1998.0,1000
343,1.0,0.0,0
344,1.0,2.0,2
345,1.0,1996.0,999
346,7.0,0.0,0
347,113.0,0.0,0
348,19.0,0.0,0
349,7.0,0.0,0
350,1.0,1976.0,989
351,1.0,0.0,0
352,8645.0,3970.0,1000
353,3.0,0.0,0
354,53.0,0.0,0
355,461.0,1920.0,961
356,543.0,3882.0,992
357,5.0,0.0,0
358,1977.0,14730.0,726
359,1167.0,14000.0,348
360,1785.0,22032.0,795
361,2231.0,3992.0,1000
362,61.0,1998.0,1000
363,51.0,0.0,0
364,643.0,3990.0,1000
365,1.0,0.0,0
366,467.0,7966.0,1000
367,291.0,1998.0,1000
368,311.0,0.0,0
369,41.0,0.0,0
370,1505.0,3992.0,1000
371,101.0,1998.0,1000
372,1.0,8.0,5
373,1.0,1998.0,999
374,1.0,0.0,0
375,69.0,1998.0,1000
376,335.0,3952.0,999
377,239.0,1962.0,982
378,1.0,0.0,0
379,1817.0,1998.0,1000
380,11.0,0.0,0
381,299.0,3988.0,999
382,173.0,0.0,0
383,313.0,3992.0,1000
384,1.0,0.0,0
385,275.0,5982.0,1000
386,13.0,0.0,0
387,21.0,0.0,0
388,7.0,0.0,0
389,9.0,0.0,0
390,25.0,1996.0,999
391,3041.0,3990.0,1000
392,8263.0,6504.0,999
393,1755.0,8478.0,1000
394,7.0,0.0,0
395,15.0,1998.0,1000
396,1.0,6.0,4
397,1.0,1992.0,997
398,41.0,1998.0,1000
399,1.0,0.0,0
400,1.0,0.0,0
401,1.0,0.0,0
402,557.0,1998.0,1000
403,1.0,1994.0,998
404,1.0,60.0,31
405,1345.0,5572.0,603
406,77.0,0.0,0
407,283.0,400.0,54
408,17.0,1996.0,999
409,115.0,0.0,0
410,661.0,1998.0,1000
411,183.0,1998.0,1000
412,901.0,5310.0,474
413,25.0,0.0,0
414,207.0,76.0,21
415,3.0,1994.0,998
416,1041.0,1998.0,1000
417,261.0,0.0,0
418,1025.0,1998.0,1000
419,21.0,0.0,0
420,621.0,3992.0,1000
421,17.0,0.0,0
422,1353.0,14456.0,576
423,49.0,1998.0,1000
424,503.0,1088.0,140
425,781.0,4810.0,279
426,1287.0,5954.0,1000
427,837.0,1998.0,1000
428,23.0,0.0,0
429,177.0,3992.0,1000
430,21.0,0.0,0
431,41.0,0.0,0
432,19.0,1998.0,1000
433,613.0,3992.0,1000
434,3205.0,8272.0,674
435,1123.0,6524.0,556
436,1083.0,3922.0,277
437,1411.0,50566.0,616
438,127.0,5962.0,997
439,3749.0,50358.0,899
440,9.0,1998.0,1000
441,1.0,0.0,0
442,81.0,1998.0,1000
443,45.0,0.0,0
444,929.0,7968.0,1000
445,37.0,1998.0,1000
446,39.0,1998.0,1000
447,11.0,0.0,0
448,7.0,1998.0,1000
449,3.0,0.0,0
450,707.0,11868.0,995
451,37.0,0.0,0
452,6537.0,2038.0,1000
453,213.0,1998.0,1000
454,199.0,1990.0,996
455,179.0,2004.0,995
456,51.0,0.0,0
457,119.0,0.0,0
458,227.0,2562.0,632
459,35.0,0.0,0
460,99.0,0.0,0
461,2583.0,16316.0,999
462,5.0,0.0,0
463,125.0,1998.0,1000
464,255.0,0.0,0
465,895.0,1998.0,1000
466,1475.0,3992.0,1000
467,5317.0,1998.0,1000
468,101.0,1998.0,1000
469,653.0,5982.0,1000
470,9.0,0.0,0
471,2933.0,11782.0,902
472,1231.0,14910.0,902
473,1.0,2.0,2
474,9037.0,1998.0,1000
475,77.0,0.0,0
476,1.0,4.0,3
477,1.0,1930.0,966
478,1.0,4.0,3
479,3.0,0.0,0
480,363.0,1998.0,1000
481,1.0,0.0,0
482,53.0,0.0,0
483,8507.0,3992.0,1000
484,277.0,1998.0,1000
485,377.0,3992.0,1000
486,1087.0,1998.0,1000
487,111.0,0.0,0
488,27733.0,13902.0,1000
489,461.0,9950.0,1000
490,3401.0,1998.0,1000
491,1.0,1988.0,995
492,1.0,8.0,5
493,1.0,2.0,2
494,29.0,3992.0,1000
495,5.0,1998.0,1000
496,99.0,3992.0,1000
497,71.0,3992.0,1000
498,65.0,0.0,0
499,953.0,3862.0,998
500,8979.0,1998.0,1000
501,49.0,0.0,0
502,10565.0,33024.0,910
503,81.0,1994.0,998
504,141.0,3992.0,1000
505,1.0,1104.0,553
506,15.0,0.0,0
507,3.0,0.0,0
508,137.0,1998.0,1000
509,1787.0,1998.0,1000
510,39.0,5982.0,1000
511,91.0,1998.0,1000
512,1.0,2.0,2
513,1.0,30.0,16
514,1.0,1968.0,985
515,115.0,8.0,5
516,7.0,0.0,0
517,217.0,17034.0,990
518,3.0,0.0,0
519,457.0,1996.0,999
520,1049.0,3992.0,1000
521,11.0,0.0,0
522,1257.0,5982.0,1000
523,67.0,0.0,0
524,1343.0,45108.0,992
525,13.0,1998.0,1000
526,979.0,5892.0,999
527,1.0,0.0,0
528,45.0,1998.0,1000
529,3.0,0.0,0
530,45.0,3992.0,1000
531,17.0,0.0,0
532,31.0,1996.0,999
533,3.0,0.0,0
534,33.0,2.0,2
535,25.0,1998.0,1000
536,1.0,0.0,0
537,5.0,1998.0,1000
538,145.0,0.0,0
539,7.0,0.0,0
540,283.0,0.0,0
541,137.0,7966.0,1000
542,4523.0,8868.0,879
543,2475.0,16412.0,875
544,3.0,0.0,0
545,35.0,1998.0,1000
546,7.0,0.0,0
547,5.0,0.0,0
548,3761.0,1998.0,1000
549,207.0,52.0,27
550,63.0,0.0,0
551,19.0,0.0,0
552,1133.0,1998.0,1000
553,2963.0,17286.0,993
554,7.0,1998.0,1000
555,3.0,0.0,0
556,10513.0,6412.0,911
557,49.0,0.0,0
558,2101.0,1998.0,1000
559,9.0,3982.0,1000
560,9.0,1988.0,995
561,3.0,0.0,0
562,47.0,1998.0,1000
563,69.0,0.0,0
564,557.0,4150.0,999
565,373.0,2052.0,999
566,365.0,280.0,31
567,1.0,4.0,3
568,1.0,3980.0,998
569,25.0,1998.0,1000
570,1.0,0.0,0
571,397.0,3988.0,999
572,4549.0,9946.0,1000
573,9.0,3988.0,1000
574,93.0,5978.0,1000
575,61.0,1918.0,960
576,113.0,80.0,41
577,1.0,3974.0,996
578,5.0,1998.0,1000
579,25.0,7944.0,1000
580,5.0,10.0,6
581,427.0,254.0,26
582,12743.0,2648.0,937
583,933.0,1376.0,314
584,213.0,194.0,93
585,367.0,4138.0,995
586,45.0,1998.0,1000
587,13.0,0.0,0
588,5.0,0.0,0
589,697.0,1998.0,1000
590,291.0,3982.0,1000
591,25.0,1996.0,999
592,1.0,2.0,2
593,165.0,3990.0,1000
594,7.0,0.0,0
595,7547.0,24936.0,995
596,103.0,0.0,0
597,4129.0,3170.0,1000
598,23.0,0.0,0
599,6257.0,16226.0,1000
600,195.0,0.0,0
601,425.0,2664.0,447
602,129.0,16.0,9
603,1801.0,2018.0,1000
604,5.0,0.0,0
605,159.0,0.0,0
606,89.0,0.0,0
607,581.0,936.0,469
608,227225.0,35144.0,1000
609,1935.0,36634.0,847
610,207.0,832.0,210
611,2865.0,1998.0,1000
612,6773.0,16632.0,972
613,5503.0,15880.0,792
614,1.0,12.0,7
615,1.0,1986.0,994
616,5.0,0.0,0
617,61.0,1998.0,1000
618,273.0,2016.0,1000
619,1.0,1996.0,999
620,749.0,11256.0,955
621,3.0,0.0,0
622,7.0,0.0,0
623,1.0,1994.0,998
624,2461.0,57796.0,797
625,1361.0,55902.0,636
626,129.0,1998.0,1000
627,21.0,1998.0,1000
628,3.0,0.0,0
629,33.0,3990.0,1000
630,1.0,1996.0,999
631,289.0,2.0,2
632,9.0,0.0,0
633,1.0,0.0,0
634,51.0,0.0,0
635,6799.0,1998.0,1000
636,85.0,2.0,2
637,481.0,1996.0,999
638,1.0,0.0,0
639,169.0,1998.0,1000
640,343.0,0.0,0
641,4283.0,1998.0,1000
642,1.0,2000.0,999
643,1537.0,3648.0,914
644,5.0,0.0,0
645,145.0,1998.0,1000
646,101.0,1998.0,1000
647,1101.0,3590.0,979
648,745.0,1784.0,188
649,1.0,0.0,0
650,1.0,0.0,0
651,5.0,1998.0,1000
652,507.0,8062.0,996
653,461.0,2176.0,277
654,27.0,1998.0,1000
655,17.0,0.0,0
656,677.0,3990.0,1000
657,21.0,0.0,0
658,145.0,900.0,227
659,525.0,2890.0,1000
660,1.0,0.0,0
661,71.0,0.0,0
662,757.0,3188.0,933
663,671.0,1490.0,160
664,17.0,0.0,0
665,1.0,2.0,2
666,23.0,0.0,0
667,63.0,1996.0,999
668,201.0,1996.0,999
669,177.0,1998.0,1000
670,1.0,2.0,2
671,9.0,1996.0,999
672,25.0,0.0,0
673,145.0,1998.0,1000
674,1369.0,3992.0,1000
675,1939.0,1420.0,711
676,317.0,4.0,3
677,9.0,0.0,0
678,1271.0,3222.0,952
679,153.0,1998.0,1000
680,1.0,0.0,0
681,187.0,1998.0,1000
682,47.0,0.0,0
683,547.0,1998.0,1000
684,301.0,0.0,0
685,5.0,0.0,0
686,257.0,1998.0,1000
687,173.0,0.0,0
688,135.0,0.0,0
689,9.0,0.0,0
690,243.0,0.0,0
691,237.0,1998.0,1000
692,195.0,0.0,0
693,71.0,0.0,0
694,19.0,1998.0,1000
695,23.0,0.0,0
696,339.0,1998.0,1000
697,1.0,0.0,0
698,2065.0,13796.0,961
699,797.0,554.0,266
700,291.0,0.0,0
701,27.0,0.0,0
702,1005.0,602.0,47
703,1.0,1996.0,999
704,21.0,1998.0,1000
705,175.0,922.0,462
706,167.0,12.0,5
707,975.0,2912.0,1000
708,33.0,0.0,0
709,15.0,0.0,0
710,95.0,1384.0,693
711,39.0,0.0,0
712,559.0,614.0,308
713,41.0,3988.0,999
714,1.0,0.0,0
715,53.0,0.0,0
716,27.0,0.0,0
717,35.0,7934.0,996
718,6155.0,3982.0,1000
719,1513.0,6024.0,532
720,19.0,0.0,0
721,485.0,13014.0,610
722,7.0,0.0,0
723,7.0,0.0,0
724,11.0,0.0,0
725,167.0,0.0,0
726,305.0,350.0,176
727,193.0,1648.0,825
728,5.0,0.0,0
729,7.0,0.0,0
730,71.0,1998.0,1000
731,1.0,0.0,0
732,47.0,1998.0,1000
733,1.0,1996.0,999
734,1.0,2.0,2
735,1.0,1996.0,999
736,57.0,0.0,0
737,79.0,0.0,0
738,1695.0,1998.0,1000
739,9.0,1998.0,1000
740,5.0,0.0,0
741,101.0,2006.0,1000
742,43.0,32.0,8
743,3.0,0.0,0
744,139.0,1076.0,539
745,241.0,1064.0,268
746,2493.0,3990.0,1000
747,1.0,1996.0,999
748,89.0,0.0,0
749,1161.0,4180.0,383
750,953.0,1998.0,1000
751,2371.0,12888.0,729
752,1493.0,9656.0,529
753,393.0,88.0,24
754,119.0,3668.0,1000
755,135.0,3926.0,984
756,437.0,1686.0,61
757,707.0,4754.0,1000
758,5.0,0.0,0
759,3.0,0.0,0
760,691.0,11678.0,271
761,107.0,0.0,0
762,781.0,1998.0,1000
763,15.0,0.0,0
764,585.0,8470.0,208
765,1.0,0.0,0
766,17.0,1998.0,1000
767,1855.0,7916.0,1000
768,95.0,0.0,0
769,273.0,1998.0,1000
770,53.0,0.0,0
771,223.0,0.0,0
772,203.0,1998.0,1000
773,79.0,0.0,0
774,937.0,238.0,120
775,415.0,3990.0,1000
776,1.0,734.0,368
777,17.0,0.0,0
778,155.0,0.0,0
779,3.0,0.0,0
780,151.0,3992.0,1000
781,31.0,0.0,0
782,557.0,1000.0,45
783,77.0,4.0,3
784,75.0,0.0,0
785,11.0,0.0,0
786,91.0,1996.0,999
787,43.0,2.0,2
788,73.0,0.0,0
789,23.0,1998.0,1000
790,1583.0,3992.0,1000
791,1.0,2.0,2
792,15.0,0.0,0
793,19919.0,1998.0,1000
794,211.0,0.0,0
795,455.0,1998.0,1000
796,87.0,0.0,0
797,1.0,0.0,0
798,37.0,0.0,0
799,23.0,2.0,2
800,97.0,36.0,11
801,243.0,556.0,141
802,613.0,3990.0,1000
803,1135.0,1998.0,1000
804,5869.0,165240.0,922
805,1275.0,13984.0,885
806,633.0,15540.0,980
807,33.0,0.0,0
808,137.0,0.0,0
809,1859.0,33618.0,990
810,1087.0,3438.0,987
811,541.0,0.0,0
812,157.0,3990.0,1000
813,309.0,3990.0,1000
814,49.0,3982.0,998
815,19.0,0.0,0
816,781.0,4754.0,963
817,79.0,1986.0,994
818,1.0,1990.0,996
819,477.0,0.0,0
820,483.0,7136.0,1000
821,1.0,0.0,0
822,277.0,0.0,0
823,323.0,1996.0,999
824,229.0,6352.0,477
825,16999.0,118394.0,998
826,49.0,0.0,0
827,283.0,0.0,0
828,21.0,0.0,0
829,29.0,1998.0,1000
830,201.0,0.0,0
831,2015.0,13684.0,978
832,5.0,3990.0,1000
833,1.0,1996.0,999
834,255.0,0.0,0
835,3005.0,28990.0,654
836,3449.0,108974.0,828
837,1.0,0.0,0
838,137.0,0.0,0
839,11263.0,1998.0,1000
840,503.0,3992.0,1000
841,17.0,3990.0,1000
842,5.0,0.0,0
843,1.0,1996.0,999
844,1.0,1996.0,999
845,1.0,2.0,2
846,1.0,4.0,3
847,1.0,2000.0,999
848,1.0,8.0,5
849,1.0,1990.0,996
850,1.0,8.0,5
851,193.0,0.0,0
852,1025.0,1056.0,529
853,61.0,0.0,0
854,3125.0,13022.0,1000
855,5.0,1998.0,1000
856,1921.0,3968.0,1000
857,1809.0,4098.0,686
858,13.0,1998.0,1000
859,5.0,0.0,0
860,49.0,1996.0,999
861,151.0,1996.0,999
862,207.0,2.0,2
863,1.0,792.0,397
864,1.0,2782.0,999
865,1777.0,5838.0,734
866,3.0,0.0,0
867,33.0,0.0,0
868,237.0,1998.0,1000
869,41.0,0.0,0
870,421.0,9050.0,845
871,29.0,0.0,0
872,281.0,132.0,17
873,845.0,1998.0,1000
874,9.0,0.0,0
875,187.0,2.0,2
876,447.0,1996.0,999
877,13.0,1994.0,998
878,21.0,3988.0,1000
879,259.0,246.0,44
880,215.0,3848.0,966
881,157.0,5576.0,955
882,41.0,0.0,0
883,15.0,0.0,0
884,115.0,1674.0,838
885,183.0,3960.0,992
886,5.0,0.0,0
887,273.0,1998.0,1000
888,567.0,1998.0,1000
889,621.0,920.0,119
890,613.0,564.0,283
891,593.0,1434.0,718
892,1.0,3986.0,999
893,13.0,0.0,0
894,19.0,1998.0,1000
895,175.0,3066.0,769
896,7.0,0.0,0
897,1.0,0.0,0
898,49.0,1994.0,998
899,83.0,0.0,0
900,7.0,0.0,0
901,99.0,0.0,0
902,3.0,0.0,0
903,1.0,0.0,0
904,995.0,13008.0,881
905,375.0,1998.0,1000
906,329.0,1892.0,127
907,121.0,88.0,15
908,81.0,1994.0,998
909,667.0,1996.0,999
910,1.0,1996.0,999
911,417.0,3992.0,1000
912,1969.0,1998.0,1000
913,57.0,0.0,0
914,2011.0,4186.0,491
915,281.0,3992.0,1000
916,1545.0,1998.0,1000
917,9.0,1998.0,1000
918,1.0,0.0,0
919,1.0,0.0,0
920,1.0,0.0,0
921,5.0,1998.0,1000
922,1.0,0.0,0
923,789.0,1998.0,1000
924,1133.0,1998.0,1000
925,393.0,5982.0,1000
926,139.0,1998.0,1000
927,91.0,0.0,0
928,481.0,1998.0,1000
929,1.0,0.0,0
930,1209.0,1996.0,999
931,3.0,0.0,0
932,983.0,2980.0,996
933,5.0,0.0,0
934,2109.0,0.0,0
935,1567.0,12158.0,964
936,8519.0,3992.0,1000
937,2313.0,1998.0,1000
938,363.0,1998.0,1000
939,707.0,1188.0,267
940,599.0,3142.0,755
941,9.0,0.0,0
942,69.0,0.0,0
943,389.0,8368.0,932
944,303.0,646.0,65
945,771.0,6068.0,1000
946,19.0,0.0,0
947,1251.0,5982.0,1000
948,887.0,3992.0,1000
949,1.0,1996.0,999
950,1.0,2.0,2
951,2609.0,5982.0,1000
952,1971.0,7968.0,1000
953,147.0,0.0,0
954,111.0,86.0,44
955,127.0,1912.0,957
956,1189.0,3992.0,1000
957,35.0,1998.0,1000
958,3.0,0.0,0
959,3207.0,7516.0,885
960,1711.0,6150.0,493
961,3.0,1996.0,999
962,3.0,2.0,2
963,225.0,66.0,19
964,2289.0,1998.0,1000
965,2191.0,2644.0,996
966,751.0,670.0,215
967,613.0,1002.0,502
968,435.0,996.0,499
969,17.0,0.0,0
970,109.0,0.0,0
971,83.0,0.0,0
972,1249.0,1998.0,1000
973,1.0,0.0,0
974,9.0,1996.0,999
975,219.0,1998.0,1000
976,1.0,2.0,2
977,561.0,1998.0,1000
978,109.0,0.0,0
979,21.0,0.0,0
980,51.0,1998.0,1000
981,1.0,1996.0,999
982,1.0,2.0,2
983,2143.0,9326.0,686
984,131.0,3990.0,1000
985,1311.0,12700.0,683
986,1501.0,1998.0,1000
987,849.0,3990.0,1000
988,5.0,1996.0,999
989,1.0,0.0,0
990,5.0,1998.0,1000
991,23.0,0.0,0
992,9307.0,1998.0,1000
993,2015.0,1998.0,1000
994,6251.0,3992.0,1000
995,5.0,0.0,0
996,1.0,1994.0,998
997,1.0,0.0,0
998,511.0,0.0,0
999,6149.0,16034.0,873
1000,2429.0,20020.0,480
1001,1.0,0.0,0
1002,125.0,24.0,13
1003,217.0,48.0,14
1004,357.0,638.0,46
1005,43.0,1998.0,1000
1006,107.0,0.0,0
1007,485.0,3474.0,584
1008,791.0,2506.0,168
1009,485.0,0.0,0
1010,1.0,1994.0,998
1011,19.0,0.0,0
1012,117.0,1998.0,1000
1013,23.0,0.0,0
1014,3.0,0.0,0
1015,9.0,0.0,0
1016,197.0,1998.0,1000
1017,957.0,5084.0,1000
1018,1.0,3094.0,999
1019,6653.0,17626.0,998
1020,1513.0,14934.0,558
1021,5793.0,28294.0,921
1022,1.0,1986.0,994
1023,1.0,2.0,2
1024,1.0,4.0,3
1025,1.0,4.0,3
1026,1.0,0.0,0
1027,357.0,3992.0,1000
1028,459.0,5864.0,139
1029,3.0,0.0,0
1030,13.0,0.0,0
1031,1065.0,1994.0,998
1032,5927.0,17942.0,996
1033,61.0,0.0,0
1034,1.0,10.0,6
1035,141.0,1974.0,988
1036,387.0,2000.0,978
1037,35.0,0.0,0
1038,393.0,94.0,48
1039,1.0,8.0,5
1040,1.0,1990.0,996
1041,1727.0,12518.0,292
1042,1899.0,3990.0,1000
1043,1.0,3200.0,999
1044,1.0,1210.0,606
1045,5.0,1998.0,1000
1046,3177.0,5976.0,933
1047,30177.0,1998.0,1000
1048,3915.0,25476.0,900
1049,3017.0,7648.0,629
1050,847.0,8148.0,290
1051,55.0,1996.0,999
1052,3.0,2.0,2
1053,1.0,1996.0,999
1054,7.0,2.0,2
1055,11.0,1996.0,999
1056,2949.0,13610.0,624
1057,359.0,0.0,0
1058,53.0,1998.0,1000
1059,119.0,0.0,0
1060,511.0,1998.0,1000
1061,171.0,20.0,7
1062,1.0,2.0,2
1063,1.0,1996.0,999
1064,1.0,0.0,0
1065,35.0,0.0,0
1066,605.0,3988.0,1000
1067,13.0,0.0,0
1068,2077.0,13852.0,997
1069,563.0,42.0,10
1070,747.0,11920.0,1000
1071,1.0,2.0,2
1072,255.0,1998.0,1000
1073,3.0,0.0,0
1074,91.0,140.0,37
1075,6447.0,2130.0,1000
1076,977.0,7800.0,1000
1077,335.0,3554.0,983
1078,2387.0,13276.0,1000
1079,7.0,0.0,0
1080,47.0,1998.0,1000
1081,203.0,0.0,0
1082,741.0,1998.0,1000
1083,7.0,0.0,0
1084,1.0,0.0,0
1085,45.0,1998.0,1000
1086,1.0,3986.0,999
1087,645.0,5976.0,1000
1088,1.0,0.0,0
1089,5.0,1998.0,1000
1090,881.0,4804.0,804
1091,1.0,0.0,0
1092,1383.0,7188.0,732
1093,16569.0,158086.0,987
1094,531.0,1838.0,123
1095,33.0,0.0,0
1096,23.0,0.0,0
1097,61.0,1998.0,1000
1098,15.0,0.0,0
1099,539.0,1632.0,703
1100,469.0,952.0,292
1101,1063.0,690.0,261
1102,1.0,0.0,0
1103,455.0,2226.0,994
1104,33.0,1998.0,1000
1105,799.0,7968.0,1000
1106,23.0,1998.0,1000
1107,1.0,0.0,0
1108,5421.0,49996.0,945
1109,12147.0,15242.0,1000
1110,34515.0,39420.0,998
1111,3.0,1996.0,999
1112,265.0,7960.0,999
1113,291.0,2232.0,1000
1114,97.0,0.0,0
1115,89.0,5980.0,1000
1116,1767.0,7966.0,1000
1117,395.0,0.0,0
1118,2625.0,25912.0,784
1119,39.0,0.0,0
1120,1319.0,22446.0,497
1121,929.0,5238.0,766
1122,1773.0,3992.0,1000
1123,145.0,0.0,0
1124,15.0,0.0,0
1125,11.0,1996.0,999
1126,47.0,0.0,0
1127,5.0,0.0,0
1128,1.0,3982.0,999
1129,11.0,1998.0,1000
1130,17.0,1998.0,1000
1131,261.0,1998.0,1000
1132,6153.0,3992.0,1000
1133,5.0,1998.0,1000
1134,57.0,0.0,0
1135,123.0,5982.0,1000
1136,329.0,22.0,12
1137,433.0,68.0,16
1138,43.0,1992.0,997
1139,163.0,0.0,0
1140,155.0,1998.0,1000
1141,3.0,0.0,0
1142,1.0,0.0,0
1143,355.0,3990.0,1000
1144,1.0,1996.0,999
1145,27.0,0.0,0
1146,443.0,3992.0,1000
1147,623.0,1998.0,1000
1148,15.0,1998.0,1000
1149,317.0,16.0,6
1150,29.0,1996.0,999
1151,1.0,0.0,0
1152,769.0,3508.0,136
1153,7165.0,7416.0,934
1154,785.0,2950.0,197
1155,295.0,352.0,91
1156,41.0,1998.0,1000
1157,595.0,0.0,0
1158,1175.0,3984.0,1000
1159,327.0,1998.0,1000
1160,143.0,0.0,0
1161,623.0,3944.0,988
1162,629.0,2082.0,114
1163,299.0,1440.0,721
1164,5215.0,15422.0,938
1165,251.0,0.0,0
1166,861.0,3222.0,889
1167,21.0,0.0,0
1168,879.0,7820.0,1000
1169,13.0,7954.0,1000
1170,281.0,1998.0,1000
1171,123.0,0.0,0
1172,1.0,3986.0,999
1173,11.0,0.0,0
1174,111.0,2.0,2
1175,201.0,32.0,10
1176,11.0,1998.0,1000
1177,175.0,15290.0,997
1178,3.0,0.0,0
1179,427.0,11386.0,997
1180,1.0,1996.0,999
1181,349.0,1998.0,1000
1182,25.0,0.0,0
1183,11.0,0.0,0
1184,105.0,0.0,0
1185,29.0,0.0,0
1186,659.0,3990.0,1000
1187,1227.0,31760.0,721
1188,1.0,0.0,0
1189,2829.0,3968.0,997
1190,1247.0,3992.0,1000
1191,1059.0,1830.0,916
1192,1.0,1996.0,999
1193,31.0,5974.0,999
1194,23.0,2000.0,1000
1195,1.0,1992.0,997
1196,1.0,2.0,2
1197,1.0,4.0,3
1198,1631.0,1496.0,749
1199,8839.0,5934.0,1000
1200,17.0,0.0,0
1201,1323.0,3960.0,337
1202,1.0,3986.0,999
1203,1.0,1996.0,999
1204,28383.0,19240.0,1000
1205,573.0,3992.0,1000
1206,1115.0,1998.0,1000
1207,1.0,1996.0,999
1208,571.0,3318.0,556
1209,119.0,512.0,257
1210,405.0,2450.0,984
1211,211.0,36.0,13
1212,45.0,3982.0,998
1213,1.0,1996.0,999
1214,125.0,8.0,4
1215,249.0,3992.0,1000
1216,1.0,0.0,0
1217,31.0,0.0,0
1218,505.0,1506.0,750
1219,2701.0,1998.0,1000
1220,19.0,0.0,0
1221,93.0,0.0,0
1222,411.0,5870.0,982
1223,1.0,1990.0,996
1224,715.0,2098.0,81
1225,1.0,0.0,0
1226,1.0,0.0,0
1227,4189.0,15558.0,894
1228,1.0,1996.0,999
1229,145.0,1996.0,999
1230,1.0,0.0,0
1231,549.0,4316.0,110
1232,2873.0,3938.0,915
1233,2515.0,8258.0,397
1234,581.0,156.0,52
1235,27.0,0.0,0
1236,709.0,10812.0,180
1237,85.0,0.0,0
1238,625.0,0.0,0
1239,425.0,3990.0,1000
1240,745.0,8298.0,204
1241,677.0,3508.0,115
1242,25.0,3990.0,1000
1243,69.0,1996.0,999
1244,637.0,1176.0,199
1245,187.0,0.0,0
1246,97.0,1966.0,984
1247,55.0,0.0,0
1248,37.0,0.0,0
1249,31.0,0.0,0
1250,11.0,0.0,0
1251,141.0,3992.0,1000
1252,257.0,0.0,0
1253,105.0,2070.0,998
1254,1165.0,1998.0,1000
1255,133.0,344.0,88
1256,77.0,0.0,0
1257,429.0,1998.0,1000
1258,2423.0,41572.0,785
1259,609.0,2384.0,81
1260,263.0,0.0,0
1261,579.0,4894.0,998
1262,51.0,0.0,0
1263,13.0,0.0,0
1264,1267.0,7968.0,1000
1265,925.0,1428.0,715
1266,35.0,264.0,47
1267,413.0,1998.0,1000
1268,499.0,378.0,66
1269,19.0,0.0,0
1270,109.0,0.0,0
1271,1731.0,5980.0,1000
1272,701.0,4778.0,119
1273,1.0,0.0,0
1274,167.0,0.0,0
1275,67.0,1998.0,1000
1276,7.0,1996.0,999
1277,1.0,1236.0,311
1278,85.0,1998.0,1000
1279,37.0,0.0,0
1280,29.0,0.0,0
1281,1.0,0.0,0
1282,39243.0,24008.0,995
1283,14913.0,33986.0,967
1284,925.0,4462.0,629
1285,1.0,0.0,0
1286,99.0,32.0,17
1287,23.0,0.0,0
1288,33.0,3986.0,999
1289,95.0,1994.0,998
1290,85.0,0.0,0
1291,1.0,1990.0,996
1292,10711.0,5970.0,1000
1293,249.0,1998.0,1000
1294,53.0,0.0,0
1295,795.0,18670.0,338
1296,3383.0,46188.0,970
1297,1.0,2.0,2
1298,1.0,1996.0,999
1299,5.0,4.0,3
1300,149.0,108.0,21
1301,115.0,132.0,35
1302,2019.0,7968.0,1000
1303,619.0,332.0,34
1304,91.0,0.0,0
1305,151.0,32.0,17
1306,1291.0,13806.0,1000
1307,1409.0,5972.0,1000
1308,43.0,0.0,0
1309,677.0,116.0,31
1310,265.0,20900.0,673
1311,231.0,10010.0,332
1312,421.0,1998.0,1000
1313,1.0,0.0,0
1314,17.0,0.0,0
1315,283.0,5970.0,998
1316,13.0,0.0,0
1317,83.0,3992.0,1000
1318,1.0,0.0,0
1319,3.0,4.0,3
1320,113.0,1994.0,998
1321,27.0,4.0,3
1322,1.0,0.0,0
1323,421.0,1998.0,1000
1324,1.0,0.0,0
1325,1.0,1994.0,998
1326,4135.0,53476.0,697
1327,3.0,0.0,0
1328,3.0,0.0,0
1329,1075.0,1984.0,958
1330,201.0,0.0,0
1331,5.0,0.0,0
1332,1157.0,3656.0,219
1333,1751.0,7968.0,1000
1334,89.0,1998.0,1000
1335,1499.0,11514.0,617
1336,155.0,0.0,0
1337,759.0,4898.0,443
1338,95.0,0.0,0
1339,1.0,1066.0,534
1340,47.0,0.0,0
1341,1229.0,23576.0,485
1342,5.0,1996.0,999
1343,429.0,1506.0,754
1344,111.0,0.0,0
1345,145.0,3992.0,1000
1346,6177.0,17114.0,897
1347,197.0,5982.0,1000
1348,1.0,2.0,2
1349,3105.0,5938.0,993
1350,341.0,5982.0,1000
1351,135.0,3992.0,1000
1352,31.0,0.0,0
1353,227.0,1996.0,999
1354,115.0,22.0,8
1355,607.0,3896.0,496
1356,19.0,0.0,0
1357,605.0,4710.0,886
1358,6589.0,12470.0,1000
1359,921.0,1998.0,1000
1360,41.0,0.0,0
1361,561.0,1998.0,1000
1362,3459.0,10938.0,1000
1363,85.0,0.0,0
1364,109.0,3992.0,1000
1365,5.0,3986.0,999
1366,327.0,0.0,0
1367,77.0,1998.0,1000
1368,51.0,0.0,0
1369,5.0,0.0,0
1370,467.0,4052.0,592
1371,483.0,1998.0,1000
1372,3773.0,108178.0,903
1373,43.0,0.0,0
1374,19.0,0.0,0
1375,27.0,1998.0,1000
1376,1.0,0.0,0
1377,117.0,1998.0,1000
1378,1025.0,3990.0,1000
1379,83.0,0.0,0
1380,347.0,106.0,54
1381,581.0,2866.0,309
1382,1699.0,23858.0,986
1383,609.0,1998.0,1000
1384,119.0,0.0,0
1385,23.0,0.0,0
1386,7.0,0.0,0
1387,5.0,1998.0,1000
1388,27.0,0.0,0
1389,85.0,0.0,0
1390,9.0,0.0,0
1391,1.0,1996.0,999
1392,413.0,492.0,247
1393,1311.0,10482.0,999
1394,21.0,0.0,0
1395,41.0,1996.0,999
1396,13.0,2.0,2
1397,921.0,5978.0,1000
1398,239.0,1998.0,1000
1399,67.0,0.0,0
1400,85.0,3990.0,1000
1401,11.0,0.0,0
1402,1.0,0.0,0
1403,191.0,0.0,0
1404,837.0,6260.0,1000
1405,7.0,0.0,0
1406,3.0,92.0,47
1407,5.0,1998.0,1000
1408,3.0,0.0,0
1409,739.0,5150.0,1000
1410,417.0,3160.0,792
1411,31.0,0.0,0
1412,655.0,1998.0,1000
1413,7.0,0.0,0
1414,19.0,0.0,0
1415,1.0,8.0,5
1416,293.0,4594.0,1000
1417,307.0,2608.0,1000
1418,5.0,0.0,0
1419,215.0,40.0,21
1420,195.0,2030.0,999
1421,849.0,1998.0,1000
1422,89.0,0.0,0
1423,45.0,0.0,0
1424,1.0,2.0,2
1425,33.0,0.0,0
1426,1.0,1996.0,999
1427,599.0,1998.0,1000
1428,37.0,0.0,0
1429,1.0,0.0,0
1430,21.0,1996.0,999
1431,137.0,1998.0,1000
1432,1225.0,3992.0,1000
1433,23.0,0.0,0
1434,75.0,0.0,0
1435,13.0,0.0,0
1436,5.0,0.0,0
1437,965.0,1998.0,1000
1438,13.0,1998.0,1000
1439,21.0,1998.0,1000
1440,1.0,1996.0,999
1441,1.0,8.0,5
1442,27.0,5936.0,993
1443,17.0,6.0,4
1444,57.0,1998.0,1000
1445,1691.0,21960.0,717
1446,2561.0,24150.0,735
1447,31289.0,4746.0,1000
1448,1.0,216.0,109
1449,267.0,1998.0,1000
1450,213.0,558.0,280
1451,295.0,1998.0,1000
1452,1.0,1996.0,999
1453,9.0,0.0,0
1454,1.0,2.0,2
1455,59.0,0.0,0
1456,119.0,1996.0,999
1457,1.0,6.0,4
1458,1.0,1992.0,997
1459,1.0,0.0,0
1460,2275.0,2044.0,697
1461,21.0,1996.0,999
1462,463.0,1784.0,785
1463,111.0,5356.0,996
1464,165.0,1404.0,699
1465,63.0,1998.0,1000
1466,1565.0,1998.0,1000
1467,4117.0,3992.0,1000
1468,1207.0,17980.0,427
1469,1075.0,16068.0,431
1470,2049.0,12292.0,664
1471,5.0,0.0,0
1472,5985.0,14280.0,1000
1473,1.0,2402.0,603
1474,277.0,5982.0,1000
1475,585.0,3992.0,1000
1476,133.0,3844.0,965
1477,5.0,1998.0,1000
1478,1.0,0.0,0
1479,63.0,1998.0,1000
1480,221.0,160.0,42
1481,345.0,3832.0,960
1482,61.0,1998.0,1000
1483,3.0,0.0,0
1484,7.0,0.0,0
1485,2739.0,14436.0,562
1486,4601.0,14494.0,672
1487,3911.0,23552.0,1000
1488,1981.0,18004.0,744
1489,13.0,0.0,0
1490,3.0,0.0,0
1491,61.0,4.0,3
1492,763.0,2944.0,372
1493,643.0,6204.0,376
1494,231.0,3636.0,911
1495,5.0,0.0,0
1496,13.0,0.0,0
1497,1067.0,3990.0,1000
1498,95.0,0.0,0
1499,1.0,2.0,2
1500,1.0,6.0,4
1501,71.0,3992.0,1000
1502,7.0,0.0,0
1503,1.0,0.0,0
1504,3.0,0.0,0
1505,137.0,3990.0,1000
1506,1.0,1176.0,589
1507,187.0,60.0,11
1508,1.0,1996.0,999
1509,11.0,0.0,0
1510,3111.0,5982.0,1000
1511,115.0,0.0,0
1512,369.0,0.0,0
1513,41.0,1998.0,1000
1514,25.0,0.0,0
1515,1.0,1996.0,999
1516,45.0,5980.0,1000
1517,1155.0,766.0,338
1518,121.0,0.0,0
1519,265.0,2468.0,419
1520,55.0,1998.0,1000
1521,4289.0,5348.0,836
1522,489.0,2304.0,176
1523,397.0,0.0,0
1524,185.0,1982.0,992
1525,1741.0,1998.0,1000
1526,13.0,0.0,0
1527,95.0,0.0,0
1528,293.0,1998.0,1000
1529,1463.0,52272.0,522
1530,9995.0,84116.0,674
1531,333.0,6576.0,999
1532,223.0,1998.0,1000
1533,153.0,0.0,0
1534,27.0,5980.0,1000
1535,3691.0,1998.0,1000
1536,93.0,0.0,0
1537,4837.0,49420.0,998
1538,1.0,0.0,0
1539,47.0,1998.0,1000
1540,29.0,1996.0,999
1541,1137.0,19472.0,549
1542,1.0,0.0,0
1543,5.0,0.0,0
1544,7.0,0.0,0
1545,113.0,0.0,0
1546,311.0,10.0,5
1547,105.0,0.0,0
1548,45.0,7968.0,1000
1549,3.0,0.0,0
1550,1.0,1996.0,999
1551,153.0,1998.0,1000
1552,249.0,5982.0,1000
1553,3.0,0.0,0
1554,1.0,0.0,0
1555,839.0,7116.0,891
1556,2687.0,36030.0,709
1557,817.0,14556.0,302
1558,1.0,0.0,0
1559,1.0,0.0,0
1560,9.0,1998.0,1000
1561,1191.0,7968.0,1000
1562,65.0,1998.0,1000
1563,17.0,1998.0,1000
1564,111.0,0.0,0
1565,9.0,0.0,0
1566,9.0,0.0,0
1567,1.0,0.0,0
1568,217.0,0.0,0
1569,981.0,1220.0,161
1570,1.0,8.0,5
1571,1.0,1990.0,996
1572,1049.0,3992.0,1000
1573,1.0,0.0,0
1574,67.0,12.0,7
1575,25.0,0.0,0
1576,571.0,2006.0,1000
1577,25.0,10.0,5
1578,1.0,22.0,12
1579,19547.0,17274.0,999
1580,377.0,3990.0,1000
1581,69.0,1996.0,999
1582,165.0,1998.0,1000
1583,5.0,1998.0,1000
1584,35.0,0.0,0
1585,1113.0,48030.0,956
1586,1.0,0.0,0
1587,385.0,1876.0,939
1588,1.0,0.0,0
1589,1.0,0.0,0
1590,27.0,1998.0,1000
1591,1149.0,5918.0,747
1592,771.0,3586.0,280
1593,179.0,0.0,0
1594,1839.0,4096.0,645
1595,985.0,1998.0,1000
1596,11.0,0.0,0
1597,79.0,1998.0,1000
1598,27.0,0.0,0
1599,799.0,5738.0,277
1600,1.0,0.0,0
1601,129.0,18.0,6
1602,99.0,5954.0,997
1603,863.0,1992.0,976
1604,7.0,1998.0,1000
1605,1.0,3986.0,999
1606,1233.0,1858.0,925
1607,573.0,132.0,67
1608,115.0,0.0,0
1609,8541.0,7968.0,1000
1610,7847.0,3568.0,1000
1611,747.0,9850.0,991
1612,17.0,0.0,0
1613,241.0,5968.0,999
1614,3.0,0.0,0
1615,261.0,10.0,6
1616,9.0,0.0,0
1617,247.0,0.0,0
1618,7.0,9922.0,999
1619,215.0,3344.0,660
1620,383.0,568.0,285
1621,27.0,0.0,0
1622,363.0,3166.0,400
1623,1.0,932.0,467
1624,639.0,2442.0,207
1625,931.0,7884.0,698
1626,867.0,3988.0,1000
1627,295.0,3992.0,1000
1628,439.0,12040.0,1000
1629,5.0,0.0,0
1630,2513.0,2294.0,978
1631,599.0,5570.0,148
1632,2219.0,44774.0,617
1633,37.0,1998.0,1000
1634,355.0,6310.0,433
1635,285.0,7962.0,1000
1636,1.0,0.0,0
1637,11.0,0.0,0
1638,1.0,0.0,0
1639,623.0,2716.0,139
1640,7.0,0.0,0
1641,23.0,0.0,0
1642,231.0,0.0,0
1643,517.0,1062.0,532
1644,127.0,0.0,0
1645,1.0,1264.0,633
1646,49.0,0.0,0
1647,521.0,0.0,0
1648,1.0,1782.0,892
1649,1439.0,9852.0,524
1650,69.0,0.0,0
1651,541.0,5964.0,1000
1652,1767.0,13786.0,999
1653,25.0,1996.0,999
1654,1.0,0.0,0
1655,1.0,0.0,0
1656,169.0,0.0,0
1657,245.0,0.0,0
1658,33.0,0.0,0
1659,5.0,0.0,0
1660,271.0,1998.0,1000
1661,23.0,0.0,0
1662,23.0,0.0,0
1663,175.0,1998.0,1000
1664,22763.0,113660.0,928
1665,13207.0,123440.0,999
1666,145.0,5976.0,1000
1667,19.0,1996.0,999
1668,9.0,2.0,2
1669,907.0,3990.0,1000
1670,3.0,0.0,0
1671,107.0,626.0,308
1672,1.0,0.0,0
1673,3635.0,1998.0,1000
1674,39.0,0.0,0
1675,49.0,0.0,0
1676,9.0,1996.0,999
1677,101.0,0.0,0
1678,467.0,2806.0,412
1679,605.0,24.0,13
1680,1.0,2.0,2
1681,3771.0,5982.0,1000
1682,243.0,3992.0,1000
1683,1.0,1990.0,996
1684,1.0,5964.0,998
1685,91.0,1998.0,1000
1686,13.0,0.0,0
1687,113.0,0.0,0
1688,1.0,0.0,0
1689,1213.0,1686.0,198
1690,1.0,1996.0,999
1691,363.0,7874.0,989
1692,21.0,1998.0,1000
1693,215.0,0.0,0
1694,1683.0,13892.0,1000
1695,3937.0,62310.0,999
1696,23.0,0.0,0
1697,489.0,7940.0,1000
1698,27.0,1998.0,1000
1699,23.0,0.0,0
1700,6697.0,1990.0,996
1701,5.0,0.0,0
1702,21.0,0.0,0
1703,1.0,4.0,3
1704,1.0,0.0,0
1705,13.0,1998.0,1000
1706,1493.0,5974.0,999
1707,2525.0,15712.0,997
1708,911.0,1998.0,1000
1709,1.0,0.0,0
1710,21.0,0.0,0
1711,291.0,0.0,0
1712,3.0,0.0,0
1713,11.0,1998.0,1000
1714,1.0,0.0,0
1715,131.0,0.0,0
1716,2547.0,2226.0,978
1717,115.0,0.0,0
1718,3071.0,14672.0,973
1719,669.0,5970.0,999
1720,185.0,3990.0,1000
1721,893.0,1998.0,1000
1722,9.0,4.0,3
1723,11.0,3972.0,995
1724,5.0,0.0,0
1725,97.0,0.0,0
1726,285.0,36.0,13
1727,9.0,0.0,0
1728,6475.0,2204.0,1000
1729,29.0,1998.0,1000
1730,123.0,0.0,0
1731,993.0,3430.0,460
1732,1921.0,1320.0,572
1733,173.0,0.0,0
1734,1.0,348.0,89
1735,1.0,6.0,4
1736,1237.0,5982.0,1000
1737,1325.0,21190.0,1000
1738,83.0,0.0,0
1739,37.0,1998.0,1000
1740,399.0,1998.0,1000
1741,57.0,324.0,163
1742,11.0,0.0,0
1743,3.0,0.0,0
1744,263.0,2456.0,991
1745,705.0,4784.0,602
1746,41.0,5714.0,956
1747,23.0,3988.0,999
1748,45.0,1996.0,999
1749,1477.0,3990.0,1000
1750,1.0,6.0,4
1751,1.0,1990.0,996
1752,495.0,0.0,0
1753,1.0,0.0,0
1754,1.0,0.0,0
1755,787.0,7962.0,1000
1756,1295.0,5980.0,1000
1757,31.0,0.0,0
1758,33.0,1998.0,1000
1759,11.0,0.0,0
1760,941.0,1998.0,1000
1761,37.0,1996.0,999
1762,159.0,0.0,0
1763,1.0,1996.0,999
1764,1.0,2.0,2
1765,7.0,1998.0,1000
1766,15.0,0.0,0
1767,279.0,3876.0,971
1768,621.0,866.0,71
1769,305.0,3992.0,1000
1770,15.0,0.0,0
1771,21.0,0.0,0
1772,57.0,0.0,0
1773,23.0,0.0,0
1774,293.0,0.0,0
1775,7647.0,3992.0,1000
1776,777.0,5600.0,937
1777,343.0,0.0,0
1778,361.0,1052.0,46
1779,37.0,0.0,0
1780,41.0,1998.0,1000
1781,47.0,0.0,0
1782,35.0,1996.0,999
1783,79.0,3990.0,1000
1784,87.0,0.0,0
1785,1641.0,18444.0,385
1786,6617.0,14790.0,945
1787,249.0,0.0,0
1788,831.0,1760.0,881
1789,27.0,0.0,0
1790,103.0,1998.0,1000
1791,1.0,0.0,0
1792,1057.0,5978.0,1000
1793,5.0,0.0,0
1794,955.0,1884.0,317
1795,1355.0,5674.0,144
1796,3063.0,103612.0,766
1797,267.0,1228.0,615
1798,29.0,0.0,0
1799,321.0,0.0,0
1800,23.0,0.0,0
1801,1513.0,1892.0,947
1802,599.0,424.0,57
1803,975.0,1912.0,232
1804,49.0,0.0,0
1805,3.0,1906.0,954
1806,81.0,3986.0,1000
1807,13.0,2.0,2
1808,3.0,0.0,0
1809,35.0,0.0,0
1810,7.0,0.0,0
1811,81.0,1998.0,1000
1812,147.0,3990.0,1000
1813,4759.0,4778.0,921
1814,1.0,2.0,2
1815,8033.0,24862.0,987
1816,77.0,0.0,0
1817,1655.0,12170.0,713
1818,495.0,176.0,19
1819,251.0,1948.0,975
1820,839.0,1904.0,112
1821,5.0,0.0,0
1822,21.0,1998.0,1000
1823,641.0,5494.0,919
1824,717.0,9942.0,1000
1825,11.0,0.0,0
1826,803.0,7894.0,528
1827,1.0,1996.0,999
1828,45.0,1992.0,997
1829,19101.0,102228.0,996
1830,41.0,0.0,0
1831,3081.0,24138.0,697
1832,271.0,168.0,85
1833,3049.0,22230.0,914
1834,6167.0,23472.0,834
1835,7857.0,73948.0,762
1836,129.0,0.0,0
1837,121.0,0.0,0
1838,8915.0,1998.0,1000
1839,5743.0,9948.0,1000
1840,27.0,1994.0,998
1841,51.0,1998.0,1000
1842,7.0,0.0,0
1843,31.0,1998.0,1000
1844,1083.0,5980.0,1000
1845,12931.0,3990.0,1000
1846,3877.0,3992.0,1000
1847,1273.0,1998.0,1000
1848,1035.0,1998.0,1000
1849,1.0,10.0,6
1850,1.0,1994.0,998
1851,13.0,1998.0,1000
1852,1.0,0.0,0
1853,1.0,2.0,2
1854,1969.0,9004.0,822
1855,1621.0,1998.0,1000
1856,785.0,1000.0,57
1857,307.0,1998.0,1000
1858,1.0,0.0,0
1859,607.0,40.0,21
1860,9.0,0.0,0
1861,3.0,0.0,0
1862,1467.0,4062.0,1000
1863,11.0,0.0,0
1864,1.0,2.0,2
1865,289.0,3990.0,1000
1866,197.0,0.0,0
1867,511.0,2922.0,734
1868,281.0,1998.0,1000
1869,1113.0,14624.0,916
1870,937.0,1998.0,1000
1871,75.0,1998.0,1000
1872,3901.0,40822.0,878
1873,3271.0,28778.0,534
1874,31.0,1998.0,1000
1875,937.0,10702.0,939
1876,255.0,3886.0,981
1877,1.0,0.0,0
1878,67.0,1996.0,999
1879,375.0,3984.0,999
1880,1219.0,3906.0,979
1881,17.0,1996.0,999
1882,1.0,1988.0,995
1883,5.0,1998.0,1000
1884,121.0,1998.0,1000
1885,605.0,3992.0,1000
1886,137.0,0.0,0
1887,1163.0,9942.0,1000
1888,2459.0,13232.0,999
1889,641.0,1730.0,605
1890,273.0,0.0,0
1891,3.0,1992.0,997
1892,1.0,2.0,2
1893,4357.0,6604.0,995
1894,275.0,7966.0,1000
1895,3.0,0.0,0
1896,29.0,1996.0,999
1897,3.0,0.0,0
1898,5.0,0.0,0
1899,33.0,1998.0,1000
1900,1.0,1996.0,999
1901,1.0,1992.0,997
1902,191.0,1996.0,999
1903,211.0,8508.0,997
1904,63.0,0.0,0
1905,5.0,0.0,0
1906,3.0,0.0,0
1907,3.0,0.0,0
1908,373.0,5440.0,570
1909,5061.0,1998.0,1000
1910,1895.0,38202.0,606
1911,37.0,3992.0,1000
1912,8161.0,38028.0,881
1913,853.0,1974.0,988
1914,351.0,1998.0,1000
1915,217.0,0.0,0
1916,15.0,1998.0,1000
1917,37.0,1998.0,1000
1918,241.0,5974.0,1000
1919,57.0,4.0,3
1920,1.0,0.0,0
1921,19.0,0.0,0
1922,43.0,0.0,0
1923,17.0,1998.0,1000
1924,433.0,1998.0,1000
1925,205.0,3988.0,999
1926,895.0,3992.0,1000
1927,1.0,2.0,2
1928,5.0,0.0,0
1929,1.0,0.0,0
1930,27.0,0.0,0
1931,1397.0,7000.0,885
1932,219.0,3992.0,1000
1933,253.0,1998.0,1000
1934,2229.0,10140.0,691
