0,148.0,14.0,8
1,213.0,278.0,134
2,214.0,666.0,332
3,150.0,36.0,19
4,177.0,136.0,69
5,204.0,936.0,468
6,240.0,280.0,115
7,176.0,534.0,149
8,265.0,504.0,171
9,245.0,144.0,63
10,273.0,294.0,100
11,399.0,2056.0,665
12,209.0,256.0,113
13,139.0,30.0,16
14,258.0,776.0,377
15,322.0,1176.0,224
16,284.0,532.0,199
17,293.0,1184.0,220
18,307.0,936.0,175
19,386.0,2872.0,399
20,276.0,474.0,156
21,218.0,688.0,339
22,268.0,496.0,139
23,310.0,1152.0,266
24,320.0,838.0,208
25,213.0,440.0,210
26,201.0,894.0,447
27,311.0,1058.0,315
28,278.0,400.0,180
29,438.0,2954.0,391
30,344.0,870.0,129
31,227.0,1316.0,658
32,278.0,658.0,255
33,300.0,862.0,190
34,504.0,3542.0,440
35,282.0,510.0,148
36,369.0,2174.0,279
37,342.0,1826.0,306
38,172.0,1286.0,644
39,463.0,4248.0,456
40,309.0,1220.0,320
41,238.0,824.0,314
42,290.0,900.0,225
43,372.0,2750.0,361
44,226.0,442.0,209
45,373.0,2606.0,260
46,383.0,1598.0,244
47,230.0,1124.0,556
48,356.0,1180.0,220
49,253.0,518.0,188
50,286.0,418.0,143
51,207.0,910.0,456
52,302.0,1438.0,294
53,299.0,994.0,190
54,178.0,174.0,88
55,268.0,770.0,191
56,332.0,928.0,181
57,278.0,1040.0,235
58,186.0,82.0,40
59,176.0,78.0,39
60,213.0,214.0,95
61,275.0,1560.0,730
62,182.0,70.0,35
63,129.0,14.0,8
64,156.0,72.0,37
65,203.0,328.0,150
66,167.0,438.0,220
67,107.0,22.0,12
68,158.0,780.0,391
69,193.0,776.0,386
70,86.0,2.0,2
71,375.0,2344.0,533
72,286.0,624.0,170
73,230.0,208.0,90
74,115.0,312.0,157
75,162.0,688.0,345
76,271.0,512.0,150
77,212.0,310.0,150
78,318.0,834.0,185
79,286.0,950.0,231
80,260.0,904.0,453
81,298.0,1012.0,507
82,173.0,68.0,35
83,140.0,10.0,6
84,135.0,6.0,4
85,98.0,6.0,4
86,272.0,538.0,155
87,348.0,1416.0,430
88,190.0,120.0,59
89,284.0,500.0,181
90,112.0,102.0,52
91,298.0,890.0,183
92,245.0,246.0,105
93,310.0,692.0,183
94,225.0,230.0,107
95,168.0,332.0,167
96,111.0,2.0,2
97,298.0,1280.0,554
98,113.0,16.0,9
99,258.0,804.0,340
100,70.0,2.0,2
101,235.0,512.0,248
102,395.0,2978.0,311
103,291.0,834.0,263
104,303.0,1190.0,212
105,346.0,1906.0,272
106,231.0,984.0,485
107,246.0,328.0,137
108,219.0,220.0,88
109,400.0,2408.0,320
110,410.0,3274.0,400
111,364.0,3272.0,607
112,191.0,196.0,92
113,198.0,334.0,152
114,280.0,1170.0,282
115,320.0,1134.0,237
116,104.0,1496.0,749
117,185.0,262.0,125
118,301.0,1112.0,228
119,224.0,310.0,108
120,215.0,762.0,376
121,270.0,780.0,315
122,226.0,916.0,446
123,348.0,1776.0,280
124,263.0,1132.0,262
125,596.0,6968.0,689
126,224.0,568.0,272
127,304.0,1656.0,259
128,217.0,1432.0,663
129,256.0,570.0,235
130,334.0,1374.0,423
131,298.0,654.0,225
132,231.0,340.0,126
133,219.0,208.0,100
134,313.0,898.0,229
135,245.0,202.0,101
136,246.0,314.0,123
137,329.0,818.0,214
138,196.0,208.0,105
139,149.0,118.0,60
140,229.0,394.0,186
141,192.0,130.0,66
142,251.0,922.0,450
143,223.0,184.0,93
144,90.0,2.0,2
145,226.0,560.0,259
146,130.0,26.0,14
147,173.0,1788.0,895
148,333.0,1532.0,589
149,268.0,1046.0,504
150,437.0,2252.0,376
151,353.0,1962.0,263
152,441.0,1848.0,200
153,330.0,2202.0,245
154,322.0,906.0,250
155,270.0,948.0,431
156,251.0,1012.0,488
157,464.0,4518.0,421
158,361.0,1218.0,328
159,239.0,538.0,196
160,276.0,956.0,446
161,167.0,160.0,81
162,79.0,2.0,2
163,114.0,6.0,4
164,80.0,2.0,2
165,196.0,1114.0,558
166,160.0,714.0,358
167,269.0,862.0,411
168,231.0,274.0,122
169,195.0,178.0,88
170,286.0,916.0,389
171,168.0,82.0,41
172,87.0,2.0,2
173,201.0,138.0,67
174,161.0,46.0,24
175,209.0,68.0,33
176,260.0,402.0,131
177,108.0,74.0,38
178,376.0,1606.0,455
179,298.0,1098.0,341
180,164.0,156.0,79
181,66.0,68.0,35
182,263.0,426.0,166
183,229.0,124.0,62
184,257.0,1586.0,756
185,147.0,42.0,22
186,240.0,398.0,183
187,108.0,16.0,9
188,101.0,10.0,6
189,192.0,166.0,80
190,144.0,28.0,15
191,287.0,1070.0,483
192,171.0,84.0,43
193,220.0,184.0,88
194,172.0,58.0,30
195,196.0,42.0,22
196,148.0,52.0,27
197,262.0,462.0,213
198,268.0,562.0,233
199,245.0,306.0,136
200,276.0,614.0,256
201,314.0,1414.0,506
202,149.0,82.0,42
203,319.0,668.0,218
204,146.0,118.0,60
205,169.0,98.0,50
206,152.0,24.0,13
207,205.0,202.0,100
208,327.0,1122.0,321
209,258.0,540.0,201
210,237.0,302.0,103
211,276.0,504.0,177
212,288.0,732.0,187
213,182.0,142.0,72
214,345.0,1344.0,366
215,203.0,160.0,78
216,230.0,220.0,86
217,184.0,132.0,66
218,315.0,1022.0,346
219,253.0,330.0,129
220,196.0,114.0,49
221,253.0,402.0,150
222,345.0,1420.0,547
223,166.0,38.0,20
224,353.0,1472.0,297
225,332.0,1632.0,315
226,451.0,4472.0,532
227,406.0,2674.0,467
228,253.0,1136.0,543
229,182.0,990.0,496
230,369.0,2178.0,326
231,422.0,3538.0,341
232,433.0,5700.0,402
233,437.0,5184.0,358
234,462.0,4872.0,474
235,178.0,1808.0,905
236,421.0,3622.0,256
237,348.0,1776.0,782
238,129.0,12.0,7
239,209.0,236.0,106
240,188.0,80.0,41
241,155.0,98.0,50
242,132.0,46.0,24
243,222.0,278.0,130
244,164.0,110.0,56
245,91.0,4.0,3
246,179.0,634.0,316
247,139.0,48.0,25
248,192.0,1196.0,595
249,143.0,58.0,30
250,533.0,11618.0,492
251,599.0,11784.0,548
252,451.0,6192.0,445
253,356.0,3774.0,524
254,379.0,2018.0,468
255,437.0,3594.0,485
256,340.0,1060.0,319
257,303.0,1250.0,446
258,136.0,1986.0,994
259,465.0,5140.0,643
260,376.0,1902.0,470
261,492.0,6408.0,427
262,206.0,1386.0,694
263,237.0,712.0,344
264,334.0,1512.0,193
265,318.0,1008.0,201
266,346.0,1758.0,267
267,163.0,1724.0,863
268,234.0,80.0,40
269,280.0,1136.0,295
270,259.0,594.0,236
271,467.0,5048.0,581
272,283.0,652.0,150
273,246.0,390.0,171
274,176.0,62.0,32
275,167.0,102.0,52
276,134.0,54.0,28
277,215.0,438.0,215
278,290.0,1034.0,477
279,222.0,224.0,95
280,198.0,162.0,73
281,163.0,174.0,88
282,235.0,138.0,68
283,87.0,10.0,6
284,369.0,1662.0,543
285,156.0,126.0,64
286,199.0,114.0,51
287,291.0,978.0,314
288,246.0,348.0,134
289,222.0,314.0,141
290,332.0,964.0,225
291,275.0,576.0,138
292,133.0,1412.0,707
293,275.0,416.0,140
294,262.0,394.0,96
295,381.0,2094.0,459
296,293.0,934.0,195
297,145.0,452.0,227
298,224.0,250.0,94
299,389.0,2464.0,326
300,207.0,166.0,63
301,289.0,1338.0,235
302,60.0,1992.0,997
303,201.0,480.0,235
304,359.0,1754.0,256
305,199.0,244.0,114
306,125.0,60.0,31
307,374.0,2816.0,411
308,181.0,74.0,37
309,261.0,898.0,417
310,186.0,178.0,88
311,194.0,146.0,69
312,140.0,14.0,8
313,245.0,842.0,366
314,198.0,310.0,152
315,253.0,324.0,141
316,278.0,566.0,154
317,172.0,100.0,50
318,296.0,622.0,192
319,255.0,436.0,182
320,274.0,918.0,302
321,313.0,718.0,175
322,223.0,342.0,149
323,292.0,822.0,207
324,169.0,832.0,417
325,168.0,730.0,366
326,131.0,184.0,93
327,125.0,62.0,32
328,128.0,190.0,96
329,150.0,132.0,67
330,183.0,78.0,40
331,291.0,1172.0,487
332,250.0,854.0,374
333,249.0,244.0,104
334,205.0,196.0,65
335,171.0,76.0,39
336,167.0,62.0,32
337,190.0,110.0,56
338,252.0,1156.0,550
339,251.0,778.0,355
340,162.0,72.0,37
341,161.0,30.0,16
342,180.0,102.0,51
343,161.0,146.0,74
344,211.0,620.0,311
345,127.0,6.0,4
346,80.0,2.0,2
347,220.0,1232.0,617
348,101.0,0.0,0
349,288.0,1454.0,637
350,248.0,1106.0,520
351,424.0,2854.0,330
352,414.0,2106.0,542
353,384.0,2210.0,253
354,343.0,1140.0,483
355,344.0,1192.0,446
356,235.0,1836.0,912
357,436.0,3682.0,397
358,335.0,1326.0,537
359,269.0,688.0,335
360,521.0,6038.0,488
361,380.0,2190.0,234
362,262.0,876.0,376
363,188.0,72.0,36
364,184.0,150.0,76
365,187.0,92.0,37
366,218.0,208.0,91
367,220.0,414.0,199
368,272.0,838.0,361
369,127.0,16.0,9
370,281.0,468.0,108
371,258.0,658.0,258
372,398.0,3192.0,427
373,414.0,3238.0,528
374,159.0,294.0,148
375,233.0,550.0,221
376,269.0,680.0,180
377,179.0,722.0,362
378,190.0,132.0,60
379,226.0,250.0,92
380,178.0,124.0,41
381,375.0,3350.0,816
382,235.0,544.0,151
383,156.0,92.0,43
384,163.0,138.0,70
385,121.0,68.0,35
386,114.0,1632.0,817
387,157.0,52.0,24
388,241.0,1128.0,561
389,370.0,2264.0,545
390,588.0,11164.0,437
391,515.0,8296.0,423
392,198.0,1808.0,905
393,561.0,10462.0,498
394,254.0,2156.0,729
395,354.0,1656.0,596
396,216.0,1612.0,807
397,473.0,7126.0,408
398,395.0,3356.0,652
399,359.0,3836.0,614
400,346.0,1676.0,508
401,357.0,1654.0,647
402,369.0,3412.0,864
403,348.0,2408.0,518
404,179.0,1792.0,897
405,415.0,5104.0,658
406,423.0,4138.0,448
407,687.0,14118.0,480
408,524.0,8896.0,373
409,503.0,9142.0,384
410,205.0,1790.0,896
411,406.0,3362.0,328
412,147.0,92.0,47
413,181.0,426.0,209
414,119.0,4.0,3
415,230.0,1576.0,753
416,151.0,22.0,12
417,95.0,12.0,7
418,393.0,1992.0,325
419,294.0,730.0,189
420,280.0,532.0,178
421,367.0,2212.0,423
422,282.0,670.0,164
423,243.0,348.0,163
424,314.0,1086.0,238
425,295.0,814.0,185
426,211.0,200.0,99
427,125.0,340.0,171
428,161.0,710.0,356
429,184.0,104.0,51
430,212.0,174.0,79
431,193.0,246.0,122
432,174.0,86.0,44
433,215.0,400.0,196
434,269.0,756.0,335
435,225.0,346.0,165
436,129.0,202.0,102
437,69.0,2.0,2
438,97.0,6.0,4
439,199.0,264.0,123
440,162.0,810.0,406
441,284.0,466.0,120
442,288.0,1176.0,257
443,167.0,658.0,330
444,387.0,1674.0,400
445,307.0,790.0,218
446,304.0,990.0,216
447,168.0,256.0,128
448,269.0,1012.0,436
449,253.0,716.0,282
450,182.0,732.0,367
451,261.0,636.0,206
452,248.0,352.0,118
453,400.0,2600.0,382
454,190.0,434.0,218
455,238.0,196.0,77
456,304.0,1640.0,448
457,328.0,1300.0,340
458,235.0,298.0,97
459,201.0,1016.0,507
460,192.0,136.0,61
461,221.0,256.0,85
462,224.0,338.0,103
463,246.0,248.0,87
464,222.0,434.0,151
465,224.0,444.0,191
466,233.0,260.0,104
467,173.0,28.0,14
468,296.0,1454.0,562
469,104.0,86.0,44
470,106.0,76.0,39
471,76.0,302.0,152
472,97.0,48.0,25
473,144.0,878.0,440
474,48.0,2.0,2
475,90.0,6.0,4
476,140.0,1064.0,533
477,79.0,390.0,196
478,78.0,1528.0,765
479,72.0,80.0,41
480,153.0,152.0,77
481,124.0,6.0,4
482,226.0,1232.0,609
483,104.0,2.0,2
484,171.0,226.0,114
485,194.0,420.0,211
486,131.0,18.0,10
487,173.0,76.0,39
488,182.0,150.0,76
489,191.0,124.0,60
490,270.0,1538.0,714
491,211.0,282.0,125
492,231.0,286.0,116
493,300.0,270.0,83
494,335.0,1060.0,248
495,309.0,726.0,202
496,189.0,156.0,79
497,385.0,1468.0,243
498,220.0,232.0,115
499,390.0,2020.0,391
500,347.0,848.0,230
501,251.0,780.0,339
502,314.0,1024.0,236
503,350.0,1056.0,274
504,250.0,502.0,184
505,174.0,648.0,325
506,319.0,1278.0,345
507,155.0,36.0,19
508,185.0,356.0,177
509,204.0,150.0,55
510,281.0,964.0,313
511,213.0,248.0,104
512,375.0,1330.0,347
513,274.0,1090.0,501
514,339.0,1592.0,590
515,330.0,1668.0,731
516,450.0,3726.0,486
517,567.0,8164.0,456
518,233.0,1526.0,764
519,325.0,1604.0,743
520,312.0,1828.0,890
521,312.0,1178.0,468
522,477.0,2734.0,312
523,373.0,2016.0,492
524,390.0,2738.0,462
525,438.0,3666.0,408
526,203.0,194.0,94
527,85.0,12.0,7
528,187.0,132.0,54
529,184.0,274.0,119
530,141.0,30.0,16
531,202.0,538.0,234
532,130.0,210.0,106
533,218.0,1380.0,590
534,245.0,1724.0,863
535,130.0,36.0,19
536,116.0,40.0,21
537,70.0,0.0,0
538,138.0,198.0,100
539,403.0,2596.0,282
540,220.0,530.0,265
541,432.0,2226.0,271
542,366.0,1390.0,219
543,163.0,340.0,171
544,250.0,1002.0,463
545,358.0,1510.0,356
546,358.0,976.0,182
547,325.0,1124.0,237
548,427.0,3228.0,376
549,195.0,746.0,374
550,154.0,100.0,51
551,189.0,582.0,292
552,90.0,2.0,2
553,146.0,48.0,25
554,167.0,274.0,138
555,240.0,1068.0,520
556,239.0,844.0,400
557,259.0,574.0,149
558,208.0,826.0,368
559,403.0,2510.0,401
560,212.0,420.0,195
561,173.0,124.0,63
562,330.0,2320.0,414
563,257.0,434.0,138
564,272.0,538.0,162
565,301.0,980.0,254
566,314.0,1124.0,226
567,199.0,750.0,371
568,222.0,454.0,228
569,402.0,3090.0,322
570,563.0,8582.0,538
571,278.0,1168.0,458
572,262.0,566.0,278
573,271.0,1022.0,450
574,235.0,378.0,188
575,256.0,474.0,141
576,213.0,190.0,87
577,294.0,1542.0,645
578,261.0,494.0,158
579,201.0,88.0,36
580,186.0,112.0,55
581,184.0,150.0,76
582,143.0,1242.0,622
583,224.0,676.0,329
584,219.0,856.0,395
585,414.0,5926.0,686
586,249.0,580.0,131
587,309.0,1056.0,220
588,248.0,572.0,105
589,115.0,862.0,432
590,278.0,868.0,192
591,121.0,1970.0,986
592,123.0,206.0,104
593,296.0,1006.0,408
594,116.0,80.0,41
595,197.0,192.0,91
596,243.0,264.0,99
597,153.0,138.0,70
598,242.0,340.0,146
599,235.0,850.0,365
600,168.0,60.0,31
601,111.0,20.0,11
602,235.0,880.0,430
603,381.0,1606.0,150
604,289.0,1222.0,343
605,243.0,594.0,224
606,254.0,582.0,225
607,310.0,1352.0,270
608,549.0,6910.0,566
609,463.0,5590.0,401
610,37.0,1998.0,1000
611,264.0,1062.0,493
612,338.0,1502.0,229
613,273.0,652.0,128
614,231.0,508.0,238
615,322.0,762.0,191
616,106.0,432.0,217
617,235.0,530.0,199
618,307.0,880.0,226
619,272.0,566.0,217
620,328.0,1750.0,408
621,323.0,600.0,156
622,265.0,472.0,177
623,325.0,1046.0,237
624,199.0,876.0,439
625,141.0,106.0,54
626,127.0,54.0,28
627,118.0,12.0,7
628,135.0,152.0,77
629,264.0,306.0,105
630,265.0,626.0,202
631,191.0,112.0,57
632,224.0,240.0,110
633,293.0,900.0,384
634,295.0,694.0,232
635,155.0,170.0,86
636,222.0,1472.0,737
637,129.0,162.0,82
638,149.0,364.0,183
639,54.0,0.0,0
640,203.0,388.0,123
641,159.0,50.0,26
642,277.0,1808.0,299
643,120.0,162.0,82
644,165.0,1606.0,803
645,123.0,1958.0,980
646,348.0,1930.0,254
647,200.0,254.0,73
648,193.0,246.0,105
649,216.0,750.0,164
650,471.0,2896.0,799
651,201.0,172.0,86
652,173.0,0.0,0
653,221.0,294.0,109
654,166.0,320.0,161
655,166.0,166.0,84
656,205.0,522.0,258
657,99.0,14.0,8
658,191.0,474.0,236
659,196.0,330.0,166
660,175.0,446.0,224
661,181.0,156.0,78
662,237.0,972.0,465
663,162.0,78.0,40
664,161.0,172.0,87
665,147.0,62.0,29
666,225.0,276.0,119
667,224.0,490.0,240
668,382.0,1752.0,253
669,383.0,2212.0,340
670,382.0,1676.0,251
671,317.0,920.0,270
672,133.0,302.0,152
673,273.0,640.0,293
674,236.0,586.0,292
675,315.0,1630.0,280
676,333.0,1160.0,188
677,123.0,1460.0,731
678,112.0,408.0,205
679,64.0,2.0,2
680,79.0,0.0,0
681,137.0,1588.0,795
682,282.0,936.0,423
683,130.0,200.0,101
684,249.0,1204.0,539
685,185.0,114.0,55
686,97.0,8.0,5
687,143.0,14.0,8
688,99.0,6.0,4
689,185.0,312.0,153
690,210.0,740.0,363
691,150.0,56.0,29
692,175.0,512.0,255
693,182.0,232.0,111
694,170.0,128.0,63
695,151.0,46.0,24
696,305.0,822.0,317
697,167.0,36.0,18
698,129.0,318.0,160
699,162.0,58.0,25
700,172.0,50.0,26
701,291.0,1586.0,610
702,118.0,10.0,6
703,108.0,42.0,22
704,228.0,1370.0,676
705,199.0,428.0,209
706,304.0,452.0,164
707,236.0,370.0,166
708,270.0,354.0,119
709,204.0,74.0,38
710,208.0,242.0,98
711,222.0,174.0,85
712,293.0,680.0,238
713,271.0,578.0,207
714,313.0,842.0,298
715,386.0,1566.0,277
716,342.0,1344.0,288
717,371.0,2316.0,420
718,447.0,4618.0,372
719,280.0,1002.0,224
720,127.0,1800.0,901
721,317.0,1628.0,384
722,359.0,1124.0,206
723,282.0,1058.0,383
724,170.0,744.0,373
725,315.0,1390.0,336
726,432.0,4928.0,416
727,351.0,1560.0,311
728,394.0,3720.0,365
729,416.0,4274.0,361
730,238.0,728.0,339
731,136.0,1250.0,626
732,236.0,776.0,353
733,420.0,4256.0,353
734,321.0,1750.0,503
735,548.0,6712.0,478
736,221.0,1382.0,691
737,230.0,686.0,254
738,110.0,28.0,15
739,220.0,250.0,111
740,226.0,552.0,259
741,150.0,56.0,29
742,183.0,110.0,51
743,146.0,60.0,31
744,172.0,142.0,72
745,120.0,6.0,4
746,124.0,6.0,4
747,273.0,426.0,109
748,444.0,3004.0,433
749,230.0,228.0,90
750,250.0,356.0,102
751,232.0,458.0,225
752,159.0,342.0,172
753,178.0,238.0,120
754,428.0,3570.0,555
755,139.0,72.0,37
756,204.0,324.0,161
757,255.0,634.0,192
758,195.0,210.0,106
759,339.0,1388.0,282
760,119.0,330.0,166
761,233.0,628.0,301
762,224.0,78.0,39
763,371.0,1730.0,315
764,344.0,1234.0,313
765,328.0,1118.0,210
766,250.0,566.0,230
767,209.0,286.0,124
768,183.0,156.0,76
769,290.0,912.0,272
770,204.0,134.0,59
771,173.0,382.0,192
772,373.0,1810.0,478
773,82.0,318.0,160
774,317.0,862.0,238
775,153.0,56.0,29
776,271.0,854.0,282
777,308.0,1046.0,273
778,279.0,434.0,131
779,195.0,498.0,145
780,243.0,396.0,125
781,171.0,180.0,90
782,273.0,1066.0,333
783,208.0,240.0,103
784,312.0,1756.0,371
785,324.0,1562.0,352
786,334.0,1612.0,368
787,307.0,1766.0,608
788,210.0,1866.0,934
789,507.0,7074.0,381
790,331.0,1430.0,292
791,275.0,858.0,342
792,250.0,1590.0,796
793,456.0,6394.0,538
794,530.0,8920.0,496
795,270.0,708.0,289
796,181.0,82.0,42
797,212.0,324.0,161
798,244.0,1514.0,750
799,115.0,2.0,2
800,188.0,122.0,62
801,104.0,2.0,2
802,195.0,864.0,433
803,259.0,700.0,143
804,228.0,524.0,252
805,333.0,1676.0,326
806,183.0,270.0,132
807,233.0,428.0,199
808,166.0,160.0,81
809,81.0,8.0,5
810,160.0,472.0,237
811,148.0,90.0,44
812,233.0,948.0,465
813,298.0,1014.0,198
814,172.0,154.0,51
815,383.0,2656.0,447
816,55.0,1998.0,1000
817,281.0,708.0,172
818,289.0,530.0,111
819,280.0,970.0,224
820,121.0,820.0,411
821,170.0,188.0,91
822,133.0,68.0,35
823,116.0,34.0,18
824,218.0,1292.0,642
825,153.0,206.0,104
826,139.0,114.0,58
827,163.0,328.0,165
828,80.0,130.0,66
829,88.0,46.0,24
830,215.0,1534.0,702
831,201.0,324.0,152
832,139.0,76.0,37
833,144.0,172.0,86
834,162.0,132.0,61
835,209.0,522.0,262
836,292.0,466.0,159
837,320.0,1324.0,286
838,312.0,1632.0,262
839,227.0,916.0,439
840,272.0,1050.0,482
841,177.0,650.0,326
842,336.0,1274.0,173
843,296.0,828.0,288
844,304.0,762.0,312
845,279.0,560.0,194
846,412.0,4038.0,563
847,121.0,492.0,247
848,140.0,220.0,111
849,69.0,2.0,2
850,95.0,4.0,3
851,172.0,910.0,456
852,183.0,936.0,469
853,122.0,58.0,30
854,137.0,96.0,49
855,87.0,2.0,2
856,265.0,854.0,259
857,241.0,288.0,114
858,309.0,1432.0,435
859,196.0,140.0,64
860,248.0,326.0,117
861,192.0,266.0,128
862,301.0,752.0,218
863,214.0,282.0,109
864,310.0,1274.0,312
865,161.0,74.0,38
866,133.0,1136.0,569
867,168.0,56.0,29
868,221.0,212.0,81
869,280.0,926.0,212
870,362.0,1126.0,259
871,93.0,172.0,87
872,231.0,636.0,288
873,171.0,84.0,42
874,168.0,64.0,33
875,134.0,134.0,68
876,221.0,142.0,62
877,187.0,132.0,67
878,60.0,20.0,11
879,167.0,142.0,72
880,282.0,1432.0,654
881,166.0,44.0,23
882,107.0,6.0,4
883,203.0,232.0,115
884,290.0,918.0,270
885,179.0,212.0,107
886,231.0,384.0,132
887,250.0,610.0,158
888,189.0,134.0,68
889,235.0,456.0,143
890,246.0,544.0,230
891,268.0,896.0,247
892,346.0,1582.0,441
893,452.0,4890.0,430
894,257.0,652.0,234
895,229.0,816.0,409
896,345.0,2016.0,247
897,257.0,1546.0,754
898,475.0,5548.0,396
899,389.0,3040.0,345
900,475.0,5024.0,531
901,201.0,448.0,224
902,368.0,3020.0,335
903,328.0,1090.0,410
904,293.0,1110.0,410
905,203.0,244.0,114
906,419.0,4572.0,618
907,369.0,2140.0,294
908,177.0,558.0,279
909,316.0,1046.0,175
910,161.0,194.0,98
911,217.0,290.0,130
912,84.0,1930.0,966
913,175.0,274.0,138
914,21.0,0.0,0
915,120.0,36.0,19
916,168.0,984.0,493
917,153.0,974.0,488
918,56.0,1094.0,548
919,56.0,898.0,450
920,41.0,6.0,4
921,125.0,10.0,6
922,200.0,216.0,105
923,158.0,32.0,17
924,235.0,1612.0,805
925,149.0,12.0,7
926,227.0,570.0,267
927,276.0,1020.0,415
928,149.0,64.0,33
929,187.0,174.0,84
930,216.0,432.0,190
931,207.0,204.0,89
932,201.0,234.0,114
933,317.0,1318.0,458
934,146.0,98.0,50
935,280.0,568.0,200
936,269.0,754.0,253
937,252.0,298.0,138
938,219.0,128.0,65
939,179.0,88.0,45
940,261.0,328.0,120
941,332.0,932.0,177
942,397.0,2278.0,429
943,241.0,266.0,97
944,299.0,850.0,309
945,358.0,900.0,171
946,103.0,1038.0,520
947,107.0,152.0,77
948,244.0,558.0,211
949,245.0,428.0,124
950,356.0,2276.0,338
951,268.0,1178.0,552
952,122.0,26.0,14
953,227.0,250.0,125
954,145.0,28.0,14
955,121.0,12.0,7
956,411.0,3430.0,308
957,299.0,1814.0,541
958,262.0,834.0,358
959,366.0,3220.0,336
960,260.0,1522.0,758
961,261.0,806.0,317
962,527.0,7396.0,524
963,393.0,1972.0,362
964,330.0,1266.0,404
965,414.0,3600.0,458
966,568.0,7156.0,426
967,443.0,4428.0,391
968,348.0,1512.0,289
969,235.0,1270.0,628
970,495.0,7882.0,424
971,363.0,1400.0,314
972,398.0,2364.0,546
973,281.0,1528.0,752
974,462.0,4100.0,489
975,254.0,1452.0,719
976,483.0,5758.0,391
977,578.0,8614.0,481
978,412.0,3698.0,456
979,217.0,942.0,472
980,249.0,1708.0,787
981,469.0,4096.0,420
982,453.0,2508.0,437
983,199.0,208.0,67
984,169.0,78.0,39
985,246.0,358.0,117
986,280.0,526.0,164
987,282.0,654.0,228
988,308.0,868.0,226
989,196.0,86.0,44
990,141.0,858.0,430
991,143.0,36.0,19
992,188.0,52.0,27
993,178.0,60.0,31
994,249.0,1596.0,789
995,108.0,4.0,3
996,85.0,2.0,2
997,212.0,92.0,46
998,106.0,72.0,37
999,185.0,76.0,36
1000,256.0,560.0,246
1001,260.0,576.0,220
1002,215.0,296.0,148
1003,256.0,882.0,399
1004,166.0,40.0,21
1005,210.0,552.0,223
1006,234.0,376.0,117
1007,182.0,274.0,135
1008,207.0,266.0,90
1009,407.0,2852.0,498
1010,170.0,128.0,60
1011,188.0,884.0,442
1012,257.0,852.0,189
1013,212.0,980.0,486
1014,337.0,1634.0,304
1015,213.0,580.0,291
1016,98.0,6.0,4
1017,160.0,262.0,132
1018,121.0,22.0,12
1019,211.0,1150.0,574
1020,95.0,2.0,2
1021,178.0,356.0,179
1022,313.0,750.0,145
1023,417.0,3080.0,392
1024,359.0,2700.0,388
1025,199.0,1360.0,681
1026,188.0,224.0,113
1027,246.0,524.0,191
1028,351.0,1178.0,175
1029,366.0,1910.0,281
1030,227.0,832.0,356
1031,279.0,694.0,197
1032,166.0,54.0,28
1033,88.0,4.0,3
1034,224.0,1330.0,662
1035,235.0,480.0,240
1036,112.0,16.0,9
1037,134.0,38.0,20
1038,160.0,462.0,232
1039,223.0,2036.0,850
1040,325.0,2692.0,231
1041,412.0,3580.0,374
1042,250.0,640.0,276
1043,407.0,3648.0,282
1044,433.0,5560.0,401
1045,275.0,572.0,123
1046,217.0,688.0,344
1047,129.0,1418.0,710
1048,107.0,128.0,65
1049,100.0,60.0,31
1050,132.0,342.0,172
1051,109.0,50.0,26
1052,264.0,358.0,141
1053,190.0,122.0,62
1054,394.0,1560.0,320
1055,221.0,106.0,47
1056,335.0,1460.0,294
1057,219.0,150.0,64
1058,231.0,260.0,124
1059,153.0,358.0,180
1060,234.0,250.0,72
1061,117.0,16.0,9
1062,137.0,84.0,43
1063,201.0,1866.0,934
1064,66.0,2.0,2
1065,101.0,6.0,4
1066,313.0,1312.0,247
1067,260.0,388.0,171
1068,386.0,2294.0,350
1069,378.0,1566.0,303
1070,243.0,546.0,241
1071,238.0,1184.0,585
1072,380.0,1862.0,303
1073,242.0,304.0,124
1074,214.0,412.0,195
1075,246.0,556.0,245
1076,210.0,154.0,66
1077,231.0,328.0,157
1078,169.0,86.0,44
1079,189.0,252.0,125
1080,241.0,744.0,369
1081,218.0,400.0,199
1082,223.0,320.0,150
1083,120.0,12.0,7
1084,151.0,14.0,8
1085,270.0,718.0,306
1086,159.0,106.0,54
1087,207.0,138.0,68
1088,316.0,974.0,384
1089,288.0,920.0,320
1090,209.0,90.0,41
1091,140.0,184.0,93
1092,189.0,1470.0,733
1093,309.0,1360.0,487
1094,513.0,6562.0,447
1095,375.0,1508.0,407
1096,400.0,3002.0,504
1097,378.0,2498.0,527
1098,498.0,3872.0,440
1099,283.0,1844.0,659
1100,432.0,4002.0,367
1101,216.0,1190.0,593
1102,327.0,1804.0,582
1103,238.0,296.0,144
1104,197.0,236.0,119
1105,237.0,308.0,153
1106,56.0,32.0,17
1107,296.0,662.0,165
1108,338.0,1066.0,256
1109,124.0,296.0,149
1110,207.0,294.0,146
1111,341.0,1478.0,330
1112,313.0,1072.0,259
1113,136.0,22.0,12
1114,235.0,376.0,126
1115,239.0,668.0,209
1116,297.0,634.0,154
1117,296.0,1460.0,364
1118,284.0,532.0,162
1119,367.0,2416.0,323
1120,172.0,242.0,122
1121,408.0,2902.0,531
1122,177.0,336.0,169
1123,183.0,238.0,117
1124,219.0,272.0,128
1125,129.0,6.0,4
1126,208.0,384.0,172
1127,199.0,158.0,79
1128,201.0,382.0,188
1129,189.0,110.0,53
1130,164.0,76.0,39
1131,282.0,906.0,367
1132,240.0,648.0,270
1133,234.0,254.0,94
1134,292.0,760.0,313
1135,315.0,958.0,306
1136,269.0,400.0,153
1137,197.0,120.0,59
1138,256.0,460.0,177
1139,228.0,232.0,93
1140,115.0,66.0,34
1141,175.0,240.0,113
1142,203.0,264.0,127
1143,205.0,390.0,188
1144,192.0,120.0,56
1145,160.0,126.0,63
1146,268.0,1180.0,534
1147,136.0,38.0,20
1148,163.0,84.0,43
1149,310.0,820.0,286
1150,163.0,28.0,13
1151,238.0,316.0,140
1152,260.0,916.0,383
1153,234.0,328.0,130
1154,119.0,8.0,5
1155,271.0,542.0,218
1156,133.0,32.0,17
1157,256.0,680.0,309
1158,132.0,30.0,16
1159,120.0,22.0,12
1160,205.0,248.0,123
1161,112.0,34.0,18
1162,189.0,166.0,84
1163,144.0,1062.0,532
1164,262.0,594.0,151
1165,198.0,572.0,286
1166,279.0,612.0,173
1167,254.0,554.0,172
1168,395.0,3128.0,488
1169,260.0,374.0,103
1170,108.0,478.0,240
1171,387.0,3062.0,398
1172,131.0,136.0,69
1173,155.0,160.0,81
1174,120.0,120.0,61
1175,94.0,1690.0,846
1176,65.0,178.0,90
1177,77.0,24.0,13
1178,77.0,28.0,15
1179,83.0,92.0,47
1180,115.0,1854.0,928
1181,423.0,2280.0,357
1182,301.0,802.0,213
1183,288.0,936.0,258
1184,383.0,1368.0,243
1185,287.0,700.0,178
1186,350.0,1308.0,277
1187,210.0,316.0,159
1188,192.0,120.0,56
1189,176.0,202.0,102
1190,200.0,230.0,109
1191,296.0,1734.0,452
1192,165.0,156.0,79
1193,309.0,650.0,194
1194,214.0,164.0,75
1195,258.0,564.0,170
1196,159.0,758.0,380
1197,171.0,112.0,56
1198,267.0,1962.0,961
1199,87.0,2.0,2
1200,274.0,472.0,185
1201,199.0,118.0,36
1202,134.0,34.0,18
1203,147.0,386.0,194
1204,238.0,370.0,139
1205,383.0,2676.0,606
1206,248.0,474.0,123
1207,150.0,768.0,385
1208,167.0,196.0,99
1209,202.0,128.0,58
1210,248.0,556.0,221
1211,93.0,12.0,7
1212,170.0,44.0,23
1213,219.0,232.0,104
1214,280.0,1286.0,551
1215,218.0,162.0,80
1216,185.0,78.0,38
1217,216.0,180.0,83
1218,176.0,388.0,195
1219,147.0,84.0,43
1220,125.0,14.0,8
1221,106.0,4.0,3
1222,198.0,332.0,161
1223,214.0,1248.0,620
1224,223.0,340.0,103
1225,193.0,138.0,67
1226,265.0,630.0,158
1227,323.0,1884.0,289
1228,149.0,284.0,142
1229,443.0,3008.0,617
1230,245.0,486.0,152
1231,141.0,42.0,22
1232,181.0,290.0,143
1233,207.0,182.0,91
1234,128.0,30.0,16
1235,245.0,448.0,158
1236,201.0,168.0,79
1237,248.0,428.0,187
1238,238.0,318.0,116
1239,197.0,184.0,80
1240,130.0,32.0,17
1241,362.0,2104.0,272
1242,274.0,1386.0,539
1243,285.0,1218.0,232
1244,179.0,854.0,428
1245,254.0,508.0,132
1246,266.0,1390.0,577
1247,367.0,1968.0,257
1248,293.0,602.0,162
1249,187.0,390.0,191
1250,136.0,28.0,15
1251,75.0,6.0,4
1252,137.0,14.0,8
1253,266.0,868.0,413
1254,202.0,148.0,61
1255,122.0,10.0,6
1256,237.0,1034.0,514
1257,153.0,66.0,34
1258,298.0,1844.0,852
1259,209.0,188.0,77
1260,77.0,22.0,12
1261,166.0,40.0,21
1262,216.0,98.0,41
1263,234.0,270.0,125
1264,146.0,20.0,11
1265,116.0,16.0,9
1266,193.0,242.0,117
1267,255.0,1064.0,503
1268,172.0,84.0,42
1269,154.0,56.0,29
1270,231.0,728.0,336
1271,181.0,54.0,28
1272,98.0,56.0,29
1273,242.0,334.0,142
1274,319.0,640.0,175
1275,247.0,482.0,170
1276,288.0,712.0,243
1277,272.0,608.0,183
1278,269.0,696.0,193
1279,257.0,432.0,151
1280,203.0,208.0,98
1281,210.0,168.0,59
1282,171.0,174.0,88
1283,180.0,196.0,99
1284,382.0,2296.0,706
1285,246.0,422.0,125
1286,113.0,398.0,200
1287,257.0,658.0,173
1288,145.0,58.0,30
1289,168.0,190.0,95
1290,365.0,2008.0,771
1291,195.0,134.0,66
1292,172.0,198.0,100
1293,210.0,390.0,183
1294,207.0,526.0,232
1295,257.0,874.0,387
1296,217.0,360.0,140
1297,79.0,18.0,10
1298,193.0,368.0,184
1299,122.0,32.0,17
1300,171.0,526.0,264
1301,156.0,214.0,108
1302,105.0,6.0,4
1303,291.0,868.0,311
1304,209.0,188.0,86
1305,222.0,288.0,107
1306,241.0,466.0,173
1307,307.0,1168.0,417
1308,238.0,292.0,91
1309,164.0,120.0,61
1310,194.0,128.0,60
1311,214.0,198.0,86
1312,336.0,928.0,281
1313,325.0,1146.0,429
1314,371.0,1870.0,311
1315,174.0,422.0,211
1316,409.0,2774.0,357
1317,312.0,1226.0,365
1318,161.0,814.0,408
1319,308.0,1074.0,240
1320,313.0,964.0,393
1321,347.0,1358.0,257
1322,385.0,1378.0,264
1323,250.0,940.0,427
1324,111.0,6.0,4
1325,81.0,2.0,2
1326,151.0,80.0,41
1327,92.0,2.0,2
1328,111.0,1992.0,997
1329,305.0,654.0,158
1330,527.0,7816.0,665
1331,285.0,900.0,382
1332,153.0,864.0,433
1333,252.0,322.0,123
1334,157.0,698.0,350
1335,309.0,812.0,234
1336,147.0,1706.0,854
1337,185.0,396.0,196
1338,156.0,1452.0,727
1339,293.0,1222.0,449
1340,281.0,634.0,168
1341,237.0,596.0,161
1342,206.0,204.0,68
1343,135.0,30.0,16
1344,86.0,30.0,16
1345,146.0,72.0,37
1346,169.0,630.0,316
1347,141.0,134.0,68
1348,128.0,72.0,37
1349,122.0,30.0,16
1350,151.0,110.0,56
1351,139.0,16.0,9
1352,111.0,2.0,2
1353,161.0,68.0,35
1354,212.0,832.0,413
1355,163.0,56.0,29
1356,293.0,952.0,291
1357,256.0,446.0,166
1358,262.0,498.0,174
1359,504.0,4480.0,710
1360,234.0,590.0,268
1361,171.0,278.0,140
1362,237.0,444.0,192
1363,208.0,188.0,60
1364,334.0,1372.0,258
1365,205.0,186.0,92
1366,351.0,1776.0,788
1367,193.0,162.0,82
1368,144.0,14.0,8
1369,223.0,152.0,68
1370,243.0,438.0,165
1371,155.0,46.0,24
1372,128.0,82.0,42
1373,130.0,20.0,11
1374,270.0,1120.0,501
1375,209.0,208.0,85
1376,117.0,414.0,208
1377,198.0,116.0,34
1378,270.0,820.0,184
1379,399.0,2028.0,412
1380,368.0,1820.0,383
1381,276.0,582.0,193
1382,236.0,1326.0,664
1383,575.0,13332.0,537
1384,600.0,8530.0,446
1385,342.0,1002.0,292
1386,576.0,8136.0,452
1387,431.0,2794.0,463
1388,322.0,1210.0,377
1389,268.0,1620.0,766
1390,343.0,2350.0,334
1391,338.0,2080.0,567
1392,201.0,866.0,434
1393,425.0,4926.0,400
1394,115.0,280.0,141
1395,67.0,2.0,2
1396,126.0,474.0,238
1397,127.0,180.0,91
1398,275.0,466.0,168
1399,392.0,1812.0,512
1400,131.0,108.0,55
1401,307.0,596.0,212
1402,226.0,258.0,109
1403,199.0,208.0,101
1404,183.0,954.0,477
1405,264.0,562.0,154
1406,295.0,752.0,181
1407,186.0,270.0,135
1408,138.0,112.0,57
1409,317.0,842.0,195
1410,276.0,856.0,174
1411,260.0,550.0,157
1412,131.0,10.0,6
1413,159.0,74.0,38
1414,115.0,26.0,14
1415,243.0,966.0,436
1416,172.0,210.0,104
1417,214.0,294.0,140
1418,154.0,98.0,50
1419,158.0,64.0,33
1420,158.0,68.0,30
1421,235.0,580.0,260
1422,168.0,178.0,90
1423,234.0,292.0,117
1424,268.0,954.0,342
1425,215.0,180.0,70
1426,215.0,292.0,131
1427,180.0,152.0,77
1428,276.0,1106.0,373
1429,200.0,342.0,172
1430,281.0,560.0,172
1431,201.0,162.0,75
1432,114.0,62.0,32
1433,218.0,580.0,285
1434,188.0,132.0,66
1435,188.0,228.0,115
1436,209.0,442.0,221
1437,134.0,46.0,24
1438,212.0,486.0,233
1439,286.0,756.0,282
1440,216.0,212.0,89
1441,409.0,1654.0,482
1442,228.0,258.0,97
1443,243.0,282.0,118
1444,217.0,278.0,125
1445,172.0,112.0,57
1446,193.0,1712.0,857
1447,198.0,542.0,260
1448,296.0,1666.0,365
1449,246.0,798.0,148
1450,441.0,4548.0,591
1451,218.0,672.0,319
1452,294.0,1746.0,248
1453,87.0,144.0,73
1454,81.0,26.0,14
1455,115.0,1828.0,915
1456,216.0,932.0,463
1457,112.0,8.0,5
1458,133.0,16.0,9
1459,224.0,468.0,228
1460,176.0,124.0,63
1461,174.0,118.0,59
1462,85.0,18.0,10
1463,176.0,418.0,209
1464,281.0,778.0,160
1465,409.0,2758.0,430
1466,300.0,946.0,170
1467,238.0,244.0,104
1468,193.0,278.0,131
1469,229.0,1206.0,569
1470,354.0,1952.0,283
1471,233.0,1008.0,242
1472,203.0,174.0,85
1473,121.0,26.0,14
1474,380.0,2516.0,752
1475,272.0,406.0,150
1476,214.0,186.0,75
1477,150.0,66.0,34
1478,265.0,498.0,128
1479,193.0,148.0,63
1480,310.0,1780.0,459
1481,147.0,38.0,19
1482,251.0,178.0,67
1483,135.0,78.0,40
1484,167.0,96.0,45
1485,158.0,682.0,342
1486,369.0,1838.0,485
1487,133.0,14.0,8
1488,197.0,610.0,305
1489,153.0,44.0,23
1490,154.0,24.0,13
1491,101.0,12.0,7
1492,342.0,2354.0,637
1493,158.0,194.0,97
1494,130.0,306.0,154
1495,226.0,512.0,149
1496,201.0,188.0,81
1497,198.0,352.0,165
1498,259.0,672.0,184
1499,185.0,78.0,40
1500,259.0,500.0,166
1501,187.0,150.0,74
1502,161.0,146.0,70
1503,269.0,420.0,152
1504,330.0,1862.0,657
1505,155.0,88.0,45
1506,211.0,344.0,150
1507,172.0,166.0,73
1508,185.0,434.0,218
1509,193.0,66.0,32
1510,155.0,34.0,18
1511,151.0,16.0,9
1512,223.0,942.0,470
1513,136.0,36.0,19
1514,50.0,2.0,2
1515,150.0,1978.0,990
1516,81.0,16.0,9
1517,193.0,498.0,195
1518,147.0,388.0,195
1519,153.0,230.0,114
1520,264.0,578.0,180
1521,195.0,222.0,105
1522,250.0,710.0,243
1523,277.0,858.0,313
1524,225.0,514.0,255
1525,271.0,1078.0,528
1526,140.0,52.0,27
1527,217.0,348.0,163
1528,206.0,106.0,53
1529,164.0,24.0,13
1530,158.0,26.0,13
1531,165.0,50.0,19
1532,298.0,1454.0,513
1533,359.0,936.0,285
1534,204.0,782.0,392
1535,389.0,1932.0,234
1536,596.0,9464.0,635
1537,268.0,686.0,209
1538,316.0,2014.0,664
1539,222.0,1146.0,564
1540,395.0,2662.0,301
1541,336.0,1200.0,202
1542,195.0,1802.0,902
1543,275.0,1034.0,467
1544,256.0,962.0,445
1545,383.0,4080.0,465
1546,298.0,1454.0,611
1547,284.0,1252.0,590
1548,275.0,706.0,117
1549,348.0,2194.0,342
1550,330.0,1808.0,270
1551,302.0,970.0,235
1552,181.0,464.0,233
1553,90.0,184.0,93
1554,187.0,196.0,99
1555,173.0,80.0,40
1556,247.0,412.0,138
1557,157.0,76.0,38
1558,143.0,68.0,35
1559,257.0,968.0,397
1560,147.0,182.0,92
1561,128.0,34.0,18
1562,88.0,60.0,31
1563,159.0,60.0,30
1564,226.0,322.0,124
1565,263.0,326.0,127
1566,318.0,1632.0,734
1567,102.0,10.0,6
1568,215.0,240.0,104
1569,120.0,28.0,15
1570,172.0,784.0,393
1571,159.0,164.0,83
1572,96.0,2.0,2
1573,199.0,664.0,333
1574,282.0,488.0,187
1575,310.0,812.0,266
1576,309.0,1168.0,454
1577,178.0,90.0,46
1578,145.0,92.0,47
1579,212.0,186.0,93
1580,197.0,166.0,83
1581,229.0,260.0,113
1582,174.0,84.0,43
1583,120.0,36.0,19
1584,112.0,110.0,56
1585,96.0,12.0,7
1586,151.0,1672.0,837
1587,73.0,2.0,2
1588,74.0,2.0,2
1589,299.0,708.0,200
1590,180.0,160.0,59
1591,261.0,432.0,156
1592,350.0,1330.0,385
1593,145.0,212.0,107
1594,286.0,1036.0,354
1595,128.0,50.0,26
1596,161.0,36.0,19
1597,188.0,144.0,69
1598,283.0,828.0,361
1599,159.0,134.0,68
1600,225.0,488.0,213
1601,215.0,882.0,414
1602,104.0,8.0,5
1603,122.0,34.0,18
1604,175.0,218.0,107
1605,219.0,240.0,107
1606,190.0,90.0,46
1607,285.0,1192.0,535
1608,186.0,98.0,48
1609,150.0,26.0,14
1610,193.0,168.0,79
1611,244.0,370.0,174
1612,187.0,184.0,92
1613,141.0,524.0,263
1614,147.0,1346.0,674
1615,107.0,48.0,25
1616,86.0,8.0,5
1617,264.0,590.0,145
1618,425.0,2338.0,325
1619,454.0,2170.0,305
1620,196.0,872.0,437
1621,402.0,2702.0,297
1622,228.0,722.0,342
1623,388.0,2372.0,272
1624,369.0,1784.0,231
1625,244.0,774.0,361
1626,291.0,822.0,177
1627,196.0,1828.0,915
1628,254.0,1190.0,548
1629,115.0,32.0,17
1630,160.0,76.0,37
1631,196.0,232.0,83
1632,323.0,1814.0,776
1633,141.0,38.0,20
1634,252.0,336.0,89
1635,146.0,126.0,64
1636,117.0,28.0,15
1637,207.0,134.0,63
1638,196.0,274.0,137
1639,323.0,676.0,154
1640,254.0,432.0,136
1641,254.0,318.0,115
1642,178.0,318.0,160
1643,309.0,628.0,204
1644,374.0,2364.0,669
1645,147.0,40.0,21
1646,74.0,2.0,2
1647,135.0,696.0,349
1648,122.0,184.0,93
1649,132.0,242.0,122
1650,142.0,874.0,438
1651,223.0,66.0,27
1652,261.0,710.0,245
1653,278.0,344.0,114
1654,277.0,598.0,139
1655,197.0,382.0,192
1656,274.0,658.0,191
1657,318.0,1026.0,225
1658,231.0,696.0,312
1659,324.0,638.0,179
1660,316.0,1334.0,448
1661,395.0,2182.0,300
1662,188.0,356.0,179
1663,245.0,344.0,165
1664,523.0,5046.0,560
1665,414.0,2892.0,326
1666,334.0,892.0,224
1667,229.0,800.0,391
1668,230.0,454.0,151
1669,298.0,1122.0,294
1670,247.0,556.0,190
1671,290.0,838.0,248
1672,233.0,376.0,134
1673,154.0,632.0,317
1674,277.0,680.0,166
1675,170.0,114.0,54
1676,156.0,470.0,236
1677,161.0,360.0,181
1678,206.0,1144.0,573
1679,109.0,14.0,8
1680,111.0,14.0,8
1681,183.0,1300.0,651
1682,101.0,4.0,3
1683,216.0,640.0,265
1684,253.0,408.0,141
1685,243.0,384.0,130
1686,373.0,1692.0,480
1687,309.0,672.0,177
1688,213.0,196.0,80
1689,126.0,354.0,178
1690,274.0,426.0,108
1691,282.0,784.0,208
1692,276.0,678.0,235
1693,357.0,1712.0,401
1694,125.0,30.0,16
1695,206.0,496.0,244
1696,152.0,122.0,62
1697,110.0,1618.0,810
1698,100.0,150.0,76
1699,299.0,902.0,335
1700,188.0,156.0,76
1701,179.0,78.0,39
1702,182.0,12.0,7
1703,324.0,1514.0,580
1704,56.0,116.0,59
1705,99.0,1954.0,978
1706,56.0,2.0,2
1707,68.0,38.0,20
1708,59.0,4.0,3
1709,88.0,2.0,2
1710,131.0,12.0,7
1711,302.0,1932.0,945
1712,144.0,16.0,9
1713,178.0,126.0,64
1714,284.0,818.0,215
1715,469.0,4290.0,494
1716,207.0,190.0,95
1717,283.0,882.0,203
1718,231.0,250.0,100
1719,215.0,336.0,160
1720,293.0,954.0,181
1721,91.0,2.0,2
1722,117.0,94.0,48
1723,144.0,448.0,225
1724,47.0,2.0,2
1725,168.0,1452.0,727
1726,226.0,480.0,177
1727,223.0,232.0,85
1728,288.0,662.0,217
1729,271.0,496.0,188
1730,204.0,148.0,75
1731,182.0,132.0,66
1732,240.0,360.0,157
1733,214.0,222.0,87
1734,116.0,44.0,23
1735,121.0,34.0,18
1736,138.0,158.0,80
1737,96.0,4.0,3
1738,198.0,1654.0,828
1739,131.0,104.0,53
1740,129.0,272.0,137
1741,147.0,178.0,90
1742,223.0,304.0,141
1743,322.0,548.0,105
1744,268.0,418.0,131
1745,178.0,316.0,159
1746,196.0,722.0,353
1747,128.0,14.0,8
1748,157.0,28.0,15
1749,170.0,302.0,152
1750,245.0,316.0,130
1751,292.0,558.0,168
1752,251.0,498.0,176
1753,317.0,554.0,182
1754,341.0,2560.0,665
1755,196.0,204.0,103
1756,167.0,126.0,63
1757,170.0,62.0,31
1758,213.0,1216.0,605
1759,137.0,8.0,5
1760,94.0,10.0,6
1761,184.0,144.0,70
1762,207.0,486.0,241
1763,173.0,136.0,69
1764,176.0,352.0,177
1765,123.0,20.0,11
1766,217.0,1406.0,690
1767,136.0,62.0,32
1768,146.0,214.0,108
1769,160.0,758.0,380
1770,176.0,192.0,97
1771,172.0,548.0,274
1772,143.0,84.0,43
1773,147.0,218.0,110
1774,272.0,700.0,221
1775,171.0,168.0,85
1776,265.0,852.0,314
1777,258.0,412.0,142
1778,267.0,408.0,159
1779,249.0,354.0,106
1780,107.0,368.0,185
1781,204.0,172.0,83
1782,132.0,1840.0,921
1783,97.0,122.0,62
1784,76.0,6.0,4
1785,77.0,30.0,16
1786,309.0,1242.0,493
1787,132.0,44.0,23
1788,168.0,102.0,52
1789,157.0,62.0,32
1790,162.0,62.0,32
1791,189.0,160.0,76
1792,204.0,164.0,74
1793,265.0,930.0,391
1794,189.0,136.0,66
1795,341.0,1748.0,281
1796,308.0,776.0,203
1797,229.0,782.0,388
1798,254.0,442.0,176
1799,259.0,680.0,289
1800,264.0,466.0,202
1801,163.0,380.0,188
1802,301.0,662.0,169
1803,260.0,584.0,184
1804,104.0,8.0,5
1805,179.0,576.0,289
1806,174.0,888.0,445
1807,55.0,2.0,2
1808,169.0,456.0,229
1809,104.0,66.0,34
1810,78.0,4.0,3
1811,162.0,776.0,389
1812,139.0,1072.0,537
1813,413.0,3384.0,331
1814,249.0,884.0,414
1815,307.0,1260.0,346
1816,393.0,1232.0,159
1817,257.0,498.0,218
1818,262.0,1392.0,640
1819,464.0,3508.0,397
1820,262.0,762.0,329
1821,286.0,854.0,404
1822,277.0,670.0,246
1823,315.0,2186.0,264
1824,197.0,326.0,164
1825,563.0,7336.0,662
1826,400.0,2296.0,350
1827,120.0,1968.0,985
1828,263.0,572.0,230
1829,215.0,640.0,314
1830,234.0,394.0,143
1831,291.0,1018.0,295
1832,251.0,622.0,208
1833,183.0,128.0,65
1834,222.0,858.0,427
1835,164.0,246.0,123
1836,101.0,8.0,5
1837,142.0,62.0,32
1838,305.0,1134.0,281
1839,168.0,294.0,148
1840,285.0,710.0,160
1841,226.0,438.0,212
1842,117.0,588.0,295
1843,404.0,2588.0,560
1844,176.0,430.0,214
1845,335.0,636.0,130
1846,188.0,260.0,131
1847,347.0,2602.0,326
1848,337.0,1336.0,320
1849,603.0,12410.0,542
1850,481.0,4904.0,563
1851,404.0,3288.0,408
1852,517.0,6802.0,449
1853,364.0,1794.0,405
1854,317.0,1812.0,579
1855,308.0,1536.0,628
1856,530.0,6428.0,441
1857,277.0,1780.0,841
1858,214.0,434.0,216
1859,116.0,46.0,24
1860,290.0,772.0,286
1861,253.0,562.0,228
1862,131.0,46.0,24
1863,150.0,50.0,25
1864,346.0,2758.0,352
1865,403.0,2474.0,299
1866,389.0,1878.0,210
1867,234.0,412.0,185
1868,353.0,1616.0,250
1869,280.0,1108.0,400
1870,525.0,5920.0,468
1871,369.0,2530.0,299
1872,298.0,1360.0,242
1873,248.0,610.0,231
1874,282.0,924.0,259
1875,272.0,404.0,150
1876,260.0,570.0,162
1877,134.0,102.0,52
1878,255.0,486.0,138
1879,202.0,170.0,83
1880,257.0,430.0,185
1881,256.0,318.0,126
1882,319.0,954.0,261
1883,225.0,118.0,37
1884,281.0,908.0,237
1885,377.0,1550.0,380
1886,278.0,680.0,207
1887,187.0,66.0,32
1888,324.0,1832.0,432
1889,176.0,998.0,500
1890,294.0,1002.0,264
1891,313.0,1390.0,392
1892,647.0,10898.0,639
1893,368.0,2186.0,518
1894,201.0,1850.0,926
1895,404.0,3700.0,309
1896,153.0,98.0,50
1897,129.0,4.0,3
1898,143.0,66.0,34
1899,204.0,242.0,121
1900,296.0,704.0,219
1901,268.0,366.0,151
1902,353.0,1370.0,528
1903,179.0,82.0,42
1904,253.0,302.0,118
1905,159.0,26.0,14
1906,198.0,118.0,60
1907,168.0,96.0,49
1908,260.0,650.0,235
1909,297.0,970.0,412
1910,149.0,38.0,20
1911,164.0,134.0,68
1912,177.0,208.0,104
1913,285.0,904.0,356
1914,94.0,34.0,18
1915,314.0,906.0,348
1916,178.0,80.0,41
1917,188.0,174.0,86
1918,240.0,524.0,216
1919,157.0,108.0,55
1920,241.0,346.0,162
1921,225.0,368.0,129
1922,242.0,468.0,112
1923,210.0,366.0,173
1924,264.0,564.0,136
1925,258.0,392.0,137
1926,207.0,278.0,85
1927,293.0,2084.0,453
1928,142.0,40.0,21
1929,220.0,570.0,277
1930,148.0,48.0,25
1931,216.0,256.0,123
1932,133.0,12.0,7
1933,111.0,26.0,14
1934,197.0,360.0,180
1935,215.0,354.0,178
1936,229.0,646.0,324
1937,193.0,646.0,324
1938,157.0,138.0,70
1939,182.0,114.0,57
1940,164.0,46.0,24
1941,282.0,1164.0,484
1942,167.0,82.0,41
1943,233.0,278.0,114
1944,145.0,16.0,9
1945,231.0,790.0,379
1946,154.0,76.0,39
1947,125.0,262.0,132
1948,182.0,182.0,91
1949,150.0,56.0,29
1950,372.0,2474.0,930
1951,139.0,52.0,27
1952,228.0,270.0,84
1953,127.0,12.0,7
1954,174.0,94.0,48
1955,296.0,814.0,198
1956,392.0,2920.0,583
1957,191.0,344.0,172
1958,151.0,398.0,200
1959,179.0,242.0,122
1960,140.0,146.0,74
1961,192.0,636.0,319
1962,211.0,176.0,84
1963,173.0,122.0,61
1964,245.0,1018.0,503
1965,237.0,452.0,209
1966,96.0,18.0,10
1967,124.0,6.0,4
1968,201.0,426.0,200
1969,245.0,346.0,123
1970,169.0,114.0,58
1971,121.0,22.0,12
1972,253.0,994.0,446
1973,166.0,98.0,50
1974,229.0,488.0,219
1975,136.0,56.0,29
1976,72.0,292.0,147
1977,83.0,538.0,270
1978,93.0,1166.0,584
1979,114.0,90.0,46
1980,101.0,34.0,18
1981,150.0,592.0,297
1982,166.0,1280.0,641
1983,58.0,2.0,2
1984,130.0,278.0,140
1985,313.0,902.0,253
1986,381.0,1490.0,263
1987,174.0,1066.0,534
1988,294.0,716.0,217
1989,232.0,516.0,249
1990,194.0,786.0,390
1991,247.0,438.0,205
1992,346.0,1766.0,297
1993,63.0,2.0,2
1994,61.0,4.0,3
1995,128.0,24.0,13
1996,186.0,1448.0,725
1997,161.0,350.0,176
1998,143.0,172.0,87
1999,64.0,2.0,2
2000,75.0,2.0,2
2001,98.0,8.0,5
2002,103.0,1996.0,999
2003,36.0,0.0,0
2004,50.0,2.0,2
2005,417.0,3944.0,341
2006,377.0,2568.0,293
2007,242.0,1196.0,589
2008,529.0,6510.0,501
2009,201.0,358.0,180
2010,229.0,256.0,124
2011,307.0,1014.0,296
2012,189.0,746.0,374
2013,254.0,1264.0,603
2014,249.0,580.0,249
2015,169.0,286.0,144
2016,329.0,1472.0,588
2017,148.0,38.0,20
2018,174.0,42.0,20
2019,168.0,18.0,10
2020,220.0,234.0,96
2021,215.0,240.0,117
2022,156.0,62.0,32
2023,194.0,148.0,73
2024,220.0,278.0,133
2025,151.0,46.0,24
2026,263.0,1304.0,630
2027,187.0,244.0,123
2028,214.0,952.0,475
2029,486.0,4720.0,553
2030,352.0,1050.0,227
2031,309.0,816.0,180
2032,232.0,356.0,166
2033,396.0,1822.0,215
2034,200.0,828.0,413
2035,298.0,876.0,314
2036,170.0,1728.0,865
2037,127.0,66.0,34
2038,100.0,6.0,4
2039,67.0,2.0,2
2040,122.0,78.0,40
2041,141.0,202.0,102
2042,170.0,1590.0,796
2043,88.0,2.0,2
2044,231.0,1396.0,697
2045,116.0,2.0,2
2046,149.0,46.0,24
2047,161.0,104.0,53
2048,241.0,130.0,58
2049,264.0,484.0,147
2050,256.0,438.0,184
2051,396.0,2686.0,563
2052,200.0,258.0,126
2053,159.0,790.0,396
2054,359.0,1484.0,281
2055,322.0,710.0,215
2056,180.0,198.0,100
2057,72.0,4.0,3
2058,226.0,1164.0,583
2059,144.0,32.0,17
2060,191.0,554.0,278
2061,223.0,250.0,114
2062,259.0,482.0,159
2063,264.0,420.0,165
2064,292.0,398.0,166
2065,317.0,706.0,199
2066,310.0,758.0,225
2067,210.0,624.0,310
2068,370.0,1766.0,318
2069,282.0,570.0,212
2070,234.0,220.0,101
2071,200.0,476.0,233
2072,162.0,92.0,47
2073,151.0,36.0,18
2074,122.0,52.0,27
2075,259.0,410.0,134
2076,221.0,340.0,108
2077,260.0,386.0,143
2078,277.0,634.0,237
2079,270.0,574.0,169
2080,172.0,166.0,80
2081,390.0,1718.0,460
2082,196.0,188.0,85
2083,190.0,168.0,85
2084,271.0,742.0,152
2085,180.0,670.0,336
2086,300.0,648.0,137
2087,410.0,3216.0,510
2088,121.0,178.0,90
2089,168.0,126.0,64
2090,409.0,2602.0,352
2091,134.0,2.0,2
2092,204.0,402.0,184
2093,79.0,32.0,17
2094,188.0,224.0,111
2095,272.0,1088.0,499
2096,180.0,256.0,112
2097,181.0,66.0,31
2098,60.0,388.0,195
2099,116.0,14.0,8
2100,180.0,56.0,25
2101,441.0,5042.0,424
2102,210.0,366.0,157
2103,286.0,1256.0,392
2104,356.0,2114.0,287
2105,587.0,6940.0,541
2106,279.0,638.0,265
2107,247.0,570.0,201
2108,114.0,322.0,162
2109,262.0,678.0,279
2110,246.0,1148.0,552
2111,287.0,1416.0,303
2112,234.0,388.0,195
2113,527.0,9290.0,682
2114,380.0,2402.0,260
2115,248.0,1740.0,827
2116,165.0,596.0,299
2117,492.0,5148.0,444
2118,484.0,5598.0,568
2119,409.0,2894.0,347
2120,151.0,1982.0,992
2121,362.0,2138.0,517
2122,417.0,4918.0,478
2123,333.0,1882.0,612
2124,237.0,1102.0,552
2125,137.0,66.0,34
2126,151.0,26.0,14
2127,255.0,1250.0,528
2128,116.0,342.0,172
2129,169.0,58.0,17
2130,177.0,176.0,89
2131,147.0,82.0,40
2132,311.0,1690.0,660
2133,210.0,334.0,154
2134,111.0,290.0,146
2135,144.0,496.0,249
2136,56.0,8.0,5
2137,200.0,148.0,70
2138,232.0,336.0,121
2139,220.0,260.0,113
2140,304.0,1106.0,432
2141,236.0,306.0,116
2142,256.0,624.0,246
2143,180.0,1488.0,745
2144,132.0,1974.0,988
2145,304.0,1256.0,366
2146,509.0,6988.0,537
2147,387.0,2552.0,295
2148,303.0,1076.0,221
2149,284.0,412.0,152
2150,286.0,1280.0,235
2151,414.0,2814.0,348
2152,228.0,964.0,479
2153,142.0,132.0,67
2154,184.0,208.0,105
2155,74.0,4.0,3
2156,141.0,70.0,36
2157,213.0,1026.0,513
2158,253.0,616.0,261
2159,242.0,580.0,238
2160,267.0,562.0,250
2161,236.0,358.0,152
2162,217.0,172.0,83
2163,125.0,78.0,40
2164,206.0,176.0,84
2165,310.0,938.0,261
2166,246.0,966.0,446
2167,237.0,742.0,372
2168,269.0,936.0,453
2169,476.0,4878.0,416
2170,359.0,1414.0,188
2171,158.0,348.0,175
2172,346.0,2356.0,263
2173,428.0,5634.0,367
2174,323.0,1034.0,272
2175,269.0,340.0,160
2176,444.0,5188.0,432
2177,393.0,3694.0,381
2178,372.0,2512.0,330
2179,248.0,612.0,293
2180,196.0,630.0,311
2181,324.0,1462.0,500
2182,255.0,312.0,117
2183,249.0,404.0,130
2184,198.0,130.0,60
2185,199.0,56.0,28
2186,208.0,124.0,60
2187,305.0,608.0,170
2188,263.0,528.0,181
2189,509.0,5750.0,435
2190,496.0,5420.0,484
2191,463.0,6562.0,415
2192,409.0,3290.0,332
2193,223.0,452.0,219
2194,335.0,1674.0,424
2195,181.0,964.0,483
2196,436.0,4564.0,369
2197,320.0,1144.0,290
2198,269.0,948.0,424
2199,223.0,432.0,196
2200,465.0,4440.0,588
2201,298.0,768.0,168
2202,109.0,776.0,389
2203,266.0,1048.0,492
2204,282.0,394.0,106
2205,164.0,200.0,99
2206,270.0,878.0,252
2207,148.0,56.0,29
2208,210.0,832.0,413
2209,205.0,258.0,127
2210,175.0,92.0,47
2211,211.0,502.0,248
2212,131.0,542.0,272
2213,113.0,512.0,257
2214,115.0,934.0,468
2215,229.0,376.0,187
2216,269.0,242.0,87
2217,483.0,3808.0,725
2218,228.0,242.0,99
2219,184.0,218.0,110
2220,244.0,154.0,68
2221,215.0,656.0,327
2222,129.0,36.0,14
2223,199.0,118.0,58
2224,115.0,10.0,6
2225,89.0,8.0,5
2226,242.0,518.0,233
2227,177.0,338.0,169
2228,269.0,396.0,133
2229,295.0,1382.0,386
2230,291.0,810.0,199
2231,219.0,188.0,91
2232,226.0,232.0,94
2233,197.0,178.0,85
2234,189.0,312.0,153
2235,136.0,456.0,229
2236,105.0,18.0,10
2237,139.0,38.0,20
2238,292.0,528.0,149
2239,232.0,274.0,118
2240,282.0,718.0,229
2241,206.0,136.0,68
2242,112.0,594.0,298
2243,316.0,868.0,279
2244,253.0,268.0,102
2245,213.0,220.0,98
2246,171.0,170.0,86
2247,136.0,68.0,35
2248,125.0,20.0,11
2249,237.0,218.0,97
2250,88.0,4.0,3
2251,235.0,1964.0,983
2252,76.0,2.0,2
2253,371.0,2682.0,508
2254,204.0,1252.0,626
2255,474.0,8344.0,536
2256,324.0,1004.0,185
2257,242.0,604.0,289
2258,342.0,968.0,151
2259,214.0,492.0,236
2260,380.0,3618.0,467
2261,519.0,6016.0,409
2262,375.0,1518.0,374
2263,343.0,1314.0,227
2264,262.0,300.0,95
2265,280.0,584.0,149
2266,278.0,834.0,311
2267,363.0,2450.0,355
2268,356.0,1482.0,281
2269,177.0,188.0,88
2270,215.0,222.0,90
2271,236.0,326.0,138
2272,78.0,6.0,4
2273,76.0,2.0,2
2274,137.0,424.0,213
2275,99.0,2.0,2
2276,148.0,1270.0,636
2277,125.0,300.0,151
2278,191.0,142.0,70
2279,315.0,938.0,247
2280,101.0,188.0,95
2281,186.0,302.0,142
2282,190.0,242.0,122
2283,303.0,1070.0,266
2284,317.0,708.0,209
2285,124.0,96.0,49
2286,184.0,336.0,154
2287,76.0,1872.0,937
2288,179.0,196.0,98
2289,332.0,2380.0,345
2290,419.0,2790.0,396
2291,161.0,146.0,72
2292,294.0,1328.0,245
2293,255.0,756.0,182
2294,199.0,104.0,51
2295,261.0,464.0,153
2296,307.0,1148.0,218
2297,205.0,286.0,142
2298,182.0,346.0,174
2299,235.0,288.0,105
2300,273.0,468.0,164
2301,303.0,902.0,154
2302,179.0,328.0,165
2303,167.0,486.0,243
2304,206.0,148.0,75
2305,386.0,2132.0,362
2306,366.0,2444.0,389
2307,306.0,864.0,171
2308,270.0,468.0,198
2309,158.0,82.0,42
2310,156.0,1444.0,723
2311,281.0,446.0,105
2312,194.0,542.0,270
2313,215.0,308.0,99
2314,419.0,1562.0,345
2315,142.0,528.0,265
2316,237.0,476.0,167
2317,267.0,512.0,184
2318,295.0,514.0,140
2319,175.0,280.0,141
2320,267.0,416.0,119
2321,330.0,1136.0,304
2322,181.0,202.0,100
2323,272.0,466.0,125
2324,321.0,1212.0,272
2325,358.0,2562.0,537
2326,200.0,272.0,133
2327,262.0,924.0,383
2328,264.0,498.0,184
2329,185.0,176.0,89
2330,107.0,4.0,3
2331,202.0,184.0,93
2332,222.0,600.0,300
2333,80.0,2.0,2
2334,264.0,348.0,120
2335,154.0,244.0,123
2336,281.0,438.0,171
2337,392.0,2088.0,690
2338,191.0,60.0,26
2339,200.0,298.0,124
2340,171.0,0.0,0
2341,199.0,362.0,175
2342,219.0,228.0,103
2343,152.0,54.0,28
2344,125.0,74.0,38
2345,190.0,274.0,138
2346,252.0,604.0,190
2347,320.0,1104.0,318
2348,235.0,428.0,126
2349,245.0,396.0,180
2350,159.0,88.0,45
2351,287.0,614.0,196
2352,350.0,1230.0,343
2353,311.0,478.0,144
2354,171.0,178.0,89
2355,233.0,274.0,97
2356,249.0,268.0,110
2357,201.0,240.0,86
2358,287.0,596.0,219
2359,172.0,74.0,38
2360,186.0,302.0,146
2361,144.0,76.0,39
2362,81.0,2.0,2
2363,195.0,530.0,266
2364,272.0,1196.0,319
2365,451.0,3406.0,339
2366,227.0,828.0,410
2367,279.0,808.0,372
2368,242.0,640.0,282
2369,360.0,1136.0,277
2370,253.0,2010.0,438
2371,145.0,450.0,226
2372,174.0,498.0,250
2373,119.0,34.0,18
2374,419.0,1908.0,337
2375,322.0,1088.0,217
2376,278.0,1084.0,180
2377,439.0,3570.0,431
2378,278.0,1098.0,201
2379,283.0,432.0,132
2380,308.0,1002.0,379
2381,158.0,432.0,217
2382,207.0,1452.0,727
2383,299.0,888.0,186
2384,167.0,50.0,26
2385,212.0,216.0,106
2386,210.0,182.0,87
2387,117.0,28.0,15
2388,175.0,142.0,72
2389,135.0,24.0,9
2390,158.0,66.0,25
2391,186.0,310.0,87
2392,69.0,1610.0,806
2393,228.0,2228.0,619
2394,165.0,46.0,24
2395,165.0,28.0,15
2396,97.0,2.0,2
2397,261.0,1768.0,885
2398,122.0,128.0,65
2399,107.0,18.0,10
2400,68.0,2.0,2
2401,163.0,1578.0,790
2402,331.0,774.0,213
2403,216.0,680.0,341
2404,203.0,650.0,326
2405,222.0,186.0,76
2406,286.0,746.0,173
2407,379.0,2910.0,431
2408,297.0,1182.0,410
2409,511.0,6318.0,512
2410,243.0,1134.0,549
2411,353.0,1488.0,311
2412,354.0,2132.0,260
2413,315.0,1374.0,218
2414,125.0,1558.0,780
2415,240.0,624.0,279
2416,207.0,364.0,101
2417,214.0,770.0,205
2418,135.0,48.0,25
2419,88.0,28.0,15
2420,185.0,310.0,75
2421,235.0,1158.0,310
2422,387.0,2126.0,593
2423,322.0,1456.0,550
2424,371.0,1548.0,337
2425,199.0,1518.0,760
2426,353.0,660.0,77
2427,596.0,9402.0,672
2428,254.0,1338.0,654
2429,295.0,294.0,77
2430,205.0,324.0,149
2431,356.0,1544.0,234
2432,419.0,2038.0,357
2433,243.0,250.0,95
2434,198.0,198.0,100
2435,159.0,170.0,85
2436,241.0,220.0,84
2437,236.0,330.0,137
2438,177.0,120.0,61
2439,353.0,1674.0,592
2440,248.0,438.0,160
2441,132.0,86.0,44
2442,165.0,1352.0,677
2443,259.0,438.0,128
2444,303.0,862.0,171
2445,323.0,1564.0,196
2446,341.0,1870.0,292
2447,325.0,1258.0,254
2448,193.0,940.0,470
2449,149.0,60.0,31
2450,153.0,150.0,76
2451,192.0,446.0,224
2452,190.0,344.0,173
2453,58.0,1966.0,984
2454,48.0,32.0,17
2455,255.0,352.0,113
2456,323.0,1466.0,252
2457,428.0,2296.0,449
2458,233.0,538.0,109
2459,221.0,708.0,268
2460,187.0,174.0,83
2461,176.0,128.0,62
2462,186.0,92.0,45
2463,208.0,566.0,248
2464,141.0,80.0,41
2465,477.0,5622.0,488
2466,371.0,2122.0,254
2467,349.0,2594.0,372
2468,248.0,1344.0,598
2469,231.0,996.0,490
2470,257.0,568.0,175
2471,173.0,102.0,50
2472,213.0,446.0,166
2473,123.0,38.0,20
2474,230.0,272.0,97
2475,333.0,1634.0,405
2476,262.0,394.0,132
2477,84.0,286.0,144
2478,191.0,418.0,112
2479,155.0,134.0,68
2480,358.0,1998.0,509
2481,199.0,544.0,272
2482,158.0,44.0,23
2483,128.0,16.0,9
2484,175.0,282.0,142
2485,295.0,456.0,197
2486,148.0,430.0,216
2487,409.0,4192.0,664
2488,181.0,680.0,340
2489,229.0,258.0,116
2490,256.0,608.0,117
2491,249.0,732.0,186
2492,141.0,236.0,119
2493,548.0,11704.0,509
2494,228.0,670.0,317
2495,725.0,15486.0,603
2496,238.0,1204.0,595
2497,293.0,1224.0,273
2498,357.0,2232.0,260
2499,237.0,270.0,120
2500,133.0,132.0,67
2501,348.0,2158.0,647
2502,184.0,204.0,103
2503,198.0,260.0,130
2504,283.0,570.0,182
2505,201.0,114.0,55
2506,126.0,70.0,36
2507,196.0,150.0,73
2508,192.0,618.0,290
2509,121.0,44.0,23
2510,149.0,108.0,55
2511,231.0,608.0,273
2512,137.0,54.0,28
2513,146.0,102.0,50
2514,224.0,150.0,60
2515,274.0,338.0,116
2516,266.0,586.0,182
2517,215.0,544.0,269
2518,160.0,94.0,44
2519,175.0,114.0,58
2520,149.0,408.0,205
2521,139.0,102.0,52
2522,191.0,744.0,373
2523,155.0,466.0,234
2524,151.0,598.0,300
2525,139.0,88.0,45
2526,130.0,52.0,27
2527,142.0,568.0,285
2528,94.0,36.0,19
2529,257.0,622.0,235
2530,313.0,1738.0,749
2531,189.0,162.0,82
2532,150.0,18.0,10
2533,224.0,276.0,119
2534,235.0,298.0,140
2535,232.0,322.0,134
2536,244.0,344.0,124
2537,82.0,6.0,4
2538,125.0,26.0,14
2539,237.0,242.0,103
2540,292.0,578.0,205
2541,317.0,894.0,211
2542,321.0,1128.0,251
2543,358.0,1164.0,232
2544,168.0,82.0,42
2545,190.0,328.0,165
2546,137.0,28.0,15
2547,188.0,262.0,132
2548,205.0,1044.0,516
2549,255.0,442.0,149
2550,218.0,316.0,129
2551,214.0,190.0,61
2552,321.0,1048.0,277
2553,86.0,44.0,23
2554,187.0,152.0,77
2555,329.0,1394.0,378
2556,262.0,1026.0,261
2557,409.0,2350.0,300
2558,126.0,134.0,68
2559,386.0,2570.0,415
2560,245.0,464.0,108
2561,364.0,1178.0,232
2562,232.0,1066.0,371
2563,151.0,56.0,29
2564,189.0,340.0,171
2565,313.0,1366.0,314
2566,180.0,690.0,346
2567,182.0,574.0,288
2568,683.0,7268.0,631
2569,256.0,536.0,263
2570,294.0,1528.0,277
2571,258.0,456.0,159
2572,184.0,130.0,62
2573,215.0,374.0,99
2574,186.0,120.0,58
2575,152.0,48.0,25
2576,261.0,458.0,181
2577,236.0,360.0,144
2578,258.0,402.0,129
2579,244.0,398.0,140
2580,282.0,422.0,166
2581,153.0,276.0,139
2582,188.0,208.0,103
2583,103.0,540.0,271
2584,257.0,394.0,125
2585,347.0,2022.0,619
2586,169.0,138.0,69
2587,170.0,562.0,280
2588,242.0,186.0,68
2589,196.0,168.0,77
2590,202.0,536.0,268
2591,384.0,1440.0,436
2592,210.0,502.0,239
2593,253.0,138.0,42
2594,145.0,52.0,27
2595,261.0,592.0,166
2596,226.0,216.0,103
2597,248.0,740.0,356
2598,143.0,68.0,35
2599,215.0,206.0,92
2600,196.0,584.0,292
2601,131.0,62.0,32
2602,242.0,334.0,112
2603,229.0,388.0,153
2604,239.0,532.0,241
2605,297.0,706.0,206
2606,251.0,428.0,109
2607,261.0,452.0,204
2608,221.0,166.0,76
2609,240.0,340.0,143
2610,188.0,150.0,73
2611,254.0,498.0,234
2612,235.0,274.0,132
2613,223.0,1588.0,795
2614,92.0,2.0,2
2615,115.0,8.0,5
2616,149.0,40.0,21
2617,473.0,4242.0,605
2618,229.0,374.0,163
2619,328.0,1978.0,324
2620,85.0,1014.0,508
2621,254.0,506.0,135
2622,157.0,1378.0,690
2623,227.0,360.0,146
2624,287.0,748.0,262
2625,162.0,442.0,222
2626,159.0,344.0,173
2627,247.0,518.0,177
2628,213.0,1016.0,483
2629,494.0,4922.0,556
2630,312.0,890.0,248
2631,254.0,564.0,138
2632,419.0,3760.0,380
2633,235.0,534.0,168
2634,237.0,676.0,189
2635,155.0,166.0,84
2636,332.0,1690.0,577
2637,343.0,2084.0,405
2638,323.0,1490.0,607
2639,438.0,3512.0,380
2640,457.0,2640.0,322
2641,404.0,2864.0,815
2642,479.0,5438.0,679
2643,325.0,1754.0,521
2644,433.0,5406.0,374
2645,336.0,1138.0,419
2646,344.0,966.0,387
2647,156.0,118.0,60
2648,152.0,116.0,59
2649,129.0,0.0,0
2650,246.0,340.0,140
2651,282.0,1024.0,395
2652,201.0,210.0,84
2653,223.0,296.0,117
2654,269.0,284.0,96
2655,114.0,190.0,96
2656,211.0,230.0,108
2657,251.0,628.0,255
2658,112.0,38.0,20
2659,136.0,600.0,301
2660,92.0,6.0,4
2661,60.0,2.0,2
2662,210.0,1430.0,684
2663,322.0,1488.0,196
2664,544.0,6824.0,620
2665,332.0,2092.0,269
2666,312.0,1656.0,218
2667,146.0,806.0,404
2668,174.0,348.0,175
2669,102.0,194.0,98
2670,76.0,8.0,5
2671,111.0,54.0,28
2672,133.0,606.0,304
2673,149.0,28.0,15
2674,114.0,8.0,5
2675,149.0,30.0,16
2676,149.0,156.0,79
2677,162.0,112.0,55
2678,186.0,352.0,176
2679,217.0,1078.0,538
2680,146.0,48.0,25
2681,145.0,1636.0,819
2682,102.0,22.0,12
2683,99.0,62.0,32
2684,260.0,680.0,213
2685,510.0,5358.0,619
2686,202.0,510.0,251
2687,372.0,2886.0,349
2688,65.0,1882.0,942
2689,281.0,912.0,231
2690,230.0,454.0,183
2691,274.0,846.0,209
2692,417.0,4150.0,580
2693,263.0,666.0,245
2694,268.0,620.0,224
2695,345.0,528.0,95
2696,280.0,566.0,152
2697,126.0,826.0,414
2698,323.0,826.0,161
2699,216.0,680.0,306
2700,263.0,860.0,409
2701,101.0,10.0,6
2702,167.0,70.0,36
2703,179.0,328.0,162
2704,131.0,56.0,29
2705,132.0,26.0,14
2706,185.0,362.0,182
2707,109.0,4.0,3
2708,208.0,268.0,135
2709,271.0,460.0,195
2710,185.0,102.0,52
2711,182.0,118.0,57
2712,212.0,174.0,73
2713,305.0,776.0,294
2714,133.0,14.0,8
2715,240.0,214.0,85
2716,277.0,636.0,261
2717,283.0,436.0,173
2718,311.0,696.0,221
2719,191.0,162.0,81
2720,120.0,20.0,11
2721,189.0,204.0,90
2722,214.0,274.0,117
2723,310.0,1620.0,606
2724,182.0,138.0,63
2725,193.0,164.0,81
2726,190.0,138.0,61
2727,116.0,24.0,13
2728,114.0,24.0,13
2729,116.0,52.0,27
2730,142.0,78.0,40
2731,94.0,2.0,2
2732,136.0,58.0,30
2733,304.0,930.0,211
2734,259.0,526.0,156
2735,266.0,488.0,204
2736,158.0,46.0,24
2737,155.0,402.0,202
2738,313.0,1042.0,294
2739,154.0,208.0,105
2740,307.0,862.0,269
2741,138.0,48.0,25
2742,239.0,574.0,185
2743,218.0,396.0,133
2744,175.0,312.0,155
2745,306.0,1370.0,422
2746,70.0,1204.0,603
2747,65.0,792.0,397
2748,40.0,2.0,2
2749,123.0,102.0,52
2750,121.0,74.0,38
2751,174.0,942.0,472
2752,379.0,2638.0,396
2753,280.0,710.0,105
2754,275.0,558.0,183
2755,210.0,422.0,156
2756,330.0,2214.0,361
2757,105.0,556.0,279
2758,312.0,1304.0,356
2759,145.0,34.0,17
2760,309.0,2200.0,582
2761,176.0,86.0,30
2762,199.0,198.0,90
2763,141.0,8.0,5
2764,132.0,40.0,21
2765,256.0,662.0,286
2766,188.0,106.0,53
2767,194.0,114.0,40
2768,183.0,184.0,85
2769,251.0,374.0,167
2770,273.0,800.0,346
2771,207.0,152.0,66
2772,463.0,5528.0,413
2773,422.0,3176.0,527
2774,346.0,1912.0,523
2775,309.0,1438.0,516
2776,444.0,3544.0,578
2777,290.0,1820.0,896
2778,312.0,1104.0,512
2779,216.0,1594.0,798
2780,353.0,1874.0,498
2781,345.0,1888.0,395
2782,500.0,5784.0,613
2783,170.0,56.0,29
2784,127.0,34.0,18
2785,208.0,252.0,121
2786,215.0,500.0,231
2787,194.0,178.0,83
2788,107.0,152.0,77
2789,48.0,2.0,2
2790,227.0,1042.0,506
2791,174.0,288.0,143
2792,98.0,22.0,12
2793,155.0,60.0,31
2794,186.0,298.0,145
2795,160.0,144.0,73
2796,127.0,24.0,13
2797,187.0,326.0,164
2798,180.0,84.0,42
2799,180.0,602.0,301
2800,149.0,60.0,31
2801,191.0,154.0,75
2802,202.0,142.0,65
2803,175.0,172.0,86
2804,203.0,140.0,69
2805,270.0,392.0,146
2806,271.0,1036.0,394
2807,143.0,102.0,52
2808,184.0,196.0,96
2809,145.0,44.0,23
2810,175.0,122.0,62
2811,189.0,176.0,89
2812,201.0,226.0,111
2813,172.0,60.0,31
2814,163.0,116.0,59
2815,233.0,996.0,489
2816,206.0,302.0,147
2817,185.0,88.0,45
2818,206.0,258.0,129
2819,226.0,292.0,129
2820,246.0,448.0,202
2821,235.0,802.0,397
2822,71.0,2.0,2
2823,274.0,634.0,256
2824,377.0,1538.0,252
2825,234.0,304.0,98
2826,450.0,3802.0,411
2827,238.0,1488.0,735
2828,331.0,1096.0,310
2829,44.0,6.0,4
2830,189.0,572.0,285
2831,131.0,24.0,13
2832,173.0,640.0,321
2833,156.0,1024.0,513
2834,134.0,310.0,156
2835,316.0,1262.0,275
2836,435.0,3334.0,430
2837,261.0,680.0,226
2838,281.0,650.0,171
2839,274.0,738.0,182
2840,318.0,1342.0,190
2841,248.0,334.0,97
2842,329.0,1180.0,232
2843,460.0,3656.0,570
2844,170.0,412.0,207
2845,181.0,356.0,179
2846,336.0,1406.0,243
2847,310.0,872.0,254
2848,224.0,222.0,107
2849,298.0,1052.0,262
2850,238.0,182.0,88
2851,259.0,562.0,182
2852,184.0,306.0,151
2853,257.0,210.0,77
2854,288.0,950.0,269
2855,195.0,138.0,68
2856,235.0,490.0,156
2857,305.0,1226.0,319
2858,134.0,656.0,329
2859,208.0,248.0,113
2860,329.0,1172.0,281
2861,187.0,182.0,92
2862,135.0,48.0,25
2863,84.0,2.0,2
2864,148.0,50.0,25
2865,216.0,328.0,161
2866,241.0,630.0,302
2867,161.0,82.0,42
2868,214.0,236.0,116
2869,241.0,846.0,398
2870,128.0,58.0,30
2871,158.0,60.0,31
2872,174.0,44.0,23
2873,193.0,254.0,128
2874,346.0,1520.0,660
2875,142.0,50.0,26
2876,118.0,20.0,11
2877,265.0,492.0,142
2878,214.0,708.0,345
2879,183.0,458.0,229
2880,180.0,62.0,27
2881,389.0,2826.0,411
2882,271.0,792.0,231
2883,237.0,608.0,290
2884,307.0,1126.0,200
2885,287.0,792.0,233
2886,255.0,638.0,172
2887,100.0,86.0,44
2888,157.0,16.0,9
2889,271.0,706.0,229
2890,306.0,924.0,217
2891,154.0,56.0,28
2892,234.0,314.0,96
2893,211.0,164.0,55
2894,110.0,1918.0,960
2895,268.0,428.0,122
2896,124.0,92.0,47
2897,169.0,878.0,440
2898,66.0,2.0,2
2899,220.0,1794.0,896
2900,441.0,3862.0,493
2901,387.0,2564.0,596
2902,574.0,13642.0,500
2903,312.0,2134.0,736
2904,233.0,1964.0,983
2905,164.0,1936.0,969
2906,361.0,1970.0,497
2907,107.0,14.0,8
2908,118.0,76.0,39
2909,69.0,14.0,8
2910,90.0,466.0,234
2911,129.0,1204.0,603
2912,95.0,198.0,100
2913,151.0,66.0,33
2914,199.0,402.0,198
2915,136.0,28.0,14
2916,77.0,2.0,2
2917,130.0,66.0,34
2918,139.0,40.0,20
2919,226.0,292.0,129
2920,136.0,32.0,17
2921,216.0,402.0,185
2922,249.0,310.0,111
2923,135.0,18.0,10
2924,212.0,886.0,439
2925,170.0,306.0,154
2926,110.0,10.0,6
2927,341.0,2564.0,351
2928,562.0,8174.0,624
2929,314.0,1396.0,256
2930,326.0,2766.0,274
2931,157.0,546.0,274
2932,322.0,1354.0,433
2933,375.0,2092.0,304
2934,216.0,228.0,97
2935,110.0,4.0,3
2936,128.0,24.0,13
2937,149.0,176.0,89
2938,151.0,52.0,27
2939,187.0,458.0,230
2940,257.0,484.0,179
2941,151.0,66.0,34
2942,270.0,800.0,328
2943,172.0,130.0,66
2944,128.0,40.0,21
2945,174.0,56.0,21
2946,310.0,3078.0,707
2947,122.0,260.0,131
2948,241.0,442.0,123
2949,209.0,120.0,34
2950,197.0,414.0,96
2951,205.0,334.0,86
2952,236.0,518.0,163
2953,255.0,384.0,142
2954,342.0,1480.0,236
2955,189.0,92.0,47
2956,352.0,1566.0,317
2957,328.0,1094.0,174
2958,241.0,1258.0,621
2959,463.0,4666.0,423
2960,381.0,1400.0,190
2961,249.0,734.0,324
2962,364.0,1820.0,262
2963,357.0,2502.0,382
2964,136.0,216.0,109
2965,247.0,390.0,146
2966,160.0,1644.0,823
2967,296.0,882.0,182
2968,218.0,418.0,161
2969,209.0,208.0,83
2970,192.0,182.0,87
2971,158.0,508.0,255
2972,211.0,138.0,58
2973,372.0,2062.0,649
2974,176.0,50.0,23
2975,247.0,322.0,127
2976,223.0,244.0,106
2977,294.0,1174.0,460
2978,144.0,30.0,16
2979,208.0,188.0,87
2980,272.0,644.0,204
2981,112.0,192.0,97
2982,221.0,246.0,105
2983,372.0,1432.0,251
2984,277.0,666.0,225
2985,136.0,1116.0,559
2986,296.0,920.0,219
2987,141.0,1208.0,605
2988,203.0,772.0,384
2989,306.0,1924.0,334
2990,131.0,238.0,120
2991,154.0,1168.0,585
2992,133.0,590.0,296
2993,246.0,318.0,97
2994,341.0,1562.0,308
2995,305.0,1130.0,234
2996,167.0,74.0,38
2997,199.0,458.0,219
2998,170.0,200.0,100
2999,170.0,112.0,48
3000,305.0,1810.0,464
3001,142.0,62.0,32
3002,173.0,296.0,147
3003,318.0,1548.0,272
3004,230.0,304.0,126
3005,225.0,812.0,392
3006,185.0,170.0,80
3007,143.0,110.0,56
3008,142.0,34.0,18
3009,188.0,1280.0,641
3010,156.0,452.0,227
3011,349.0,1810.0,244
3012,228.0,270.0,123
3013,498.0,4498.0,531
3014,251.0,712.0,145
3015,272.0,492.0,171
3016,339.0,948.0,224
3017,183.0,182.0,92
3018,326.0,1170.0,211
3019,388.0,1722.0,277
3020,267.0,706.0,154
3021,535.0,6024.0,739
3022,370.0,1544.0,364
3023,380.0,1890.0,646
3024,529.0,5940.0,614
3025,388.0,2650.0,415
3026,334.0,1846.0,858
3027,474.0,3538.0,756
3028,462.0,3906.0,515
3029,145.0,176.0,89
3030,408.0,2288.0,544
3031,337.0,1138.0,298
3032,194.0,108.0,54
3033,200.0,280.0,121
3034,180.0,90.0,46
3035,178.0,100.0,50
3036,352.0,1584.0,484
3037,236.0,370.0,151
3038,276.0,710.0,228
3039,190.0,380.0,191
3040,296.0,880.0,185
3041,272.0,456.0,146
3042,237.0,688.0,315
3043,283.0,426.0,107
3044,93.0,4.0,3
3045,180.0,100.0,49
3046,130.0,22.0,12
3047,84.0,6.0,4
3048,129.0,1470.0,736
3049,142.0,64.0,33
3050,270.0,600.0,284
3051,169.0,552.0,277
3052,388.0,2250.0,308
3053,262.0,670.0,304
3054,254.0,748.0,314
3055,293.0,1304.0,274
3056,195.0,184.0,93
3057,209.0,448.0,220
3058,229.0,420.0,192
3059,94.0,2.0,2
3060,161.0,70.0,36
3061,136.0,32.0,17
3062,128.0,12.0,7
3063,333.0,530.0,220
3064,262.0,230.0,79
3065,335.0,824.0,277
3066,196.0,62.0,32
3067,277.0,394.0,122
3068,261.0,698.0,201
3069,247.0,576.0,187
3070,256.0,846.0,345
3071,300.0,920.0,265
3072,254.0,340.0,126
3073,213.0,226.0,106
3074,187.0,116.0,55
3075,346.0,1390.0,479
3076,259.0,532.0,200
3077,152.0,188.0,95
3078,238.0,284.0,114
3079,162.0,152.0,77
3080,180.0,100.0,51
3081,200.0,156.0,71
3082,370.0,2956.0,749
3083,156.0,48.0,25
3084,167.0,236.0,119
3085,171.0,482.0,241
3086,222.0,1284.0,643
3087,446.0,3778.0,480
3088,269.0,1698.0,831
3089,348.0,706.0,313
3090,241.0,1074.0,521
3091,397.0,3096.0,456
3092,255.0,524.0,240
3093,456.0,3122.0,526
3094,311.0,1302.0,480
3095,249.0,728.0,313
3096,166.0,56.0,29
3097,227.0,290.0,133
3098,216.0,208.0,97
3099,222.0,1636.0,818
3100,137.0,1726.0,864
3101,425.0,4982.0,483
3102,336.0,1204.0,318
3103,431.0,3714.0,389
3104,237.0,794.0,374
3105,215.0,364.0,134
3106,242.0,760.0,357
3107,154.0,18.0,10
3108,298.0,1250.0,415
3109,260.0,428.0,150
3110,197.0,110.0,55
3111,195.0,530.0,225
3112,337.0,1378.0,500
3113,271.0,730.0,238
3114,214.0,146.0,73
3115,167.0,166.0,84
3116,165.0,148.0,74
3117,125.0,136.0,69
3118,286.0,720.0,239
3119,240.0,388.0,146
3120,205.0,260.0,116
3121,226.0,244.0,108
3122,204.0,722.0,360
3123,144.0,104.0,53
3124,163.0,138.0,70
3125,111.0,4.0,3
3126,229.0,1078.0,522
3127,138.0,48.0,25
3128,197.0,374.0,180
3129,110.0,94.0,48
3130,99.0,16.0,9
3131,63.0,2.0,2
3132,350.0,1542.0,698
3133,133.0,16.0,9
3134,256.0,446.0,197
3135,221.0,192.0,87
3136,154.0,62.0,32
3137,75.0,0.0,0
3138,133.0,34.0,18
3139,258.0,1030.0,495
3140,161.0,92.0,45
3141,194.0,122.0,61
3142,173.0,170.0,86
3143,191.0,248.0,125
3144,263.0,374.0,149
3145,366.0,1894.0,353
3146,377.0,1576.0,252
3147,379.0,1792.0,390
3148,264.0,432.0,205
3149,214.0,266.0,83
3150,377.0,1718.0,318
3151,214.0,1772.0,880
3152,291.0,774.0,186
3153,388.0,1230.0,271
3154,179.0,124.0,63
3155,138.0,14.0,8
3156,238.0,372.0,172
3157,179.0,60.0,31
3158,162.0,68.0,35
3159,184.0,96.0,48
3160,189.0,178.0,90
3161,251.0,454.0,142
3162,430.0,1432.0,512
3163,309.0,744.0,158
3164,139.0,88.0,45
3165,341.0,730.0,185
3166,397.0,1814.0,256
3167,258.0,1110.0,528
3168,349.0,904.0,202
3169,236.0,442.0,196
3170,264.0,600.0,284
3171,413.0,1902.0,244
3172,158.0,32.0,17
3173,172.0,44.0,23
3174,191.0,370.0,184
3175,248.0,732.0,314
3176,73.0,8.0,5
3177,180.0,58.0,30
3178,227.0,134.0,57
3179,164.0,114.0,58
3180,76.0,2.0,2
3181,66.0,2.0,2
3182,72.0,2.0,2
3183,289.0,532.0,149
3184,316.0,888.0,215
3185,255.0,600.0,274
3186,201.0,140.0,65
3187,187.0,302.0,151
3188,188.0,364.0,181
3189,421.0,2782.0,588
3190,356.0,2198.0,655
3191,449.0,5850.0,361
3192,537.0,5944.0,513
3193,370.0,2614.0,806
3194,375.0,2166.0,514
3195,456.0,3378.0,390
3196,459.0,4874.0,430
3197,108.0,26.0,14
3198,139.0,184.0,93
3199,116.0,10.0,6
3200,175.0,138.0,70
3201,347.0,1396.0,386
3202,283.0,294.0,88
3203,273.0,552.0,142
3204,294.0,470.0,153
3205,182.0,358.0,122
3206,330.0,1010.0,336
3207,273.0,434.0,98
3208,160.0,256.0,129
3209,173.0,778.0,390
3210,299.0,664.0,155
3211,221.0,294.0,122
3212,354.0,1412.0,241
3213,422.0,3280.0,414
3214,193.0,336.0,158
3215,176.0,88.0,45
3216,247.0,274.0,104
3217,274.0,468.0,172
3218,303.0,1382.0,378
3219,252.0,462.0,173
3220,117.0,388.0,195
3221,258.0,476.0,149
3222,309.0,984.0,268
3223,173.0,68.0,35
3224,212.0,1406.0,704
3225,82.0,2.0,2
3226,92.0,2.0,2
3227,283.0,536.0,198
3228,214.0,228.0,95
3229,273.0,692.0,216
3230,253.0,328.0,107
3231,100.0,932.0,467
3232,272.0,678.0,193
3233,296.0,708.0,221
3234,192.0,174.0,83
3235,276.0,1110.0,282
3236,68.0,2.0,2
3237,270.0,1834.0,899
3238,42.0,0.0,0
3239,175.0,602.0,300
3240,187.0,822.0,408
3241,109.0,14.0,8
3242,231.0,326.0,131
3243,187.0,216.0,107
3244,238.0,504.0,235
3245,218.0,440.0,220
3246,132.0,16.0,9
3247,253.0,972.0,487
3248,193.0,154.0,61
3249,203.0,78.0,32
3250,143.0,514.0,258
3251,276.0,1394.0,518
3252,171.0,22.0,12
3253,138.0,134.0,68
3254,270.0,974.0,401
3255,168.0,106.0,53
3256,156.0,80.0,41
3257,149.0,66.0,34
3258,187.0,272.0,136
3259,147.0,8.0,5
3260,274.0,612.0,278
3261,112.0,48.0,25
3262,264.0,654.0,308
3263,171.0,94.0,48
3264,193.0,198.0,100
3265,166.0,102.0,52
3266,204.0,734.0,330
3267,298.0,1082.0,220
3268,312.0,876.0,128
3269,216.0,1078.0,538
3270,176.0,202.0,98
3271,162.0,62.0,31
3272,89.0,2.0,2
3273,103.0,26.0,14
3274,171.0,1896.0,949
3275,111.0,72.0,37
3276,203.0,1164.0,580
3277,87.0,2.0,2
3278,89.0,4.0,3
3279,48.0,2.0,2
3280,82.0,2.0,2
3281,116.0,22.0,12
3282,119.0,12.0,7
3283,192.0,540.0,270
3284,157.0,182.0,92
3285,129.0,298.0,150
3286,148.0,1090.0,546
3287,119.0,262.0,132
3288,97.0,12.0,7
3289,211.0,868.0,427
3290,150.0,74.0,38
3291,90.0,6.0,4
3292,85.0,2.0,2
3293,153.0,106.0,53
3294,376.0,2398.0,394
3295,217.0,174.0,79
3296,296.0,1538.0,311
3297,254.0,414.0,138
3298,251.0,474.0,108
3299,240.0,294.0,111
3300,252.0,338.0,126
3301,251.0,330.0,95
3302,183.0,52.0,25
3303,222.0,372.0,184
3304,206.0,420.0,205
3305,234.0,810.0,395
3306,141.0,34.0,18
3307,111.0,4.0,3
3308,220.0,1520.0,756
3309,163.0,1386.0,694
3310,65.0,2.0,2
3311,56.0,2.0,2
3312,132.0,608.0,305
3313,339.0,1812.0,249
3314,176.0,1318.0,660
3315,341.0,1744.0,245
3316,151.0,68.0,35
3317,160.0,616.0,309
3318,308.0,1480.0,459
3319,546.0,7880.0,661
3320,234.0,746.0,364
3321,199.0,994.0,488
3322,224.0,658.0,314
3323,297.0,636.0,248
3324,157.0,968.0,485
3325,225.0,982.0,413
3326,185.0,314.0,158
3327,223.0,252.0,100
3328,270.0,358.0,121
3329,263.0,362.0,128
3330,305.0,656.0,217
3331,263.0,530.0,193
3332,390.0,2632.0,941
3333,158.0,28.0,13
3334,122.0,14.0,8
3335,27.0,0.0,0
3336,63.0,118.0,60
3337,243.0,290.0,87
3338,167.0,124.0,53
3339,168.0,592.0,297
3340,255.0,686.0,212
3341,239.0,398.0,152
3342,255.0,258.0,84
3343,267.0,298.0,134
3344,283.0,582.0,157
3345,200.0,94.0,42
3346,257.0,830.0,298
3347,86.0,606.0,304
3348,252.0,750.0,274
3349,111.0,56.0,29
3350,103.0,36.0,19
3351,168.0,1890.0,946
3352,90.0,4.0,3
3353,243.0,942.0,472
3354,114.0,2.0,2
3355,209.0,158.0,80
3356,256.0,814.0,398
3357,133.0,10.0,6
3358,71.0,2.0,2
3359,83.0,2.0,2
3360,163.0,1706.0,854
3361,281.0,1512.0,682
3362,167.0,74.0,37
3363,278.0,582.0,250
3364,192.0,90.0,44
3365,200.0,124.0,55
3366,491.0,6782.0,438
3367,486.0,6798.0,470
3368,273.0,1020.0,440
3369,178.0,984.0,493
3370,233.0,1188.0,595
3371,363.0,1834.0,312
3372,263.0,552.0,245
3373,415.0,1646.0,687
3374,591.0,7960.0,541
3375,428.0,1996.0,808
3376,509.0,5204.0,642
3377,512.0,4544.0,578
3378,445.0,3242.0,508
3379,478.0,3010.0,761
3380,466.0,3022.0,682
3381,332.0,1176.0,213
3382,281.0,576.0,216
3383,171.0,830.0,416
3384,430.0,3262.0,566
3385,203.0,284.0,107
3386,286.0,714.0,217
3387,210.0,244.0,118
3388,113.0,188.0,95
3389,193.0,142.0,70
3390,224.0,210.0,101
3391,281.0,2300.0,607
3392,359.0,1966.0,280
3393,419.0,3510.0,384
3394,176.0,376.0,189
3395,156.0,226.0,114
3396,368.0,1616.0,492
3397,265.0,736.0,274
3398,263.0,654.0,240
3399,232.0,266.0,112
3400,123.0,10.0,6
3401,184.0,144.0,73
3402,158.0,204.0,103
3403,265.0,460.0,146
3404,157.0,112.0,57
3405,203.0,142.0,71
3406,354.0,1860.0,423
3407,308.0,760.0,173
3408,306.0,1326.0,340
3409,276.0,1462.0,354
3410,202.0,1288.0,634
3411,343.0,2416.0,285
3412,459.0,3970.0,403
3413,244.0,232.0,95
3414,331.0,2586.0,284
3415,181.0,586.0,294
3416,79.0,1964.0,983
3417,333.0,1434.0,242
3418,359.0,1742.0,279
3419,303.0,1176.0,404
3420,361.0,1982.0,254
3421,409.0,2724.0,329
3422,472.0,3788.0,528
3423,311.0,1106.0,214
3424,247.0,346.0,110
3425,215.0,666.0,323
3426,40.0,2.0,2
3427,186.0,790.0,395
3428,400.0,2926.0,664
3429,203.0,106.0,52
3430,279.0,496.0,87
3431,160.0,174.0,88
3432,173.0,64.0,33
3433,190.0,266.0,134
3434,180.0,284.0,142
3435,197.0,674.0,338
3436,115.0,16.0,9
3437,170.0,468.0,235
3438,153.0,262.0,132
3439,225.0,308.0,125
3440,182.0,180.0,89
3441,313.0,1076.0,319
3442,257.0,576.0,161
3443,216.0,228.0,106
3444,210.0,648.0,317
3445,99.0,6.0,4
3446,190.0,536.0,269
3447,48.0,6.0,4
3448,132.0,44.0,23
3449,102.0,8.0,5
3450,236.0,380.0,179
3451,194.0,88.0,45
3452,248.0,1124.0,554
3453,228.0,402.0,187
3454,136.0,32.0,17
3455,168.0,42.0,22
3456,227.0,294.0,143
3457,262.0,540.0,253
3458,122.0,20.0,11
3459,219.0,156.0,76
3460,320.0,1126.0,351
3461,302.0,1450.0,265
3462,363.0,1418.0,275
3463,172.0,460.0,231
3464,403.0,1706.0,312
3465,379.0,1882.0,431
3466,250.0,490.0,144
3467,122.0,526.0,264
3468,134.0,46.0,24
3469,98.0,2.0,2
3470,604.0,12610.0,511
3471,295.0,1610.0,763
3472,605.0,8836.0,473
3473,335.0,898.0,333
3474,279.0,1012.0,498
3475,494.0,4190.0,628
3476,209.0,1430.0,711
3477,318.0,1298.0,339
3478,158.0,104.0,53
3479,241.0,366.0,162
3480,115.0,1474.0,738
3481,405.0,2456.0,328
3482,564.0,8068.0,538
3483,269.0,1392.0,627
3484,268.0,920.0,407
3485,176.0,400.0,201
3486,215.0,722.0,361
3487,97.0,4.0,3
3488,108.0,16.0,9
3489,566.0,13020.0,500
3490,291.0,790.0,270
3491,401.0,3954.0,597
3492,436.0,4692.0,602
3493,536.0,6916.0,529
3494,256.0,886.0,416
3495,454.0,4400.0,548
3496,313.0,1474.0,495
3497,282.0,700.0,244
3498,249.0,294.0,114
3499,306.0,618.0,250
3500,301.0,912.0,250
3501,302.0,942.0,234
3502,170.0,178.0,89
3503,226.0,394.0,137
3504,242.0,1050.0,520
3505,206.0,232.0,108
3506,272.0,340.0,125
3507,263.0,386.0,159
3508,144.0,82.0,42
3509,258.0,326.0,141
3510,308.0,880.0,171
3511,266.0,684.0,255
3512,284.0,788.0,197
3513,469.0,3032.0,486
3514,304.0,800.0,214
3515,266.0,514.0,156
3516,96.0,4.0,3
3517,162.0,164.0,83
3518,131.0,14.0,8
3519,252.0,1712.0,857
3520,102.0,6.0,4
3521,209.0,258.0,125
3522,102.0,2.0,2
3523,91.0,0.0,0
3524,80.0,4.0,3
3525,128.0,48.0,25
3526,117.0,56.0,29
3527,263.0,1110.0,545
3528,128.0,4.0,3
3529,190.0,214.0,108
3530,365.0,2350.0,958
3531,341.0,1626.0,670
3532,512.0,6860.0,466
3533,533.0,6540.0,415
3534,242.0,1540.0,771
3535,679.0,17630.0,551
3536,186.0,1994.0,998
3537,257.0,446.0,159
3538,230.0,584.0,293
3539,259.0,608.0,240
3540,202.0,354.0,161
3541,182.0,136.0,68
3542,299.0,754.0,236
3543,207.0,190.0,82
3544,203.0,268.0,116
3545,270.0,740.0,169
3546,266.0,672.0,180
3547,71.0,12.0,7
3548,113.0,260.0,131
3549,93.0,0.0,0
3550,482.0,6910.0,495
3551,231.0,1486.0,740
3552,523.0,9426.0,472
3553,323.0,3002.0,612
3554,451.0,6622.0,496
3555,462.0,5650.0,646
3556,117.0,1974.0,988
3557,618.0,9154.0,507
3558,270.0,1022.0,426
3559,196.0,848.0,423
3560,294.0,1288.0,432
3561,475.0,6348.0,388
3562,382.0,2344.0,358
3563,208.0,544.0,273
3564,298.0,538.0,161
3565,234.0,310.0,128
3566,285.0,1144.0,440
3567,239.0,312.0,156
3568,198.0,194.0,78
3569,229.0,210.0,95
3570,149.0,124.0,63
3571,376.0,1786.0,295
3572,255.0,694.0,188
3573,152.0,1680.0,841
3574,80.0,8.0,5
3575,200.0,148.0,72
3576,217.0,488.0,241
3577,358.0,1694.0,344
3578,402.0,1490.0,301
3579,284.0,680.0,175
3580,163.0,124.0,63
3581,231.0,398.0,176
3582,291.0,768.0,251
3583,282.0,712.0,282
3584,199.0,268.0,134
3585,279.0,606.0,217
3586,306.0,750.0,202
3587,358.0,1646.0,237
3588,387.0,2000.0,291
3589,465.0,3434.0,421
3590,282.0,588.0,182
3591,370.0,1108.0,186
3592,70.0,1998.0,1000
3593,248.0,1392.0,347
3594,244.0,424.0,107
3595,139.0,66.0,34
3596,216.0,448.0,110
3597,276.0,624.0,219
3598,264.0,1484.0,726
3599,500.0,3200.0,352
3600,325.0,1150.0,269
3601,306.0,1156.0,205
3602,79.0,2.0,2
3603,117.0,42.0,22
3604,146.0,442.0,222
3605,291.0,590.0,190
3606,283.0,832.0,235
3607,100.0,236.0,119
3608,372.0,4770.0,405
3609,348.0,2558.0,523
3610,487.0,8384.0,663
3611,560.0,13348.0,433
3612,377.0,2634.0,426
3613,570.0,8598.0,421
3614,298.0,1932.0,753
3615,350.0,2526.0,593
3616,143.0,1918.0,960
3617,446.0,3460.0,401
3618,272.0,1224.0,566
3619,451.0,4014.0,430
3620,516.0,4646.0,345
3621,176.0,130.0,66
3622,195.0,248.0,124
3623,275.0,1264.0,623
3624,105.0,2.0,2
3625,232.0,732.0,345
3626,98.0,26.0,14
3627,183.0,450.0,226
3628,178.0,208.0,105
3629,63.0,2.0,2
3630,158.0,306.0,154
3631,191.0,1046.0,524
3632,69.0,6.0,4
3633,99.0,774.0,388
3634,154.0,70.0,36
3635,87.0,4.0,3
3636,16.0,0.0,0
3637,162.0,36.0,19
3638,193.0,214.0,106
3639,294.0,2128.0,871
3640,291.0,804.0,195
3641,235.0,292.0,100
3642,141.0,98.0,50
3643,157.0,316.0,159
3644,225.0,188.0,57
3645,411.0,4200.0,758
3646,204.0,964.0,483
3647,185.0,390.0,196
3648,170.0,30.0,16
3649,160.0,70.0,35
3650,226.0,1028.0,513
3651,98.0,4.0,3
3652,210.0,678.0,335
3653,134.0,26.0,14
3654,97.0,2.0,2
3655,114.0,8.0,5
3656,416.0,3382.0,411
3657,237.0,604.0,290
3658,207.0,704.0,347
3659,313.0,1058.0,169
3660,175.0,468.0,235
3661,173.0,226.0,112
3662,171.0,62.0,32
3663,156.0,146.0,70
3664,234.0,296.0,96
3665,63.0,2.0,2
3666,179.0,136.0,69
3667,133.0,68.0,35
3668,129.0,48.0,25
3669,187.0,126.0,62
3670,225.0,272.0,120
3671,210.0,144.0,60
3672,247.0,544.0,233
3673,177.0,116.0,58
3674,253.0,724.0,319
3675,55.0,2.0,2
3676,216.0,468.0,230
3677,294.0,642.0,160
3678,232.0,456.0,213
3679,224.0,846.0,424
3680,389.0,2998.0,388
3681,158.0,128.0,65
3682,73.0,0.0,0
3683,277.0,482.0,142
3684,309.0,1370.0,256
3685,338.0,1262.0,234
3686,377.0,1776.0,279
3687,305.0,1188.0,296
3688,64.0,0.0,0
3689,225.0,538.0,199
3690,328.0,984.0,202
3691,199.0,1668.0,835
3692,97.0,4.0,3
3693,218.0,188.0,88
3694,124.0,16.0,9
3695,131.0,22.0,12
3696,244.0,652.0,267
3697,211.0,308.0,138
3698,303.0,882.0,254
3699,354.0,2250.0,277
3700,181.0,396.0,195
3701,266.0,478.0,172
3702,99.0,10.0,6
3703,228.0,638.0,303
3704,541.0,5012.0,450
3705,431.0,2876.0,358
3706,218.0,966.0,484
3707,346.0,2082.0,260
3708,298.0,880.0,218
3709,328.0,1248.0,256
3710,244.0,370.0,149
3711,159.0,1552.0,777
3712,51.0,2.0,2
3713,320.0,848.0,169
3714,311.0,1148.0,208
3715,252.0,398.0,135
3716,272.0,530.0,156
3717,375.0,2070.0,322
3718,145.0,1202.0,602
3719,174.0,66.0,34
3720,165.0,72.0,37
3721,123.0,8.0,5
3722,112.0,26.0,14
3723,113.0,4.0,3
3724,24.0,0.0,0
3725,89.0,286.0,144
3726,152.0,28.0,15
3727,142.0,54.0,28
3728,246.0,518.0,206
3729,186.0,42.0,19
3730,294.0,1456.0,628
3731,184.0,90.0,45
3732,142.0,436.0,219
3733,90.0,8.0,5
3734,96.0,22.0,12
3735,265.0,388.0,129
3736,86.0,282.0,142
3737,222.0,356.0,162
3738,187.0,128.0,62
3739,314.0,1164.0,280
3740,335.0,2266.0,603
3741,219.0,296.0,102
3742,244.0,208.0,67
3743,106.0,348.0,175
3744,231.0,304.0,106
3745,183.0,1096.0,549
3746,236.0,304.0,133
3747,197.0,158.0,78
3748,139.0,116.0,59
3749,92.0,2.0,2
3750,216.0,136.0,56
3751,254.0,394.0,155
3752,474.0,3902.0,605
3753,289.0,1214.0,274
3754,322.0,1360.0,257
3755,304.0,546.0,204
3756,159.0,104.0,53
3757,307.0,1162.0,449
3758,266.0,1270.0,284
3759,310.0,1128.0,319
3760,279.0,720.0,219
3761,205.0,1634.0,817
3762,124.0,132.0,67
3763,129.0,30.0,15
3764,58.0,2.0,2
3765,187.0,94.0,48
3766,243.0,302.0,130
3767,272.0,1060.0,502
3768,70.0,10.0,6
3769,187.0,236.0,104
3770,95.0,76.0,39
3771,450.0,3968.0,488
3772,199.0,624.0,310
3773,87.0,940.0,471
3774,244.0,664.0,184
3775,226.0,262.0,98
3776,161.0,64.0,33
3777,136.0,70.0,36
3778,100.0,6.0,4
3779,140.0,10.0,6
3780,142.0,64.0,33
3781,180.0,1316.0,659
3782,63.0,2.0,2
3783,125.0,16.0,9
3784,475.0,5276.0,393
3785,154.0,1864.0,933
3786,335.0,1698.0,583
3787,300.0,1046.0,316
3788,141.0,50.0,26
3789,160.0,66.0,34
3790,356.0,1412.0,295
3791,317.0,1008.0,230
3792,310.0,538.0,134
3793,205.0,202.0,102
3794,346.0,1362.0,273
3795,250.0,574.0,253
3796,273.0,532.0,135
3797,341.0,2050.0,433
3798,269.0,1480.0,707
3799,122.0,6.0,4
3800,163.0,62.0,32
3801,201.0,600.0,295
3802,207.0,240.0,118
3803,81.0,68.0,35
3804,150.0,172.0,87
3805,188.0,1236.0,619
3806,250.0,608.0,155
3807,152.0,44.0,23
3808,134.0,64.0,33
3809,175.0,402.0,202
3810,147.0,80.0,41
3811,228.0,1496.0,749
3812,119.0,18.0,10
3813,350.0,2246.0,335
3814,360.0,1372.0,264
3815,290.0,832.0,205
3816,406.0,2500.0,302
3817,218.0,876.0,435
3818,156.0,94.0,48
3819,225.0,500.0,244
3820,175.0,466.0,234
3821,156.0,156.0,79
3822,305.0,1040.0,310
3823,172.0,612.0,307
3824,69.0,2.0,2
3825,107.0,30.0,16
3826,128.0,30.0,16
3827,96.0,4.0,3
3828,332.0,1486.0,217
3829,196.0,360.0,177
3830,208.0,690.0,309
3831,232.0,710.0,240
3832,124.0,1132.0,567
3833,227.0,906.0,435
3834,144.0,162.0,82
3835,274.0,830.0,373
3836,206.0,500.0,237
3837,179.0,116.0,46
3838,166.0,206.0,104
3839,230.0,214.0,105
3840,335.0,1356.0,270
3841,198.0,296.0,145
3842,267.0,614.0,198
3843,381.0,1790.0,404
3844,246.0,286.0,107
3845,196.0,204.0,96
3846,271.0,712.0,271
3847,163.0,156.0,79
3848,277.0,464.0,145
3849,168.0,68.0,35
3850,250.0,524.0,240
3851,163.0,338.0,170
3852,169.0,354.0,178
3853,80.0,664.0,333
3854,238.0,972.0,476
3855,349.0,2734.0,317
3856,200.0,986.0,491
3857,217.0,1486.0,724
3858,102.0,642.0,322
3859,214.0,602.0,289
3860,236.0,680.0,326
3861,187.0,444.0,223
3862,249.0,754.0,326
3863,54.0,2.0,2
3864,15.0,0.0,0
3865,245.0,1390.0,692
3866,132.0,20.0,11
3867,188.0,240.0,121
3868,181.0,48.0,25
3869,135.0,46.0,24
3870,163.0,66.0,33
3871,159.0,556.0,275
3872,311.0,786.0,297
3873,239.0,482.0,170
3874,312.0,1154.0,218
3875,292.0,778.0,177
3876,179.0,114.0,57
3877,163.0,48.0,25
3878,310.0,966.0,406
3879,270.0,974.0,449
3880,242.0,348.0,129
3881,176.0,142.0,70
3882,131.0,40.0,21
3883,227.0,338.0,107
3884,314.0,810.0,259
3885,201.0,72.0,34
3886,193.0,266.0,134
3887,70.0,8.0,5
3888,48.0,2.0,2
3889,360.0,990.0,252
3890,155.0,714.0,358
3891,202.0,514.0,257
3892,319.0,888.0,241
3893,221.0,272.0,107
3894,189.0,172.0,87
3895,122.0,580.0,291
3896,281.0,614.0,163
3897,175.0,22.0,12
3898,207.0,122.0,54
3899,153.0,78.0,40
3900,148.0,86.0,44
3901,170.0,678.0,340
3902,91.0,2.0,2
3903,134.0,54.0,28
3904,173.0,424.0,213
3905,129.0,8.0,5
3906,215.0,594.0,285
3907,193.0,86.0,44
3908,250.0,846.0,397
3909,270.0,736.0,344
3910,311.0,852.0,274
3911,176.0,352.0,176
3912,299.0,964.0,205
3913,153.0,54.0,25
3914,211.0,232.0,112
3915,178.0,306.0,154
3916,327.0,1462.0,241
3917,392.0,2994.0,441
3918,347.0,1240.0,263
3919,132.0,362.0,182
3920,215.0,262.0,127
3921,167.0,158.0,78
3922,207.0,156.0,71
3923,414.0,2462.0,331
3924,331.0,1058.0,351
3925,293.0,676.0,228
3926,223.0,862.0,432
3927,205.0,298.0,150
3928,225.0,1544.0,761
3929,256.0,960.0,464
3930,425.0,4796.0,418
3931,190.0,530.0,262
3932,227.0,252.0,121
3933,242.0,210.0,88
3934,227.0,192.0,83
3935,187.0,360.0,179
3936,223.0,162.0,68
3937,139.0,54.0,28
3938,148.0,42.0,22
3939,182.0,190.0,96
3940,185.0,142.0,72
3941,108.0,32.0,17
3942,325.0,1586.0,517
3943,189.0,146.0,71
3944,177.0,100.0,51
3945,143.0,86.0,43
3946,375.0,2106.0,297
3947,280.0,696.0,192
3948,168.0,1024.0,513
3949,332.0,1580.0,305
3950,212.0,594.0,289
3951,212.0,248.0,114
3952,139.0,1340.0,671
3953,201.0,312.0,154
3954,115.0,1206.0,604
3955,239.0,400.0,168
3956,185.0,444.0,223
3957,154.0,176.0,89
3958,161.0,292.0,147
3959,257.0,820.0,219
3960,236.0,232.0,96
3961,250.0,478.0,167
3962,149.0,1878.0,940
3963,226.0,220.0,87
3964,98.0,16.0,9
3965,104.0,36.0,19
3966,134.0,472.0,237
3967,138.0,96.0,48
3968,99.0,14.0,8
3969,176.0,436.0,219
3970,257.0,312.0,129
3971,161.0,646.0,322
3972,154.0,308.0,152
3973,155.0,100.0,51
3974,329.0,1774.0,445
3975,245.0,200.0,81
3976,134.0,406.0,204
3977,334.0,1560.0,345
3978,176.0,142.0,72
3979,294.0,1124.0,231
3980,346.0,1552.0,331
3981,154.0,718.0,360
3982,95.0,48.0,25
3983,164.0,40.0,19
3984,243.0,564.0,199
3985,199.0,816.0,396
3986,292.0,738.0,208
3987,264.0,780.0,205
3988,120.0,54.0,28
3989,281.0,1054.0,361
3990,143.0,38.0,20
3991,218.0,206.0,79
3992,189.0,568.0,284
3993,295.0,800.0,290
3994,159.0,76.0,39
3995,232.0,412.0,182
3996,249.0,348.0,128
3997,207.0,228.0,94
3998,183.0,92.0,43
3999,132.0,242.0,122
4000,334.0,2266.0,578
4001,180.0,96.0,48
4002,139.0,58.0,30
4003,187.0,144.0,71
4004,186.0,756.0,379
4005,120.0,368.0,185
4006,145.0,56.0,29
4007,130.0,22.0,12
4008,127.0,566.0,284
4009,158.0,496.0,249
4010,356.0,1578.0,244
4011,68.0,452.0,227
4012,215.0,836.0,409
4013,159.0,78.0,40
4014,179.0,124.0,63
4015,183.0,206.0,102
4016,201.0,1104.0,553
4017,327.0,1534.0,295
4018,192.0,218.0,107
4019,211.0,394.0,197
4020,202.0,440.0,208
4021,160.0,120.0,61
4022,228.0,174.0,87
4023,228.0,374.0,176
4024,243.0,306.0,114
4025,160.0,74.0,38
4026,245.0,1228.0,602
4027,110.0,18.0,10
4028,183.0,1524.0,763
4029,187.0,184.0,93
4030,212.0,1216.0,602
4031,193.0,1114.0,558
4032,135.0,84.0,43
4033,228.0,1026.0,461
4034,75.0,6.0,4
4035,197.0,68.0,32
4036,222.0,208.0,88
4037,247.0,704.0,324
4038,240.0,656.0,275
4039,545.0,7560.0,447
4040,324.0,3334.0,510
4041,275.0,730.0,232
4042,386.0,2522.0,407
4043,374.0,2260.0,475
4044,229.0,920.0,447
4045,117.0,2.0,2
4046,214.0,656.0,328
4047,127.0,38.0,20
4048,177.0,112.0,57
4049,191.0,198.0,93
4050,257.0,1268.0,587
4051,123.0,18.0,10
4052,91.0,16.0,9
4053,158.0,98.0,50
4054,205.0,866.0,430
4055,159.0,56.0,29
4056,108.0,250.0,126
4057,124.0,38.0,20
4058,95.0,108.0,55
4059,221.0,234.0,101
4060,179.0,124.0,63
4061,116.0,14.0,8
4062,152.0,86.0,44
4063,236.0,326.0,141
4064,162.0,70.0,36
4065,176.0,204.0,103
4066,214.0,1370.0,686
4067,140.0,74.0,38
4068,173.0,230.0,114
4069,97.0,10.0,6
4070,154.0,1952.0,977
4071,173.0,126.0,64
4072,176.0,274.0,131
4073,175.0,108.0,54
4074,263.0,458.0,167
4075,285.0,1672.0,595
4076,365.0,2254.0,415
4077,248.0,530.0,221
4078,64.0,2.0,2
4079,278.0,1076.0,202
4080,145.0,526.0,264
4081,332.0,3350.0,368
4082,414.0,2872.0,226
4083,313.0,1910.0,260
4084,89.0,2.0,2
4085,253.0,340.0,144
4086,88.0,54.0,28
4087,198.0,212.0,89
4088,147.0,64.0,33
4089,392.0,1678.0,316
4090,190.0,578.0,290
4091,408.0,2044.0,421
4092,255.0,880.0,437
4093,367.0,2542.0,415
4094,81.0,1926.0,964
4095,246.0,620.0,122
4096,143.0,1448.0,725
4097,193.0,196.0,98
4098,96.0,180.0,91
4099,287.0,550.0,199
4100,375.0,1658.0,328
4101,375.0,2382.0,309
4102,206.0,304.0,132
4103,110.0,34.0,18
4104,107.0,12.0,7
4105,191.0,132.0,64
4106,205.0,288.0,125
4107,390.0,2080.0,489
4108,124.0,642.0,322
4109,196.0,576.0,284
4110,251.0,398.0,110
4111,221.0,256.0,89
4112,347.0,1962.0,510
4113,402.0,1598.0,458
4114,217.0,258.0,119
4115,504.0,6252.0,440
4116,435.0,2782.0,477
4117,238.0,880.0,425
4118,124.0,68.0,35
4119,96.0,2.0,2
4120,181.0,148.0,73
4121,318.0,1982.0,264
4122,101.0,2.0,2
4123,199.0,446.0,223
4124,208.0,1074.0,538
4125,39.0,2.0,2
4126,460.0,4364.0,483
4127,340.0,1508.0,217
4128,380.0,2410.0,288
4129,150.0,68.0,35
4130,374.0,2014.0,485
4131,259.0,460.0,145
4132,102.0,28.0,15
4133,124.0,8.0,5
4134,111.0,8.0,5
4135,175.0,192.0,97
4136,127.0,104.0,53
4137,258.0,856.0,401
4138,109.0,8.0,5
4139,159.0,52.0,27
4140,50.0,2.0,2
4141,107.0,402.0,202
4142,113.0,768.0,385
4143,188.0,276.0,138
4144,337.0,2796.0,757
4145,458.0,3666.0,435
4146,403.0,2088.0,597
4147,272.0,1880.0,941
4148,510.0,4694.0,443
4149,523.0,6830.0,472
4150,230.0,1924.0,963
4151,224.0,604.0,287
4152,199.0,158.0,74
4153,347.0,1808.0,422
4154,499.0,7530.0,457
4155,132.0,50.0,26
4156,103.0,4.0,3
4157,217.0,276.0,133
4158,305.0,1354.0,667
4159,152.0,36.0,19
4160,155.0,196.0,99
4161,255.0,378.0,123
4162,170.0,238.0,119
4163,122.0,8.0,5
4164,56.0,6.0,4
4165,198.0,484.0,105
4166,248.0,618.0,179
4167,68.0,2.0,2
4168,66.0,2.0,2
4169,140.0,58.0,30
4170,180.0,156.0,79
4171,126.0,16.0,9
4172,249.0,1442.0,697
4173,208.0,138.0,60
4174,155.0,276.0,139
4175,155.0,322.0,162
4176,101.0,14.0,8
4177,244.0,258.0,119
4178,229.0,336.0,149
4179,361.0,1336.0,368
4180,269.0,1680.0,780
4181,106.0,362.0,182
4182,213.0,144.0,66
4183,105.0,2.0,2
4184,102.0,10.0,6
4185,186.0,298.0,149
4186,218.0,390.0,186
4187,131.0,20.0,11
4188,81.0,62.0,32
4189,203.0,482.0,132
4190,100.0,1102.0,552
4191,250.0,552.0,229
4192,358.0,1560.0,374
4193,224.0,1462.0,728
4194,270.0,930.0,200
4195,228.0,152.0,66
4196,116.0,32.0,17
4197,243.0,798.0,389
4198,180.0,122.0,62
4199,349.0,1534.0,649
4200,88.0,52.0,27
4201,281.0,474.0,193
4202,155.0,18.0,10
4203,184.0,252.0,127
4204,139.0,44.0,23
4205,121.0,1610.0,806
4206,200.0,342.0,172
4207,212.0,580.0,283
4208,415.0,2774.0,342
4209,153.0,344.0,173
4210,207.0,152.0,77
4211,209.0,426.0,208
4212,176.0,232.0,117
4213,149.0,56.0,29
4214,203.0,262.0,105
4215,293.0,1230.0,372
4216,176.0,310.0,156
4217,59.0,2.0,2
4218,121.0,32.0,17
4219,140.0,70.0,36
4220,143.0,78.0,40
4221,379.0,1418.0,195
4222,288.0,966.0,253
4223,140.0,866.0,434
4224,417.0,2050.0,279
4225,107.0,90.0,46
4226,508.0,6760.0,424
4227,237.0,1342.0,666
4228,228.0,308.0,85
4229,276.0,1258.0,228
4230,256.0,560.0,213
4231,246.0,556.0,172
4232,169.0,434.0,218
4233,100.0,26.0,14
4234,84.0,1694.0,848
4235,97.0,128.0,65
4236,250.0,418.0,152
4237,184.0,202.0,102
4238,290.0,1000.0,199
4239,333.0,1280.0,266
4240,308.0,942.0,251
4241,194.0,312.0,157
4242,369.0,2260.0,251
4243,100.0,60.0,31
4244,157.0,172.0,87
4245,181.0,272.0,137
4246,234.0,918.0,434
4247,204.0,292.0,95
4248,107.0,0.0,0
4249,252.0,1842.0,889
4250,232.0,496.0,155
4251,113.0,2.0,2
4252,197.0,270.0,136
4253,112.0,4.0,3
4254,412.0,2722.0,370
4255,265.0,976.0,418
4256,580.0,6898.0,481
4257,235.0,1098.0,550
4258,244.0,352.0,163
4259,194.0,62.0,31
4260,154.0,204.0,103
4261,252.0,448.0,144
4262,109.0,14.0,8
4263,234.0,382.0,156
4264,274.0,576.0,222
4265,224.0,432.0,215
4266,381.0,1950.0,359
4267,283.0,478.0,145
4268,191.0,688.0,333
4269,172.0,292.0,147
4270,199.0,148.0,57
4271,318.0,1522.0,285
4272,128.0,54.0,28
4273,251.0,198.0,86
4274,199.0,104.0,53
4275,206.0,70.0,34
4276,60.0,52.0,27
4277,231.0,404.0,190
4278,160.0,96.0,49
4279,172.0,94.0,48
4280,45.0,2.0,2
4281,69.0,22.0,12
4282,117.0,118.0,60
4283,142.0,52.0,27
4284,78.0,0.0,0
4285,89.0,4.0,3
4286,159.0,96.0,49
4287,263.0,602.0,225
4288,196.0,248.0,97
4289,347.0,1846.0,690
4290,200.0,106.0,48
4291,200.0,266.0,86
4292,321.0,1598.0,540
4293,317.0,1774.0,741
4294,158.0,620.0,311
4295,77.0,2.0,2
4296,470.0,4618.0,358
4297,223.0,900.0,434
4298,272.0,586.0,149
4299,208.0,230.0,83
4300,123.0,14.0,8
4301,241.0,494.0,225
4302,113.0,16.0,9
4303,178.0,192.0,85
4304,99.0,602.0,302
4305,210.0,218.0,74
4306,263.0,396.0,139
4307,294.0,716.0,269
4308,506.0,10002.0,511
4309,562.0,10820.0,538
4310,377.0,3474.0,547
4311,281.0,1318.0,529
4312,69.0,1992.0,997
4313,278.0,592.0,177
4314,247.0,1730.0,839
4315,47.0,0.0,0
4316,63.0,4.0,3
4317,145.0,30.0,16
4318,130.0,22.0,12
4319,223.0,658.0,297
4320,92.0,36.0,19
4321,114.0,6.0,4
4322,171.0,370.0,186
4323,274.0,466.0,170
4324,189.0,902.0,451
4325,99.0,6.0,4
4326,149.0,244.0,123
4327,292.0,1010.0,369
4328,119.0,1364.0,683
4329,71.0,6.0,4
4330,109.0,118.0,60
4331,176.0,196.0,99
4332,468.0,4558.0,381
4333,184.0,1556.0,779
4334,149.0,80.0,41
4335,87.0,32.0,17
4336,330.0,1076.0,193
4337,299.0,1208.0,293
4338,139.0,16.0,9
4339,316.0,1212.0,206
4340,87.0,10.0,6
