0,231.0,0.0,0
1,1.0,0.0,0
2,1.0,0.0,0
3,1.0,72.0,37
4,1.0,76.0,39
5,1.0,0.0,0
6,12911.0,1998.0,1000
7,15561.0,4120.0,1000
8,21.0,1996.0,999
9,1.0,0.0,0
10,1.0,0.0,0
11,1.0,2.0,2
12,21.0,1996.0,999
13,1.0,0.0,0
14,1.0,0.0,0
15,1.0,2.0,2
16,1.0,0.0,0
17,1.0,4.0,3
18,1.0,4.0,3
19,41.0,1992.0,997
20,1.0,6.0,4
21,1.0,0.0,0
22,1.0,0.0,0
23,181.0,1996.0,999
24,1.0,2.0,2
25,1.0,0.0,0
26,91.0,0.0,0
27,1.0,10.0,6
28,1.0,0.0,0
29,1.0,10.0,6
30,331.0,2004.0,1000
31,1.0,10.0,6
32,1.0,1766.0,884
33,1.0,4.0,3
34,1.0,2.0,2
35,1.0,226.0,114
36,1.0,6.0,4
37,1.0,1270.0,636
38,1.0,700.0,351
39,1.0,22.0,12
40,10251.0,3992.0,1000
41,1.0,0.0,0
42,281.0,1998.0,1000
43,1.0,0.0,0
44,2951.0,0.0,0
45,1.0,8.0,5
46,1.0,455.0,229
47,1.0,114.0,59
48,1.0,112.0,57
49,1.0,147.0,75
50,1.0,1064.0,534
51,1.0,76.0,39
52,1.0,6.0,4
53,1.0,10.0,6
54,1.0,10.0,6
55,1.0,2.0,2
56,1.0,0.0,0
57,1.0,0.0,0
58,261.0,1996.0,999
59,1.0,8.0,5
60,1.0,8.0,5
61,1.0,0.0,0
62,1.0,0.0,0
63,681.0,5950.0,998
64,1.0,0.0,0
65,1.0,0.0,0
66,221.0,3972.0,997
67,1.0,0.0,0
68,1.0,0.0,0
69,1.0,3.0,3
70,1.0,1984.0,993
71,1.0,5.0,4
72,1.0,8.0,5
73,1.0,1984.0,993
74,21.0,1954.0,978
75,1.0,0.0,0
76,3391.0,3842.0,980
77,1.0,1980.0,991
78,1.0,0.0,0
79,1.0,0.0,0
80,1341.0,1998.0,1000
81,101.0,0.0,0
82,31.0,0.0,0
83,1.0,0.0,0
84,1.0,86.0,44
85,251.0,0.0,0
86,1.0,0.0,0
87,491.0,0.0,0
88,451.0,0.0,0
89,1.0,0.0,0
90,1.0,0.0,0
91,1.0,1984.0,993
92,1.0,0.0,0
93,1.0,0.0,0
94,141.0,1996.0,999
95,1.0,0.0,0
96,1.0,0.0,0
97,1.0,0.0,0
98,1.0,0.0,0
99,1.0,0.0,0
100,4951.0,18046.0,1000
101,1.0,436.0,219
102,21.0,0.0,0
103,11.0,0.0,0
104,1.0,0.0,0
105,3231.0,19084.0,1000
106,7771.0,28842.0,956
107,1.0,0.0,0
108,1.0,0.0,0
109,1.0,1352.0,677
110,1.0,0.0,0
111,2481.0,1128.0,52
112,14341.0,8072.0,1000
113,21.0,0.0,0
114,251.0,0.0,0
115,1.0,0.0,0
116,1.0,0.0,0
117,1.0,0.0,0
118,1.0,0.0,0
119,4951.0,132.0,21
120,2471.0,0.0,0
121,1.0,9.0,6
122,1.0,0.0,0
123,1.0,0.0,0
124,1.0,10.0,6
125,1.0,0.0,0
126,1.0,10.0,6
127,21.0,0.0,0
128,1.0,9.0,6
129,1.0,0.0,0
130,1.0,10.0,6
131,1.0,0.0,0
132,1.0,0.0,0
133,101.0,2.0,2
134,1.0,0.0,0
135,161.0,1986.0,994
136,1.0,0.0,0
137,21.0,0.0,0
138,1.0,12.0,7
139,1.0,0.0,0
140,1.0,0.0,0
141,1.0,0.0,0
142,1.0,0.0,0
143,1.0,0.0,0
144,1701.0,11856.0,999
145,1.0,0.0,0
146,1.0,0.0,0
147,1.0,1962.0,982
148,17061.0,7944.0,1000
149,1.0,0.0,0
150,1.0,0.0,0
151,11.0,0.0,0
152,51.0,0.0,0
153,61.0,0.0,0
154,401.0,3968.0,994
155,1.0,0.0,0
156,1.0,0.0,0
157,1.0,10.0,6
158,1.0,0.0,0
159,531.0,24.0,8
160,11.0,10.0,6
161,1281.0,1998.0,1000
162,1.0,0.0,0
163,1.0,0.0,0
164,1.0,0.0,0
165,1.0,0.0,0
166,11.0,8.0,5
167,1.0,0.0,0
168,1.0,8.0,5
169,1.0,8.0,5
170,1.0,8.0,5
171,31.0,1990.0,996
172,881.0,9930.0,999
173,14721.0,8052.0,1000
174,1091.0,0.0,0
175,1.0,1604.0,803
176,1.0,1969.0,986
177,1.0,0.0,0
178,1.0,1977.0,990
179,1461.0,12252.0,995
180,1.0,1902.0,952
181,1.0,1296.0,649
182,1.0,1947.0,975
183,1.0,0.0,0
184,1.0,1958.0,980
185,21.0,0.0,0
186,1.0,1968.0,985
187,771.0,9496.0,973
188,1.0,0.0,0
189,51.0,0.0,0
190,11.0,0.0,0
191,1.0,0.0,0
192,1.0,0.0,0
193,1.0,768.0,385
194,1261.0,0.0,0
195,1.0,0.0,0
196,1.0,0.0,0
197,221.0,1998.0,1000
198,1.0,0.0,0
199,1.0,1982.0,992
200,1.0,0.0,0
201,1.0,0.0,0
202,1.0,0.0,0
203,1.0,0.0,0
204,1.0,1651.0,827
205,64171.0,169888.0,993
206,521.0,0.0,0
207,1.0,0.0,0
208,5961.0,167782.0,715
209,1.0,0.0,0
210,1.0,0.0,0
211,1.0,0.0,0
212,1.0,0.0,0
213,1.0,1838.0,920
214,1.0,0.0,0
215,9561.0,9916.0,1000
216,61.0,0.0,0
217,1211.0,0.0,0
218,1.0,0.0,0
219,401.0,3952.0,990
220,1.0,0.0,0
221,143351.0,65862.0,994
222,1.0,0.0,0
223,1.0,0.0,0
224,26461.0,63762.0,965
225,1.0,0.0,0
226,14231.0,2414.0,1000
227,481.0,0.0,0
228,1.0,650.0,326
229,1.0,40.0,21
230,1.0,8.0,5
231,1.0,1300.0,651
232,150701.0,75098.0,998
233,7531.0,85594.0,699
234,1.0,0.0,0
235,4801.0,33506.0,931
236,1.0,6.0,4
237,1.0,4.0,3
238,1.0,8.0,5
239,1.0,0.0,0
240,91.0,1996.0,999
241,11.0,2.0,2
242,1.0,0.0,0
243,1.0,0.0,0
244,151.0,60.0,31
245,1.0,0.0,0
246,151.0,1938.0,970
247,1.0,0.0,0
248,1.0,0.0,0
249,1.0,0.0,0
250,1.0,0.0,0
251,1.0,0.0,0
252,1.0,0.0,0
253,1.0,0.0,0
254,81.0,3988.0,999
255,161.0,1998.0,1000
256,1.0,0.0,0
257,41.0,1996.0,999
258,6971.0,1998.0,1000
259,1.0,0.0,0
260,1121.0,1996.0,996
261,81.0,1998.0,1000
262,11.0,0.0,0
263,1.0,414.0,208
264,41.0,1998.0,1000
265,1.0,1690.0,846
266,1.0,0.0,0
267,101.0,1992.0,997
268,1.0,2.0,2
269,201.0,1996.0,999
270,1.0,0.0,0
271,81.0,0.0,0
272,181.0,0.0,0
273,721.0,1998.0,1000
274,1.0,0.0,0
275,141.0,0.0,0
276,1.0,1976.0,989
277,1.0,6.0,4
278,1.0,6.0,4
279,1.0,8.0,5
280,1.0,2.0,2
281,1.0,0.0,0
282,11.0,0.0,0
283,1.0,0.0,0
284,71.0,1998.0,1000
285,1.0,0.0,0
286,2931.0,13690.0,998
287,51.0,1998.0,1000
288,1.0,0.0,0
289,151.0,3962.0,997
290,1.0,0.0,0
291,81.0,5836.0,976
292,1571.0,48.0,13
293,1.0,0.0,0
294,1.0,0.0,0
295,1.0,0.0,0
296,1.0,0.0,0
297,94481.0,155964.0,999
298,1.0,1974.0,988
299,24921.0,153364.0,995
300,51.0,0.0,0
301,461.0,1998.0,1000
302,1.0,0.0,0
303,11.0,6.0,4
304,1.0,6.0,4
305,21.0,1998.0,1000
306,1.0,0.0,0
307,1.0,0.0,0
308,1.0,0.0,0
309,1.0,0.0,0
310,1.0,0.0,0
311,121.0,0.0,0
312,1.0,14.0,8
313,1001.0,2008.0,1000
314,1.0,0.0,0
315,1.0,0.0,0
316,1.0,0.0,0
317,121.0,0.0,0
318,1.0,0.0,0
319,21.0,5892.0,985
320,1911.0,12114.0,676
321,1.0,0.0,0
322,7851.0,42678.0,566
323,1.0,0.0,0
324,1.0,0.0,0
325,3431.0,29308.0,481
326,1.0,0.0,0
327,2081.0,16408.0,993
328,21.0,0.0,0
329,131.0,1996.0,999
330,5361.0,6248.0,1000
331,6451.0,84712.0,726
332,1.0,0.0,0
333,1.0,1828.0,915
334,1.0,0.0,0
335,1.0,0.0,0
336,1.0,0.0,0
337,1.0,0.0,0
338,13151.0,30036.0,1000
339,101.0,1990.0,996
340,2801.0,1212.0,312
341,1.0,2.0,2
342,1.0,8.0,5
343,1.0,1948.0,975
344,1.0,4.0,3
345,1.0,36.0,19
346,1.0,0.0,0
347,121.0,1998.0,1000
348,81.0,0.0,0
349,1.0,0.0,0
350,51.0,0.0,0
351,71.0,0.0,0
352,1.0,1626.0,814
353,11.0,0.0,0
354,301.0,1994.0,998
355,1.0,556.0,279
356,1.0,318.0,160
357,1.0,0.0,0
358,6851.0,5624.0,570
359,1.0,0.0,0
360,12031.0,26878.0,1000
361,591.0,0.0,0
362,6051.0,11786.0,1000
363,1.0,0.0,0
364,1.0,0.0,0
365,1.0,0.0,0
366,41.0,0.0,0
367,15231.0,3480.0,1000
368,1.0,0.0,0
369,1.0,0.0,0
370,1.0,6.0,4
371,11.0,1986.0,994
372,1.0,0.0,0
373,111.0,14.0,7
374,1.0,0.0,0
375,61.0,1996.0,999
376,1.0,0.0,0
377,1.0,2.0,2
378,21.0,42.0,22
379,1.0,2.0,2
380,1.0,0.0,0
381,1.0,0.0,0
382,931.0,0.0,0
383,1.0,0.0,0
384,62211.0,94618.0,998
385,1.0,1564.0,783
386,75971.0,69798.0,1000
387,23061.0,140498.0,934
388,291.0,0.0,0
389,851.0,0.0,0
390,1.0,0.0,0
391,1.0,0.0,0
392,1.0,0.0,0
393,1.0,0.0,0
394,2071.0,1998.0,1000
395,21.0,0.0,0
396,1.0,0.0,0
397,1881.0,18412.0,951
398,811.0,0.0,0
399,1541.0,0.0,0
400,1.0,1930.0,966
401,1.0,834.0,418
402,1.0,254.0,128
403,9651.0,27004.0,997
404,1.0,0.0,0
405,11.0,0.0,0
406,1.0,0.0,0
407,1.0,0.0,0
408,1.0,0.0,0
409,1.0,0.0,0
410,1.0,0.0,0
411,201.0,1994.0,998
412,1.0,0.0,0
413,91.0,0.0,0
414,1.0,0.0,0
415,1.0,0.0,0
416,26481.0,1998.0,1000
417,1.0,4.0,3
418,1.0,1938.0,970
419,1.0,54.0,28
420,1.0,2.0,2
421,1.0,4.0,3
422,11.0,1990.0,996
423,1.0,4.0,3
424,1.0,0.0,0
425,11.0,4.0,3
426,1.0,356.0,179
427,1.0,2.0,2
428,1.0,36.0,19
429,1.0,0.0,0
430,1.0,10.0,6
431,1.0,10.0,6
432,321.0,1998.0,1000
433,1.0,0.0,0
434,1.0,10.0,6
435,421.0,3976.0,996
436,1.0,10.0,6
437,1.0,0.0,0
438,1.0,4.0,3
439,1.0,1024.0,513
440,1.0,932.0,467
441,1.0,2.0,2
442,1.0,8.0,5
443,1.0,12.0,7
444,1.0,6.0,4
445,1.0,16.0,9
446,1.0,6.0,4
447,201.0,1996.0,999
448,1.0,0.0,0
449,1531.0,3990.0,1000
450,5581.0,5902.0,999
451,471.0,0.0,0
452,1.0,0.0,0
453,1.0,1960.0,981
454,4211.0,2032.0,990
455,1.0,0.0,0
456,281.0,1996.0,999
457,2101.0,3990.0,1000
458,1.0,0.0,0
459,1.0,12.0,7
460,1.0,1943.0,973
461,1.0,4.0,3
462,1.0,4.0,3
463,1.0,8.0,5
464,1.0,2.0,2
465,1.0,18.0,10
466,1.0,3.0,3
467,1.0,8.0,5
468,1.0,0.0,0
469,1.0,0.0,0
470,1.0,0.0,0
471,1.0,0.0,0
472,21.0,1998.0,1000
473,1.0,0.0,0
474,1.0,0.0,0
475,1.0,0.0,0
476,1.0,0.0,0
477,31.0,32.0,17
478,1.0,2.0,2
479,1.0,0.0,0
480,31.0,1964.0,983
481,1.0,0.0,0
482,91.0,0.0,0
483,1.0,0.0,0
484,1.0,0.0,0
485,38751.0,1998.0,1000
486,1.0,0.0,0
487,1.0,0.0,0
488,1.0,0.0,0
489,1.0,0.0,0
490,1.0,4.0,3
491,691.0,1998.0,1000
492,1.0,0.0,0
493,1.0,0.0,0
494,31.0,3984.0,998
495,1.0,0.0,0
496,1.0,0.0,0
497,1.0,0.0,0
498,1.0,0.0,0
499,10721.0,4282.0,646
500,1.0,0.0,0
501,1.0,0.0,0
502,1.0,1984.0,993
503,175291.0,7902.0,1000
504,1.0,0.0,0
505,1.0,674.0,338
506,281.0,1986.0,994
507,1.0,0.0,0
508,1.0,0.0,0
509,1921.0,3390.0,191
510,1.0,0.0,0
511,1.0,0.0,0
512,1.0,0.0,0
513,21.0,0.0,0
514,1.0,0.0,0
515,1.0,0.0,0
516,1.0,0.0,0
517,291.0,0.0,0
518,220481.0,4138.0,1000
519,21.0,0.0,0
520,1.0,0.0,0
521,1.0,0.0,0
522,11.0,0.0,0
523,201.0,0.0,0
524,1.0,0.0,0
525,41.0,0.0,0
526,30711.0,7638.0,999
527,569471.0,37594.0,999
528,241.0,5956.0,996
529,1.0,0.0,0
530,6571.0,6290.0,438
531,1.0,1794.0,898
532,1.0,1774.0,888
533,1.0,766.0,384
534,1.0,0.0,0
535,2721.0,6046.0,145
536,1.0,540.0,271
537,1.0,0.0,0
538,1.0,0.0,0
539,1.0,10.0,6
540,1.0,12.0,7
541,1.0,48.0,25
542,1.0,17.0,10
543,1.0,6.0,4
544,1.0,1905.0,954
545,401.0,1998.0,1000
546,1.0,0.0,0
547,1.0,0.0,0
548,1.0,0.0,0
549,1.0,0.0,0
550,1.0,0.0,0
551,1.0,0.0,0
552,1.0,6.0,4
553,1.0,0.0,0
554,11.0,0.0,0
555,1.0,6.0,4
556,1.0,6.0,4
557,31.0,1992.0,997
558,1.0,0.0,0
559,1.0,0.0,0
560,1.0,0.0,0
561,1031.0,2224.0,564
562,31.0,4.0,3
563,11.0,0.0,0
564,971.0,1732.0,437
565,1.0,1966.0,984
566,2071.0,2488.0,85
567,1.0,0.0,0
568,1.0,0.0,0
569,8991.0,6248.0,995
570,1821.0,0.0,0
571,1.0,1970.0,986
572,1.0,0.0,0
573,1.0,425.0,214
574,1.0,0.0,0
575,1.0,0.0,0
576,1.0,0.0,0
577,1.0,0.0,0
578,121.0,0.0,0
579,53691.0,53250.0,999
580,431.0,1996.0,999
581,1.0,0.0,0
582,131.0,0.0,0
583,81.0,0.0,0
584,1.0,0.0,0
585,1.0,0.0,0
586,1.0,341.0,172
587,5891.0,6042.0,976
588,1.0,1968.0,985
589,1.0,0.0,0
590,581.0,19614.0,999
591,58971.0,22252.0,1000
592,1.0,1340.0,671
593,151.0,0.0,0
594,1.0,0.0,0
595,151.0,0.0,0
596,1.0,0.0,0
597,1161.0,482.0,69
598,6261.0,4098.0,959
599,341.0,0.0,0
600,1.0,0.0,0
601,391.0,128.0,31
602,51.0,0.0,0
603,1.0,0.0,0
604,461.0,1998.0,1000
605,1.0,0.0,0
606,1.0,0.0,0
607,1.0,1940.0,971
608,1.0,10.0,6
609,1.0,42.0,22
610,1.0,6.0,4
611,141.0,5976.0,999
612,631.0,0.0,0
613,1.0,0.0,0
614,8371.0,7962.0,1000
615,1.0,0.0,0
616,1.0,141.0,72
617,1.0,1410.0,707
618,1.0,11.0,7
619,1.0,6.0,4
620,1.0,8.0,5
621,1.0,420.0,211
622,1.0,6.0,4
623,211.0,0.0,0
624,141.0,0.0,0
625,31.0,0.0,0
626,1.0,0.0,0
627,171.0,0.0,0
628,1.0,0.0,0
629,1.0,795.0,399
630,11.0,0.0,0
631,21.0,0.0,0
632,1.0,0.0,0
633,1.0,0.0,0
634,1.0,0.0,0
635,1.0,1965.0,984
636,1.0,0.0,0
637,1.0,698.0,350
638,1.0,0.0,0
639,31.0,0.0,0
640,1.0,0.0,0
641,1.0,0.0,0
642,921.0,5966.0,998
643,81.0,0.0,0
644,6041.0,39878.0,931
645,21.0,0.0,0
646,1.0,0.0,0
647,1.0,0.0,0
648,1.0,1910.0,956
649,31.0,0.0,0
650,1.0,0.0,0
651,1.0,0.0,0
652,71.0,0.0,0
653,1.0,0.0,0
654,1.0,94.0,48
655,1.0,0.0,0
656,21.0,0.0,0
657,1.0,0.0,0
658,1581.0,142.0,27
659,61.0,3982.0,998
660,21.0,0.0,0
661,1761.0,0.0,0
662,1.0,76.0,39
663,1.0,143.0,73
664,1.0,0.0,0
665,1.0,90.0,46
666,361.0,1992.0,997
667,1311.0,1998.0,1000
668,1.0,0.0,0
669,1.0,0.0,0
670,1.0,0.0,0
671,1.0,0.0,0
672,3621.0,2046.0,1000
673,13041.0,12214.0,1000
674,11.0,5958.0,996
675,1.0,0.0,0
676,1.0,104.0,53
677,171.0,0.0,0
678,1.0,0.0,0
679,1141.0,0.0,0
680,1.0,0.0,0
681,1.0,0.0,0
682,1.0,0.0,0
683,21.0,0.0,0
684,1.0,0.0,0
685,1.0,0.0,0
686,1.0,0.0,0
687,1.0,0.0,0
688,1.0,0.0,0
689,1.0,0.0,0
690,1.0,6.0,4
691,1.0,1974.0,988
692,1.0,2.0,2
693,1.0,16.0,9
694,1.0,1986.0,994
695,1.0,6.0,4
696,1.0,4.0,3
697,1.0,2.0,2
698,1.0,0.0,0
699,1.0,0.0,0
700,1.0,0.0,0
701,1.0,0.0,0
702,1.0,0.0,0
703,1.0,6.0,4
704,1.0,0.0,0
705,1.0,0.0,0
706,41.0,1992.0,997
707,1.0,0.0,0
708,1.0,6.0,4
709,1.0,0.0,0
710,1.0,1886.0,944
711,1.0,14.0,8
712,1.0,50.0,26
713,1.0,24.0,13
714,1.0,24.0,13
715,1.0,24.0,13
716,1.0,1830.0,916
717,1.0,6.0,4
718,1.0,138.0,70
719,1.0,0.0,0
720,1.0,0.0,0
721,5021.0,2316.0,1000
722,1.0,304.0,154
723,1.0,17.0,10
724,1.0,0.0,0
725,81.0,0.0,0
726,1.0,17.0,10
727,1.0,0.0,0
728,1.0,0.0,0
729,11.0,0.0,0
730,1.0,0.0,0
731,1.0,0.0,0
732,1.0,0.0,0
733,741.0,0.0,0
734,1.0,0.0,0
735,2651.0,3482.0,356
736,211.0,0.0,0
737,51.0,0.0,0
738,21.0,0.0,0
739,1.0,0.0,0
740,1.0,292.0,147
741,401.0,0.0,0
742,1.0,0.0,0
743,1.0,568.0,285
744,1.0,0.0,0
745,6571.0,7164.0,647
746,1.0,1934.0,968
747,1731.0,5946.0,995
748,1.0,0.0,0
749,1.0,0.0,0
750,1.0,0.0,0
751,1.0,0.0,0
752,1.0,0.0,0
753,1.0,0.0,0
754,1.0,0.0,0
755,1.0,0.0,0
756,1.0,0.0,0
757,361.0,1998.0,1000
758,1.0,0.0,0
759,1.0,0.0,0
760,1.0,4.0,3
761,1.0,238.0,120
762,1.0,53.0,28
763,1.0,38.0,20
764,1.0,9.0,6
765,1.0,22.0,12
766,1.0,8.0,5
767,1.0,0.0,0
768,1.0,10.0,6
769,1.0,10.0,6
770,1.0,0.0,0
771,1.0,0.0,0
772,1.0,0.0,0
773,1.0,0.0,0
774,61.0,0.0,0
775,221.0,1988.0,995
776,1.0,0.0,0
777,1.0,0.0,0
778,1.0,10.0,6
779,1.0,0.0,0
780,1.0,0.0,0
781,1.0,10.0,6
782,1.0,0.0,0
783,1.0,0.0,0
784,1.0,0.0,0
785,1.0,2.0,2
786,1.0,0.0,0
787,1041.0,1996.0,999
788,1.0,510.0,256
789,1.0,14.0,8
790,1.0,1460.0,731
791,1.0,14.0,8
792,11.0,3874.0,973
793,1.0,0.0,0
794,1.0,1988.0,995
795,1.0,0.0,0
796,1.0,0.0,0
797,11.0,108.0,29
798,161.0,0.0,0
799,1.0,0.0,0
800,1.0,0.0,0
801,1.0,0.0,0
802,3731.0,4134.0,1000
803,1201.0,1998.0,1000
804,16351.0,11390.0,941
805,1.0,11.0,7
806,1.0,12.0,7
807,1.0,6.0,4
808,1.0,0.0,0
809,1.0,0.0,0
810,1.0,0.0,0
811,21.0,1998.0,1000
812,1.0,0.0,0
813,25981.0,9328.0,1000
814,1.0,0.0,0
815,361.0,0.0,0
816,1.0,0.0,0
817,1.0,0.0,0
818,1.0,0.0,0
819,21.0,0.0,0
820,1.0,756.0,379
821,61.0,1996.0,999
822,141.0,3932.0,986
823,1.0,0.0,0
824,1.0,0.0,0
825,161.0,0.0,0
826,1.0,0.0,0
827,1.0,0.0,0
828,1.0,454.0,228
829,1.0,0.0,0
830,41.0,0.0,0
831,21.0,0.0,0
832,1.0,0.0,0
833,221.0,296.0,76
834,54371.0,14738.0,995
835,131.0,0.0,0
836,28641.0,17646.0,857
837,1.0,0.0,0
838,851.0,1996.0,999
839,1621.0,1996.0,999
840,3701.0,1998.0,1000
841,1.0,0.0,0
842,1.0,1982.0,992
843,1.0,4.0,3
844,1.0,6.0,4
845,1.0,6.0,4
846,1.0,0.0,0
847,21.0,1994.0,998
848,1.0,0.0,0
849,1.0,0.0,0
850,1.0,0.0,0
851,1.0,4.0,3
852,1.0,0.0,0
853,1.0,1914.0,958
854,74211.0,17534.0,1000
855,1.0,0.0,0
856,1.0,4.0,3
857,1.0,1982.0,992
858,61.0,3972.0,999
859,1.0,0.0,0
860,1.0,0.0,0
861,1.0,6.0,4
862,1.0,6.0,4
863,1.0,0.0,0
864,161.0,0.0,0
865,141.0,0.0,0
866,1.0,6.0,4
867,201.0,1992.0,997
868,1.0,0.0,0
869,1.0,972.0,487
870,1.0,1766.0,884
871,1.0,0.0,0
872,143041.0,48096.0,997
873,301.0,0.0,0
874,21.0,0.0,0
875,1.0,0.0,0
876,11.0,0.0,0
877,77131.0,35940.0,1000
878,5191.0,7040.0,692
879,1.0,0.0,0
880,1.0,0.0,0
881,1.0,0.0,0
882,1.0,4.0,3
883,1.0,0.0,0
884,21.0,1994.0,998
885,1.0,0.0,0
886,1.0,11.0,7
887,1.0,0.0,0
888,1.0,12.0,7
889,1.0,0.0,0
890,1.0,0.0,0
891,1.0,0.0,0
892,1.0,0.0,0
893,1.0,0.0,0
894,1.0,0.0,0
895,1.0,0.0,0
896,11.0,0.0,0
897,51.0,1986.0,994
898,1.0,0.0,0
899,1.0,0.0,0
900,1.0,12.0,7
901,31.0,0.0,0
902,31.0,0.0,0
903,1381.0,7870.0,998
904,22191.0,10480.0,1000
905,1.0,648.0,325
906,11.0,0.0,0
907,1.0,0.0,0
908,1.0,0.0,0
909,1.0,0.0,0
910,161.0,0.0,0
911,561.0,5978.0,1000
912,1.0,0.0,0
913,271.0,0.0,0
914,1.0,1652.0,827
915,5571.0,12122.0,997
916,331.0,1994.0,998
917,511.0,0.0,0
918,1.0,604.0,303
919,1.0,0.0,0
920,381.0,36.0,9
921,1.0,0.0,0
922,1.0,0.0,0
923,1.0,0.0,0
924,31.0,168.0,85
925,621.0,0.0,0
926,441.0,0.0,0
927,271.0,0.0,0
928,1.0,604.0,303
929,19021.0,2758.0,1000
930,1.0,1056.0,529
931,261.0,1992.0,997
932,2381.0,5030.0,1000
933,61.0,0.0,0
934,1.0,8.0,5
935,171.0,1998.0,1000
936,1.0,0.0,0
937,11.0,1138.0,570
938,1.0,0.0,0
939,1.0,0.0,0
940,1.0,0.0,0
941,1.0,0.0,0
942,251.0,3128.0,999
943,1.0,0.0,0
944,1.0,0.0,0
945,1.0,0.0,0
946,1.0,4.0,3
947,1.0,0.0,0
948,1.0,0.0,0
949,1.0,0.0,0
950,1.0,6.0,4
951,181.0,1992.0,997
952,1.0,0.0,0
953,1.0,6.0,4
954,1.0,0.0,0
955,1.0,0.0,0
956,121.0,2002.0,1000
957,1.0,8.0,5
958,1.0,8.0,5
959,1.0,0.0,0
960,21.0,0.0,0
961,1.0,0.0,0
962,41.0,1994.0,998
963,21.0,4.0,3
964,51.0,1156.0,579
965,1.0,0.0,0
966,51.0,842.0,422
967,1.0,0.0,0
968,1.0,7.0,5
969,1.0,1980.0,992
970,1.0,2.0,2
971,1.0,0.0,0
972,41.0,1996.0,999
973,1.0,0.0,0
974,1.0,4.0,3
975,1.0,0.0,0
976,1.0,0.0,0
977,1.0,0.0,0
978,1.0,0.0,0
979,401.0,3986.0,999
980,2861.0,3996.0,1000
981,9381.0,5978.0,1000
982,1.0,0.0,0
983,1.0,12.0,7
984,41.0,8.0,5
985,1.0,0.0,0
986,1.0,0.0,0
987,21.0,1990.0,996
988,1.0,4.0,3
989,1.0,0.0,0
990,1.0,0.0,0
991,91.0,1998.0,1000
992,191.0,3988.0,999
993,1.0,6.0,4
994,1.0,6.0,4
995,1.0,930.0,466
996,3281.0,1998.0,1000
997,22901.0,67334.0,959
998,4601.0,64086.0,801
999,41.0,0.0,0
1000,1.0,0.0,0
1001,1.0,344.0,173
1002,1.0,1248.0,625
1003,1.0,0.0,0
1004,17911.0,10052.0,992
1005,1.0,0.0,0
1006,25291.0,6694.0,1000
1007,1.0,0.0,0
1008,1.0,0.0,0
1009,121.0,0.0,0
1010,1.0,0.0,0
1011,6341.0,1998.0,1000
1012,1.0,0.0,0
1013,1.0,1988.0,995
1014,1.0,0.0,0
1015,1.0,0.0,0
1016,1.0,0.0,0
1017,1.0,0.0,0
1018,1.0,0.0,0
1019,1.0,1954.0,978
1020,1.0,1948.0,975
1021,1.0,38.0,20
1022,1.0,0.0,0
1023,1.0,0.0,0
1024,601.0,1988.0,995
1025,1.0,38.0,20
1026,1.0,0.0,0
1027,1.0,0.0,0
1028,1.0,0.0,0
1029,1.0,0.0,0
1030,1.0,0.0,0
1031,1.0,1984.0,993
1032,1.0,0.0,0
1033,1.0,1958.0,980
1034,1.0,1632.0,817
1035,1.0,0.0,0
1036,41.0,0.0,0
1037,21.0,0.0,0
1038,1.0,0.0,0
1039,1.0,0.0,0
1040,1.0,0.0,0
1041,21.0,0.0,0
1042,1.0,1964.0,983
1043,1.0,36.0,19
1044,1.0,0.0,0
1045,1.0,36.0,19
1046,741.0,0.0,0
1047,271.0,0.0,0
1048,71.0,0.0,0
1049,1.0,0.0,0
1050,21.0,1994.0,998
1051,1.0,4.0,3
1052,1.0,0.0,0
1053,1.0,4.0,3
1054,1.0,0.0,0
1055,37081.0,2012.0,1000
1056,1.0,18.0,10
1057,1.0,4.0,3
1058,1.0,6.0,4
1059,171.0,1996.0,999
1060,1.0,0.0,0
1061,1.0,0.0,0
1062,31.0,0.0,0
1063,1.0,2.0,2
1064,2141.0,1996.0,999
1065,1.0,2.0,2
1066,1.0,0.0,0
1067,1.0,0.0,0
1068,471.0,1994.0,998
1069,1.0,4.0,3
1070,1.0,4.0,3
1071,1.0,22.0,12
1072,1.0,0.0,0
1073,1.0,0.0,0
1074,11.0,0.0,0
1075,1.0,0.0,0
1076,1.0,0.0,0
1077,1.0,0.0,0
1078,51.0,3964.0,995
1079,1.0,0.0,0
1080,81.0,0.0,0
1081,1.0,0.0,0
1082,1.0,1964.0,983
1083,191.0,40.0,12
1084,1.0,20.0,11
1085,261.0,4462.0,999
1086,1.0,22.0,12
1087,121.0,0.0,0
1088,1.0,0.0,0
1089,191.0,0.0,0
1090,1.0,0.0,0
1091,117511.0,253410.0,999
1092,1145191.0,254450.0,999
1093,1.0,0.0,0
1094,1.0,0.0,0
1095,1.0,1446.0,724
1096,1.0,0.0,0
1097,1.0,0.0,0
1098,1.0,0.0,0
1099,1.0,446.0,224
1100,1.0,0.0,0
1101,1.0,0.0,0
1102,1.0,0.0,0
1103,541.0,0.0,0
1104,2261.0,2124.0,357
1105,1.0,0.0,0
1106,41.0,1996.0,999
1107,211.0,1990.0,996
1108,1.0,0.0,0
1109,1071.0,0.0,0
1110,31.0,1998.0,1000
1111,1.0,0.0,0
1112,11.0,0.0,0
1113,1.0,0.0,0
1114,1.0,1762.0,882
1115,8371.0,167220.0,815
1116,541.0,19730.0,986
1117,1.0,0.0,0
1118,10641.0,23648.0,975
1119,1.0,1172.0,587
1120,1.0,0.0,0
1121,70831.0,193342.0,979
1122,1.0,4.0,3
1123,1.0,18.0,10
1124,1.0,6.0,4
1125,1.0,1950.0,976
1126,111.0,0.0,0
1127,1.0,1962.0,982
1128,46811.0,4070.0,1000
1129,1.0,122.0,62
1130,1.0,0.0,0
1131,1.0,0.0,0
1132,1.0,0.0,0
1133,10261.0,1998.0,1000
1134,1.0,0.0,0
1135,1.0,0.0,0
1136,1.0,4.0,3
1137,1.0,814.0,408
1138,1.0,1158.0,580
1139,1.0,0.0,0
1140,5291.0,1998.0,1000
1141,1.0,0.0,0
1142,91.0,0.0,0
1143,1.0,6.0,4
1144,1.0,52.0,27
1145,1.0,26.0,14
1146,1.0,1914.0,958
1147,581.0,1996.0,999
1148,31.0,0.0,0
1149,11.0,0.0,0
1150,1.0,0.0,0
1151,1.0,0.0,0
1152,1.0,0.0,0
1153,1.0,2.0,2
1154,1.0,0.0,0
1155,21.0,1996.0,999
1156,1.0,12.0,7
1157,1.0,0.0,0
1158,1.0,14.0,8
1159,1.0,4.0,3
1160,1.0,6.0,4
1161,1.0,8.0,5
1162,1.0,1980.0,991
1163,1.0,4.0,3
1164,1.0,14.0,8
1165,1.0,1974.0,988
1166,1.0,6.0,4
1167,1.0,2.0,2
1168,1.0,1856.0,929
1169,1.0,18.0,10
1170,1.0,20.0,11
1171,1.0,102.0,52
1172,1.0,6.0,4
1173,1.0,6.0,4
1174,1.0,0.0,0
1175,101.0,1998.0,1000
1176,1.0,0.0,0
1177,1.0,0.0,0
1178,1.0,0.0,0
1179,81.0,1998.0,1000
1180,21.0,0.0,0
1181,1.0,0.0,0
1182,1.0,0.0,0
1183,1.0,8.0,5
1184,1.0,1980.0,991
1185,1.0,6.0,4
1186,461.0,3982.0,1000
1187,1.0,0.0,0
1188,661.0,1998.0,1000
1189,381.0,1998.0,1000
1190,3291.0,2042.0,1000
1191,1.0,0.0,0
1192,11.0,0.0,0
1193,1.0,0.0,0
1194,1.0,66.0,34
1195,1.0,0.0,0
1196,1.0,0.0,0
1197,21.0,0.0,0
1198,381.0,0.0,0
1199,1.0,0.0,0
1200,1.0,0.0,0
1201,1.0,0.0,0
1202,1.0,0.0,0
1203,2101.0,710.0,39
1204,1.0,0.0,0
1205,1.0,0.0,0
1206,1.0,0.0,0
1207,1.0,104.0,53
1208,1.0,0.0,0
1209,1.0,0.0,0
1210,1.0,118.0,60
1211,1.0,0.0,0
1212,3501.0,26718.0,977
1213,1.0,160.0,81
1214,481.0,0.0,0
1215,191.0,0.0,0
1216,1.0,0.0,0
1217,1.0,0.0,0
1218,31.0,0.0,0
1219,1.0,0.0,0
1220,1.0,132.0,67
1221,2731.0,1998.0,1000
1222,81.0,1998.0,1000
1223,2741.0,3480.0,350
1224,1.0,0.0,0
1225,21.0,0.0,0
1226,661.0,2082.0,1000
1227,1.0,0.0,0
1228,1661.0,1908.0,120
1229,71.0,0.0,0
1230,11.0,0.0,0
1231,1.0,0.0,0
1232,1.0,0.0,0
1233,641.0,0.0,0
1234,233101.0,39444.0,999
1235,1.0,0.0,0
1236,1.0,0.0,0
1237,11.0,676.0,339
1238,1.0,0.0,0
1239,1.0,0.0,0
1240,6671.0,17286.0,547
1241,1.0,1862.0,932
1242,26911.0,5864.0,1000
1243,1.0,0.0,0
1244,1.0,0.0,0
1245,1.0,0.0,0
1246,1.0,0.0,0
1247,22281.0,27794.0,977
1248,23931.0,93936.0,870
1249,2131.0,5970.0,1000
1250,11.0,0.0,0
1251,31.0,1994.0,998
1252,1.0,0.0,0
1253,1.0,0.0,0
1254,1.0,4.0,3
1255,1.0,0.0,0
1256,1.0,0.0,0
1257,1.0,1988.0,995
1258,1.0,0.0,0
1259,41.0,0.0,0
1260,1.0,1982.0,992
1261,181.0,1990.0,996
1262,1.0,8.0,5
1263,1.0,0.0,0
1264,241.0,5946.0,998
1265,1.0,8.0,5
1266,191.0,0.0,0
1267,3591.0,11132.0,369
1268,1.0,0.0,0
1269,1.0,0.0,0
1270,11.0,1990.0,996
1271,811.0,0.0,0
1272,3451.0,6142.0,507
1273,11.0,0.0,0
1274,291.0,3974.0,997
1275,231.0,12.0,5
1276,161.0,1992.0,997
1277,1.0,0.0,0
1278,61.0,0.0,0
1279,1.0,0.0,0
1280,8281.0,2362.0,1000
1281,1.0,138.0,70
1282,1.0,0.0,0
1283,1.0,0.0,0
1284,1.0,0.0,0
1285,1.0,6.0,4
1286,1.0,2.0,2
1287,1.0,23.0,13
1288,1.0,526.0,264
1289,1.0,8.0,5
1290,1.0,28.0,15
1291,671.0,1986.0,994
1292,1.0,0.0,0
1293,41.0,0.0,0
1294,171.0,12.0,7
1295,1.0,0.0,0
1296,1.0,0.0,0
1297,21.0,0.0,0
1298,401.0,7856.0,992
1299,1.0,0.0,0
1300,1.0,0.0,0
1301,61.0,0.0,0
1302,121.0,0.0,0
1303,1.0,14.0,8
1304,381.0,9800.0,992
1305,1.0,0.0,0
1306,51.0,1998.0,1000
1307,711.0,3992.0,1000
1308,1.0,0.0,0
1309,1.0,4.0,3
1310,1.0,6.0,4
1311,1.0,2.0,2
1312,1.0,216.0,109
1313,1.0,4.0,3
1314,1.0,2.0,2
1315,11.0,858.0,430
1316,1.0,0.0,0
1317,1.0,16.0,9
1318,1.0,6.0,4
1319,1.0,60.0,31
1320,1.0,14.0,8
1321,1.0,0.0,0
1322,1.0,48.0,25
1323,1.0,0.0,0
1324,11.0,0.0,0
1325,1161.0,2700.0,141
1326,1.0,0.0,0
1327,1.0,866.0,434
1328,2781.0,5986.0,1000
1329,1.0,0.0,0
1330,1.0,0.0,0
1331,1991.0,17888.0,884
1332,1.0,0.0,0
1333,61.0,3954.0,992
1334,21.0,0.0,0
1335,71.0,0.0,0
1336,1.0,0.0,0
1337,1.0,0.0,0
1338,1.0,0.0,0
1339,1.0,0.0,0
1340,111.0,0.0,0
1341,1.0,1982.0,992
1342,11.0,0.0,0
1343,1.0,0.0,0
1344,1.0,0.0,0
1345,1.0,0.0,0
1346,1.0,42.0,22
1347,1.0,0.0,0
1348,141.0,1994.0,998
1349,31.0,0.0,0
1350,51.0,0.0,0
1351,1.0,0.0,0
1352,1.0,0.0,0
1353,1.0,56.0,29
1354,1.0,4.0,3
1355,1741.0,2046.0,999
1356,1.0,0.0,0
1357,1.0,0.0,0
1358,1.0,10.0,6
1359,1.0,8.0,5
1360,1.0,8.0,5
1361,1.0,120.0,61
1362,1.0,1852.0,927
1363,1.0,8.0,5
1364,1.0,8.0,5
1365,1.0,1982.0,992
1366,1.0,4.0,3
1367,1.0,1972.0,987
1368,1.0,4.0,3
1369,1.0,14.0,8
1370,1.0,8.0,5
1371,1.0,0.0,0
1372,1.0,0.0,0
1373,241.0,1996.0,999
1374,1.0,0.0,0
1375,1.0,0.0,0
1376,1.0,0.0,0
1377,1.0,0.0,0
1378,1.0,0.0,0
1379,1.0,2.0,2
1380,101.0,1996.0,999
1381,11.0,0.0,0
1382,71.0,2.0,2
1383,3471.0,10642.0,1000
1384,1.0,0.0,0
1385,2111.0,8600.0,995
1386,1.0,0.0,0
1387,221.0,0.0,0
1388,1.0,0.0,0
1389,1.0,0.0,0
1390,1.0,0.0,0
1391,1.0,0.0,0
1392,1.0,104.0,53
1393,1.0,0.0,0
1394,1.0,0.0,0
1395,1.0,0.0,0
1396,1.0,0.0,0
1397,1.0,0.0,0
1398,1.0,0.0,0
1399,21.0,1994.0,998
1400,101.0,1998.0,1000
1401,141.0,0.0,0
1402,1.0,0.0,0
1403,1.0,0.0,0
1404,1.0,0.0,0
1405,1.0,0.0,0
1406,1.0,0.0,0
1407,1.0,0.0,0
1408,51.0,0.0,0
1409,111.0,0.0,0
1410,5301.0,35002.0,996
1411,1.0,0.0,0
1412,1.0,0.0,0
1413,1.0,0.0,0
1414,1.0,0.0,0
1415,1.0,0.0,0
1416,1291.0,33104.0,983
1417,521.0,0.0,0
1418,1.0,8.0,5
1419,1.0,41.0,22
1420,1.0,399.0,201
1421,1.0,1550.0,776
1422,1.0,0.0,0
1423,61.0,1998.0,1000
1424,1.0,0.0,0
1425,1.0,0.0,0
1426,1.0,0.0,0
1427,1.0,8.0,5
1428,1.0,6.0,4
1429,1.0,14.0,8
1430,1.0,2.0,2
1431,1.0,0.0,0
1432,1.0,0.0,0
1433,1.0,0.0,0
1434,21.0,1996.0,999
1435,1.0,0.0,0
1436,1.0,0.0,0
1437,1.0,0.0,0
1438,1.0,0.0,0
1439,1721.0,1998.0,1000
1440,41.0,0.0,0
1441,41.0,3976.0,1000
1442,721.0,7944.0,999
1443,21.0,1998.0,1000
1444,1.0,8.0,5
1445,1.0,1934.0,968
1446,1.0,10.0,6
1447,231.0,0.0,0
1448,1.0,0.0,0
1449,1.0,0.0,0
1450,1.0,0.0,0
1451,1.0,10.0,6
1452,851.0,0.0,0
1453,1.0,0.0,0
1454,1.0,0.0,0
1455,1.0,0.0,0
1456,1.0,2.0,2
1457,1.0,1918.0,960
1458,1.0,4.0,3
1459,1.0,2.0,2
1460,1.0,52.0,27
1461,1.0,14.0,8
1462,1.0,8.0,5
1463,1.0,12.0,7
1464,1.0,4.0,3
1465,1.0,4.0,3
1466,1.0,10.0,6
1467,1.0,4.0,3
1468,1.0,1936.0,969
1469,1.0,2.0,2
1470,1.0,18.0,10
1471,1.0,6.0,4
1472,1.0,22.0,12
1473,1.0,8.0,5
1474,1.0,4.0,3
1475,1.0,2.0,2
1476,1.0,1980.0,991
1477,1.0,4.0,3
1478,41.0,3970.0,999
1479,1.0,0.0,0
1480,281.0,0.0,0
1481,81.0,0.0,0
1482,2381.0,1112.0,72
1483,1.0,0.0,0
1484,1.0,0.0,0
1485,131.0,1994.0,998
1486,191.0,1992.0,997
1487,1.0,0.0,0
1488,211.0,0.0,0
1489,1.0,0.0,0
1490,1.0,0.0,0
1491,1.0,1318.0,660
1492,111.0,1990.0,996
1493,1.0,216.0,109
1494,21.0,1996.0,999
1495,1.0,0.0,0
1496,1.0,0.0,0
1497,661.0,3954.0,999
1498,1.0,852.0,427
1499,1.0,0.0,0
1500,41.0,0.0,0
1501,1.0,0.0,0
1502,6661.0,16978.0,937
1503,141.0,1996.0,999
1504,1.0,0.0,0
1505,1.0,0.0,0
1506,48901.0,108212.0,997
1507,1.0,0.0,0
1508,4001.0,1974.0,988
1509,621.0,3992.0,1000
1510,15381.0,73872.0,998
1511,1061.0,1974.0,988
1512,11.0,0.0,0
1513,1.0,4.0,3
1514,1.0,1974.0,988
1515,1.0,18.0,10
1516,1.0,2.0,2
1517,1.0,1924.0,963
1518,1251.0,76.0,22
1519,1.0,0.0,0
1520,1.0,17.0,10
1521,1.0,4.0,3
1522,1.0,13.0,8
1523,1.0,1964.0,983
1524,1.0,1052.0,527
1525,1.0,938.0,470
1526,1.0,6.0,4
1527,1.0,6.0,4
1528,1.0,0.0,0
1529,1.0,0.0,0
1530,1.0,0.0,0
1531,1.0,2.0,2
1532,1.0,0.0,0
1533,1.0,0.0,0
1534,1.0,0.0,0
1535,1.0,0.0,0
1536,1.0,0.0,0
1537,1.0,0.0,0
1538,281.0,1996.0,999
1539,1.0,0.0,0
1540,11.0,1940.0,971
1541,11.0,56.0,29
1542,1.0,0.0,0
1543,1.0,0.0,0
1544,1.0,4.0,3
1545,1.0,22.0,12
1546,1.0,1958.0,980
1547,1.0,8.0,5
1548,661.0,1996.0,999
1549,1.0,0.0,0
1550,1.0,0.0,0
1551,341.0,0.0,0
1552,1.0,0.0,0
1553,101.0,0.0,0
1554,1.0,2.0,2
1555,1.0,12.0,7
1556,1.0,1954.0,978
1557,1.0,4.0,3
1558,1.0,6.0,4
1559,1.0,0.0,0
1560,1.0,2.0,2
1561,1.0,0.0,0
1562,101.0,1996.0,999
1563,1.0,0.0,0
1564,1.0,0.0,0
1565,1.0,0.0,0
1566,1.0,0.0,0
1567,1.0,0.0,0
1568,1.0,0.0,0
1569,1.0,613.0,308
1570,1.0,0.0,0
1571,1.0,0.0,0
1572,15761.0,7076.0,1000
1573,201.0,3984.0,999
1574,170761.0,3992.0,1000
1575,131.0,0.0,0
1576,1.0,0.0,0
1577,1.0,1790.0,896
1578,1.0,1379.0,691
1579,481.0,0.0,0
1580,1.0,0.0,0
1581,1.0,18.0,11
1582,1.0,22.0,12
1583,1.0,2.0,2
1584,1.0,6.0,4
1585,1.0,10.0,6
1586,1.0,1931.0,968
1587,1.0,5.0,4
1588,1.0,8.0,5
1589,1.0,6.0,4
1590,1.0,1978.0,990
1591,1.0,0.0,0
1592,1.0,2.0,2
1593,1.0,0.0,0
1594,1.0,0.0,0
1595,81.0,1998.0,1000
1596,1.0,0.0,0
1597,1.0,0.0,0
1598,1.0,0.0,0
1599,1.0,1642.0,822
1600,1.0,2.0,2
1601,1.0,2.0,2
1602,1.0,4.0,3
1603,1.0,6.0,4
1604,1.0,17.0,10
1605,1.0,4.0,3
1606,1.0,1971.0,987
1607,141.0,1998.0,1000
1608,1.0,0.0,0
1609,1.0,0.0,0
1610,1.0,0.0,0
1611,1.0,16.0,9
1612,601.0,4000.0,1000
1613,1.0,4.0,3
1614,1.0,4.0,3
1615,1.0,0.0,0
1616,1.0,0.0,0
1617,11.0,1986.0,994
1618,1.0,0.0,0
1619,1.0,0.0,0
1620,1.0,0.0,0
1621,1.0,2.0,2
1622,1.0,6.0,4
1623,1.0,10.0,6
1624,1.0,1972.0,987
1625,1.0,8.0,5
1626,1.0,4.0,3
1627,1.0,1939.0,971
1628,1.0,41.0,22
1629,1.0,6.0,4
1630,1.0,8.0,5
1631,1.0,0.0,0
1632,1.0,24.0,13
1633,11.0,0.0,0
1634,2081.0,6308.0,997
1635,121.0,1996.0,999
1636,1.0,38.0,20
1637,1.0,0.0,0
1638,561.0,1866.0,909
1639,21.0,0.0,0
1640,1.0,0.0,0
1641,1.0,0.0,0
1642,101.0,0.0,0
1643,1.0,518.0,260
1644,424891.0,1998.0,1000
1645,101.0,0.0,0
1646,21.0,0.0,0
1647,221.0,0.0,0
1648,1.0,0.0,0
1649,80461.0,27604.0,996
1650,37771.0,23302.0,999
1651,1.0,0.0,0
1652,31.0,0.0,0
1653,1011.0,268.0,31
1654,1.0,0.0,0
1655,421.0,2234.0,996
1656,81.0,0.0,0
1657,1.0,0.0,0
1658,1.0,2.0,2
1659,1.0,0.0,0
1660,1.0,0.0,0
1661,1.0,0.0,0
1662,8891.0,2018.0,999
1663,251.0,84.0,22
1664,1.0,0.0,0
1665,1.0,0.0,0
1666,61.0,0.0,0
1667,1.0,0.0,0
1668,1.0,0.0,0
1669,54851.0,3100.0,1000
1670,11.0,0.0,0
1671,1.0,0.0,0
1672,1.0,1106.0,554
1673,1.0,0.0,0
1674,1.0,1980.0,991
1675,1.0,2.0,2
1676,1.0,4.0,3
1677,481.0,1998.0,1000
1678,1.0,0.0,0
1679,161.0,3992.0,1000
1680,1.0,0.0,0
1681,61.0,2002.0,1000
1682,1.0,8.0,5
1683,1.0,0.0,0
1684,1.0,0.0,0
1685,1.0,0.0,0
1686,21.0,1998.0,1000
1687,1.0,0.0,0
1688,81.0,0.0,0
1689,65751.0,92594.0,924
1690,17201.0,91624.0,837
1691,1.0,1548.0,775
1692,1.0,8.0,5
1693,1.0,428.0,215
1694,1.0,4.0,3
1695,1.0,0.0,0
1696,1.0,2.0,2
1697,21.0,1996.0,999
1698,1.0,6.0,4
1699,1.0,0.0,0
1700,1.0,0.0,0
1701,1.0,0.0,0
1702,1.0,0.0,0
1703,21.0,1994.0,998
1704,1.0,0.0,0
1705,161.0,3980.0,998
1706,1.0,6.0,4
1707,1.0,1928.0,965
1708,1.0,2.0,2
1709,1.0,4.0,3
1710,1.0,54.0,28
1711,1.0,38.0,20
1712,1.0,16.0,9
1713,1.0,114.0,58
1714,1.0,4.0,3
1715,1.0,10.0,6
1716,1.0,4.0,3
1717,1.0,502.0,252
1718,91.0,5962.0,998
1719,81.0,1990.0,996
1720,1.0,24.0,13
1721,1.0,0.0,0
1722,1.0,0.0,0
1723,21.0,0.0,0
1724,31.0,0.0,0
1725,31.0,0.0,0
1726,1.0,24.0,13
1727,1.0,0.0,0
1728,1.0,0.0,0
1729,1.0,24.0,13
1730,1.0,0.0,0
1731,1.0,0.0,0
1732,1.0,1968.0,985
1733,1.0,0.0,0
1734,1.0,0.0,0
1735,1441.0,11602.0,986
1736,11.0,0.0,0
1737,51.0,0.0,0
1738,1.0,13.0,8
1739,461.0,7868.0,996
1740,1.0,14.0,8
1741,41.0,0.0,0
1742,1.0,0.0,0
1743,21.0,1994.0,998
1744,301.0,3928.0,984
1745,1.0,0.0,0
1746,1.0,13.0,8
1747,1.0,0.0,0
1748,1.0,0.0,0
1749,81.0,1996.0,999
1750,61.0,0.0,0
1751,1.0,46.0,24
1752,1.0,1938.0,970
1753,1.0,2.0,2
1754,1.0,6.0,4
1755,1.0,6.0,4
1756,1.0,0.0,0
1757,1.0,0.0,0
1758,41.0,1994.0,998
1759,1.0,4.0,3
1760,1.0,846.0,424
1761,1.0,7.0,5
1762,1.0,18.0,10
1763,1.0,4.0,3
1764,1.0,1086.0,544
1765,111.0,0.0,0
1766,1.0,0.0,0
1767,1.0,0.0,0
1768,1.0,26.0,14
1769,1.0,8.0,5
1770,1.0,4.0,3
1771,1.0,156.0,79
1772,1.0,1830.0,916
1773,11.0,0.0,0
1774,1.0,0.0,0
1775,21.0,1994.0,998
1776,38371.0,3988.0,1000
1777,61.0,3976.0,997
1778,51.0,8.0,4
1779,1.0,4.0,3
1780,621.0,0.0,0
1781,1.0,0.0,0
1782,901.0,1998.0,1000
1783,1.0,24.0,13
1784,1.0,1967.0,985
1785,1.0,2.0,2
1786,1.0,5.0,4
1787,1.0,0.0,0
1788,1.0,0.0,0
1789,1911.0,1998.0,1000
1790,1.0,0.0,0
1791,1.0,0.0,0
1792,61.0,0.0,0
1793,1.0,0.0,0
1794,1.0,2.0,2
1795,1.0,0.0,0
1796,41.0,1996.0,999
1797,1.0,0.0,0
1798,1.0,52.0,27
1799,1.0,4.0,3
1800,1.0,4.0,3
1801,1.0,1699.0,851
1802,1.0,203.0,103
1803,1.0,36.0,19
1804,1.0,8.0,5
1805,1.0,6.0,4
1806,1.0,35.0,19
1807,31.0,24.0,9
1808,41.0,1992.0,997
1809,1.0,10.0,6
1810,1.0,0.0,0
1811,1.0,0.0,0
1812,1.0,0.0,0
1813,4481.0,9836.0,1000
1814,1.0,0.0,0
1815,101.0,5942.0,998
1816,1.0,0.0,0
1817,1.0,1924.0,963
1818,1.0,2.0,2
1819,61.0,1996.0,999
1820,11.0,0.0,0
1821,1.0,0.0,0
1822,11.0,0.0,0
1823,1.0,0.0,0
1824,1.0,0.0,0
1825,1.0,0.0,0
1826,1.0,0.0,0
1827,1.0,51.0,27
1828,1.0,0.0,0
1829,1.0,0.0,0
1830,71.0,0.0,0
1831,1.0,0.0,0
1832,1.0,0.0,0
1833,142661.0,5680.0,1000
1834,1791.0,2416.0,118
1835,1.0,0.0,0
1836,1.0,0.0,0
1837,1.0,50.0,26
1838,1.0,0.0,0
1839,1.0,1970.0,986
1840,261.0,0.0,0
1841,1.0,0.0,0
1842,1.0,42.0,22
1843,1.0,0.0,0
1844,1.0,0.0,0
1845,181361.0,1998.0,1000
1846,31.0,0.0,0
1847,121.0,0.0,0
1848,1.0,0.0,0
1849,1.0,0.0,0
1850,141.0,0.0,0
1851,1.0,44.0,23
1852,5061.0,4028.0,1000
1853,91.0,0.0,0
1854,641.0,10580.0,991
1855,141.0,0.0,0
1856,1.0,396.0,199
1857,241.0,0.0,0
1858,1.0,0.0,0
1859,1.0,0.0,0
1860,21.0,1998.0,1000
1861,1.0,0.0,0
1862,1.0,0.0,0
1863,251.0,4866.0,616
1864,1.0,0.0,0
1865,371.0,646.0,324
1866,1.0,0.0,0
1867,1.0,452.0,227
1868,361.0,0.0,0
1869,1.0,0.0,0
1870,1.0,0.0,0
1871,1.0,0.0,0
1872,2081.0,6938.0,996
1873,1401.0,3968.0,999
1874,1.0,1122.0,562
1875,5271.0,8078.0,1000
1876,1.0,0.0,0
1877,66431.0,18840.0,1000
1878,11.0,0.0,0
1879,151.0,0.0,0
1880,561.0,2016.0,1000
1881,11.0,0.0,0
1882,1.0,0.0,0
1883,21.0,0.0,0
1884,1.0,0.0,0
1885,21.0,0.0,0
1886,1.0,0.0,0
1887,1.0,0.0,0
1888,1.0,0.0,0
1889,1.0,0.0,0
1890,1.0,0.0,0
1891,1.0,0.0,0
1892,1.0,0.0,0
1893,1.0,22.0,12
1894,1.0,781.0,392
1895,1.0,2.0,2
1896,1.0,241.0,122
1897,1.0,172.0,87
1898,1.0,7.0,5
1899,1.0,0.0,0
1900,3581.0,1998.0,1000
1901,1.0,0.0,0
1902,101.0,0.0,0
1903,481.0,2000.0,1000
1904,1.0,0.0,0
1905,1361.0,24.0,13
1906,6281.0,18910.0,900
1907,42341.0,17472.0,997
1908,1.0,0.0,0
1909,1.0,0.0,0
1910,1.0,0.0,0
1911,11.0,1992.0,997
1912,1341.0,15594.0,982
1913,1.0,0.0,0
1914,1.0,0.0,0
1915,1.0,0.0,0
1916,311.0,0.0,0
1917,1.0,30.0,16
1918,1.0,0.0,0
1919,111.0,1998.0,1000
1920,11.0,0.0,0
1921,1.0,0.0,0
1922,61.0,1996.0,999
1923,1.0,0.0,0
1924,1.0,0.0,0
1925,1.0,0.0,0
1926,1201.0,0.0,0
1927,31.0,1828.0,915
1928,1.0,1692.0,848
1929,1.0,1990.0,996
1930,91.0,0.0,0
1931,1.0,0.0,0
1932,1.0,0.0,0
1933,1.0,0.0,0
1934,1.0,1538.0,770
1935,3691.0,27098.0,292
1936,1.0,0.0,0
1937,1851.0,0.0,0
1938,61.0,0.0,0
1939,201.0,0.0,0
1940,1.0,0.0,0
1941,1.0,0.0,0
1942,1.0,0.0,0
1943,1.0,494.0,249
1944,1.0,0.0,0
1945,321.0,11796.0,990
1946,1.0,0.0,0
1947,20001.0,116330.0,896
1948,1.0,1765.0,884
1949,141.0,0.0,0
1950,1.0,0.0,0
1951,1.0,0.0,0
1952,1.0,0.0,0
1953,1.0,0.0,0
1954,71.0,1996.0,999
1955,1.0,0.0,0
1956,1.0,1986.0,994
1957,1.0,0.0,0
1958,1.0,760.0,382
1959,1.0,1652.0,828
1960,6081.0,62330.0,913
1961,181.0,52.0,27
1962,5071.0,41966.0,490
1963,1.0,1980.0,991
1964,31.0,1992.0,997
1965,2441.0,0.0,0
1966,1.0,0.0,0
1967,21.0,0.0,0
1968,301.0,0.0,0
1969,2621.0,0.0,0
1970,31.0,1994.0,998
1971,1.0,0.0,0
1972,1.0,4.0,3
1973,11.0,0.0,0
1974,1.0,10.0,6
1975,1.0,8.0,5
1976,1.0,50.0,26
1977,1.0,0.0,0
1978,1841.0,4336.0,999
1979,41.0,1996.0,999
1980,1.0,360.0,181
1981,1.0,0.0,0
1982,11.0,2.0,2
1983,11.0,1996.0,999
1984,1.0,0.0,0
1985,1.0,0.0,0
1986,1.0,4.0,3
1987,1.0,8.0,5
1988,1.0,6.0,4
1989,1.0,1974.0,988
1990,1.0,0.0,0
1991,1.0,0.0,0
1992,1.0,676.0,339
1993,1.0,0.0,0
1994,1.0,0.0,0
1995,61.0,1994.0,998
1996,1.0,0.0,0
1997,61.0,0.0,0
1998,1.0,0.0,0
1999,1.0,241.0,123
2000,7841.0,14692.0,244
2001,21.0,1990.0,996
2002,1.0,0.0,0
2003,111.0,1996.0,999
2004,1331.0,0.0,0
2005,2031.0,4018.0,106
2006,1.0,0.0,0
2007,31.0,0.0,0
2008,1.0,233.0,119
2009,1.0,0.0,0
2010,21.0,0.0,0
2011,1.0,437.0,220
2012,1.0,0.0,0
2013,2341.0,11874.0,174
2014,1.0,0.0,0
2015,261.0,0.0,0
2016,1.0,0.0,0
2017,1.0,1977.0,990
2018,1.0,0.0,0
2019,31.0,0.0,0
2020,1.0,1979.0,991
2021,1.0,778.0,390
2022,1.0,0.0,0
2023,1.0,1956.0,979
2024,1241.0,7012.0,999
2025,1.0,0.0,0
2026,1.0,0.0,0
2027,1.0,0.0,0
2028,1.0,0.0,0
2029,21.0,0.0,0
2030,21.0,0.0,0
2031,1.0,1788.0,895
2032,1.0,0.0,0
2033,1.0,0.0,0
2034,1861.0,1998.0,1000
2035,1.0,1414.0,708
2036,1.0,233.0,119
2037,1.0,1796.0,899
2038,1.0,0.0,0
2039,101.0,0.0,0
2040,81.0,0.0,0
2041,1.0,1926.0,964
2042,1.0,1966.0,984
2043,1.0,0.0,0
2044,8461.0,2850.0,1000
2045,1.0,0.0,0
2046,1.0,0.0,0
2047,1.0,0.0,0
2048,1.0,0.0,0
2049,1.0,0.0,0
2050,1.0,1964.0,983
2051,1561.0,2282.0,378
2052,1.0,0.0,0
2053,1.0,0.0,0
2054,1.0,0.0,0
2055,1.0,193.0,98
2056,41.0,1992.0,997
2057,1.0,0.0,0
2058,401.0,13438.0,983
2059,481.0,3952.0,991
2060,6901.0,5402.0,1000
2061,3881.0,6296.0,1000
2062,1.0,0.0,0
2063,21.0,0.0,0
2064,31.0,0.0,0
2065,471.0,0.0,0
2066,11.0,0.0,0
2067,1.0,1176.0,589
2068,1.0,1269.0,636
2069,1.0,0.0,0
2070,21.0,3988.0,999
2071,1.0,0.0,0
2072,1.0,238.0,121
2073,1.0,0.0,0
2074,1.0,5.0,4
2075,1.0,14.0,8
2076,1.0,1954.0,978
2077,1.0,7.0,5
2078,1.0,6.0,4
2079,1.0,4.0,3
2080,1.0,10.0,6
2081,1.0,11.0,7
2082,221.0,3970.0,995
2083,1.0,12.0,7
2084,1.0,0.0,0
2085,1.0,12.0,7
2086,1.0,0.0,0
2087,1.0,12.0,7
2088,531.0,62.0,28
2089,60041.0,2052.0,1000
2090,1.0,0.0,0
2091,1.0,100.0,51
2092,1.0,6.0,4
2093,1.0,2.0,2
2094,1.0,1216.0,609
2095,1.0,1970.0,986
2096,1.0,10.0,6
2097,1.0,2.0,2
2098,1.0,2.0,2
2099,1.0,4.0,3
2100,1.0,0.0,0
2101,291.0,1996.0,999
2102,1.0,2.0,2
2103,31.0,0.0,0
2104,51861.0,46728.0,972
2105,27531.0,54148.0,909
2106,1.0,6.0,4
2107,1.0,1922.0,962
2108,1.0,4.0,3
2109,1.0,70.0,36
2110,1.0,64.0,33
2111,1.0,7.0,5
2112,1.0,5.0,4
2113,1.0,6.0,4
2114,1.0,6.0,4
2115,1.0,4.0,3
2116,1.0,0.0,0
2117,1.0,0.0,0
2118,541.0,1428.0,715
2119,2031.0,466.0,230
2120,1.0,12.0,7
2121,451.0,112.0,57
2122,1.0,0.0,0
2123,1.0,0.0,0
2124,1.0,0.0,0
2125,1.0,0.0,0
2126,1.0,12.0,7
2127,1.0,11.0,7
2128,51.0,1986.0,994
2129,71.0,20.0,7
2130,1.0,11.0,7
2131,1.0,0.0,0
2132,21.0,1998.0,1000
2133,1.0,0.0,0
2134,1.0,0.0,0
2135,61.0,3980.0,997
2136,61.0,12.0,5
2137,1.0,2.0,2
2138,1.0,4.0,3
2139,1.0,1126.0,564
2140,1.0,0.0,0
2141,1.0,0.0,0
2142,1.0,0.0,0
2143,1.0,40.0,21
2144,1.0,894.0,448
2145,1.0,6.0,4
2146,1.0,2.0,2
2147,1.0,16.0,9
2148,1.0,944.0,473
2149,1.0,96.0,49
2150,11.0,2.0,2
2151,1821.0,4000.0,1000
2152,61.0,0.0,0
2153,1.0,0.0,0
2154,1.0,4.0,3
2155,1.0,6.0,4
2156,1.0,4.0,3
2157,1.0,1154.0,578
2158,1.0,0.0,0
2159,1.0,0.0,0
2160,1.0,4.0,3
2161,1.0,0.0,0
2162,1.0,0.0,0
2163,1.0,0.0,0
2164,1.0,0.0,0
2165,1.0,4.0,3
2166,1.0,0.0,0
2167,1.0,14.0,8
2168,1.0,654.0,328
2169,1.0,654.0,328
2170,1.0,4.0,3
2171,41.0,1998.0,1000
2172,1.0,0.0,0
2173,31.0,3712.0,930
2174,31.0,268.0,69
2175,1.0,0.0,0
2176,1.0,0.0,0
2177,1.0,0.0,0
2178,1.0,0.0,0
2179,1.0,2.0,2
2180,1.0,0.0,0
2181,21.0,1996.0,999
2182,1.0,0.0,0
2183,1.0,1982.0,992
2184,1.0,2.0,2
2185,1.0,6.0,4
2186,1.0,2.0,2
2187,1.0,4.0,3
2188,1901.0,1982.0,987
2189,871.0,26.0,14
2190,11.0,0.0,0
2191,1.0,0.0,0
2192,711.0,1946.0,974
2193,1.0,14.0,8
2194,1.0,0.0,0
2195,1.0,0.0,0
2196,1.0,0.0,0
2197,1561.0,1998.0,1000
2198,1.0,0.0,0
2199,1.0,0.0,0
2200,1.0,0.0,0
2201,1.0,0.0,0
2202,5071.0,1998.0,1000
2203,11.0,0.0,0
2204,1.0,1170.0,586
2205,3171.0,6038.0,123
2206,11781.0,53350.0,997
2207,1.0,0.0,0
2208,2221.0,274.0,55
2209,7461.0,59164.0,890
2210,1.0,0.0,0
2211,11.0,0.0,0
2212,1.0,0.0,0
2213,1.0,0.0,0
2214,1.0,0.0,0
2215,1.0,0.0,0
2216,1.0,0.0,0
2217,1.0,0.0,0
2218,21.0,1998.0,1000
2219,211.0,4.0,3
2220,11.0,0.0,0
2221,141.0,8.0,5
2222,1.0,4.0,3
2223,1.0,0.0,0
2224,61.0,0.0,0
2225,1.0,6.0,4
2226,1.0,6.0,4
2227,1.0,28.0,15
2228,1.0,0.0,0
2229,1.0,0.0,0
2230,1.0,0.0,0
2231,1.0,0.0,0
2232,1.0,0.0,0
2233,1.0,0.0,0
2234,1.0,4.0,3
2235,1.0,145.0,74
2236,1.0,8.0,5
2237,1.0,4.0,3
2238,1.0,1281.0,642
2239,1.0,0.0,0
2240,1.0,0.0,0
2241,41.0,0.0,0
2242,491.0,12.0,5
2243,871.0,3976.0,997
2244,7091.0,8720.0,999
2245,1.0,1390.0,696
2246,1.0,0.0,0
2247,1.0,0.0,0
2248,1.0,0.0,0
2249,1431.0,0.0,0
2250,20531.0,90066.0,988
2251,1.0,1980.0,991
2252,36651.0,66690.0,986
2253,81.0,5948.0,998
2254,54461.0,6278.0,1000
2255,371.0,1908.0,321
2256,1.0,8.0,5
2257,1.0,8.0,5
2258,1.0,12.0,7
2259,1.0,12.0,7
2260,1.0,0.0,0
2261,1.0,0.0,0
2262,1.0,0.0,0
2263,1.0,12.0,7
2264,1.0,0.0,0
2265,1.0,12.0,7
2266,1.0,0.0,0
2267,31.0,3972.0,995
2268,21.0,0.0,0
2269,1.0,12.0,7
2270,1.0,0.0,0
2271,21.0,0.0,0
2272,921.0,14.0,8
2273,531.0,210.0,26
2274,2471.0,2218.0,993
2275,1.0,0.0,0
2276,1.0,0.0,0
2277,1.0,12.0,7
2278,1.0,8.0,5
2279,1.0,1984.0,993
2280,1.0,10.0,6
2281,1.0,8.0,5
2282,1.0,0.0,0
2283,321.0,3538.0,999
2284,2031.0,3930.0,999
2285,1.0,504.0,253
2286,1.0,128.0,65
2287,331.0,78.0,40
2288,68771.0,12568.0,999
2289,1.0,0.0,0
2290,1.0,0.0,0
2291,4721.0,1998.0,1000
2292,1.0,0.0,0
2293,3301.0,2166.0,1000
2294,1.0,0.0,0
2295,1.0,4.0,3
2296,1.0,4.0,3
2297,11.0,1992.0,997
2298,1.0,0.0,0
2299,1.0,0.0,0
2300,31.0,6.0,4
2301,1.0,4.0,3
2302,1.0,22.0,12
2303,1.0,24.0,13
2304,1.0,6.0,4
2305,1.0,158.0,80
2306,1.0,396.0,199
2307,1.0,24.0,13
2308,1.0,18.0,10
2309,1.0,10.0,6
2310,1.0,870.0,436
2311,1.0,48.0,25
2312,1.0,0.0,0
2313,261.0,10.0,6
2314,1.0,0.0,0
2315,1.0,0.0,0
2316,41.0,1994.0,998
2317,1.0,0.0,0
2318,11.0,0.0,0
2319,1.0,0.0,0
2320,1.0,810.0,406
2321,1.0,20.0,11
2322,1.0,8.0,5
2323,1.0,4.0,3
2324,1.0,308.0,155
2325,1.0,0.0,0
2326,1.0,0.0,0
2327,1.0,0.0,0
2328,1.0,0.0,0
2329,1.0,0.0,0
2330,1.0,4.0,3
2331,11.0,0.0,0
2332,41.0,0.0,0
2333,71.0,1994.0,998
2334,1.0,0.0,0
2335,1.0,4.0,3
2336,1.0,10.0,6
2337,1.0,8.0,5
2338,1.0,1984.0,993
2339,41.0,1996.0,999
2340,1.0,0.0,0
2341,1.0,2.0,2
2342,1.0,0.0,0
2343,1.0,0.0,0
2344,1.0,1226.0,614
2345,1.0,0.0,0
2346,1441.0,2002.0,1000
2347,1.0,0.0,0
2348,91.0,0.0,0
2349,1.0,0.0,0
2350,1.0,0.0,0
2351,611.0,5894.0,996
2352,1.0,10.0,6
2353,1.0,10.0,6
2354,1.0,12.0,7
2355,1.0,0.0,0
2356,1.0,1934.0,968
2357,1.0,0.0,0
2358,1.0,0.0,0
2359,1.0,0.0,0
2360,361.0,3980.0,997
2361,1.0,4.0,3
2362,21.0,0.0,0
2363,241.0,2006.0,1000
2364,21.0,0.0,0
2365,1.0,9.0,6
2366,1.0,9.0,6
2367,1.0,0.0,0
2368,14911.0,1998.0,1000
2369,41.0,0.0,0
2370,11.0,0.0,0
2371,1.0,0.0,0
2372,3081.0,1998.0,1000
2373,61.0,4.0,3
2374,1.0,0.0,0
2375,91.0,0.0,0
2376,1.0,0.0,0
2377,1251.0,1376.0,163
2378,191.0,0.0,0
2379,14161.0,13036.0,999
2380,21.0,1998.0,1000
2381,1.0,0.0,0
2382,1.0,0.0,0
2383,721.0,3992.0,1000
2384,1.0,0.0,0
2385,1.0,152.0,77
2386,1.0,0.0,0
2387,1.0,17.0,11
2388,1.0,4.0,3
2389,1.0,1735.0,871
2390,1.0,2.0,2
2391,1.0,0.0,0
2392,1751.0,1996.0,999
2393,11.0,0.0,0
2394,11.0,0.0,0
2395,131.0,0.0,0
2396,1.0,0.0,0
2397,281.0,1996.0,999
2398,1.0,0.0,0
2399,1.0,2.0,2
2400,1.0,0.0,0
2401,1.0,0.0,0
2402,1.0,0.0,0
2403,1.0,0.0,0
2404,1.0,0.0,0
2405,1.0,0.0,0
2406,1.0,2.0,2
2407,1.0,1934.0,968
2408,1.0,8.0,5
2409,1.0,40.0,21
2410,1.0,8.0,5
2411,1.0,8.0,5
2412,1.0,0.0,0
2413,1.0,0.0,0
2414,11.0,1992.0,997
2415,1.0,0.0,0
2416,1.0,4.0,3
2417,31.0,0.0,0
2418,1.0,1988.0,995
2419,51.0,3982.0,1000
2420,1.0,16.0,9
2421,1.0,8.0,5
2422,1.0,1960.0,981
2423,1.0,6.0,4
2424,1.0,12.0,7
2425,1.0,4.0,3
2426,1.0,1984.0,993
2427,1.0,4.0,3
2428,1.0,6.0,4
2429,1.0,2.0,2
2430,101.0,1996.0,999
2431,1.0,0.0,0
2432,1.0,2.0,2
2433,1.0,27.0,15
2434,1.0,207.0,105
2435,1.0,6.0,4
2436,1.0,1736.0,869
2437,1.0,0.0,0
2438,4001.0,9600.0,172
2439,1.0,1876.0,939
2440,1.0,0.0,0
2441,31.0,1984.0,993
2442,261.0,1996.0,999
2443,49121.0,3990.0,1000
2444,1.0,0.0,0
2445,202841.0,37978.0,988
2446,1191.0,710.0,76
2447,1.0,0.0,0
2448,101.0,0.0,0
2449,1.0,0.0,0
2450,1.0,0.0,0
2451,1.0,0.0,0
2452,1.0,6.0,4
2453,1.0,0.0,0
2454,1.0,0.0,0
2455,1.0,0.0,0
2456,1.0,2.0,2
2457,41.0,1996.0,999
2458,1.0,4.0,3
2459,1.0,1772.0,887
2460,1.0,20.0,11
2461,1.0,202.0,102
2462,1.0,4.0,3
2463,1.0,14.0,8
2464,1.0,9.0,6
2465,1.0,8.0,5
2466,1.0,2.0,2
2467,1.0,0.0,0
2468,51.0,0.0,0
2469,1.0,0.0,0
2470,171.0,2000.0,999
2471,1.0,0.0,0
2472,61.0,2.0,2
2473,11.0,0.0,0
2474,1.0,0.0,0
2475,1.0,8.0,5
2476,1.0,0.0,0
2477,1.0,0.0,0
2478,1.0,0.0,0
2479,1.0,0.0,0
2480,1.0,8.0,5
2481,1.0,8.0,5
2482,1.0,0.0,0
2483,1.0,0.0,0
2484,1.0,0.0,0
2485,1101.0,7926.0,999
2486,41.0,5948.0,995
2487,421.0,8.0,5
2488,165071.0,258396.0,998
2489,1.0,1224.0,613
2490,1.0,0.0,0
2491,144701.0,3984.0,1000
2492,1.0,0.0,0
2493,1.0,14.0,8
2494,1.0,806.0,404
2495,1.0,6.0,4
2496,1.0,0.0,0
2497,1.0,0.0,0
2498,1.0,0.0,0
2499,191.0,0.0,0
2500,1.0,0.0,0
2501,4201.0,5924.0,1000
2502,731.0,7846.0,985
2503,1.0,0.0,0
2504,1.0,40.0,21
2505,1.0,4.0,3
2506,1.0,807.0,405
2507,1.0,1079.0,541
2508,1.0,22.0,12
2509,1.0,10.0,6
2510,1.0,6.0,4
2511,1.0,4.0,3
2512,1.0,2.0,2
2513,551.0,0.0,0
2514,41.0,1996.0,999
2515,1.0,1952.0,977
2516,61.0,0.0,0
2517,51.0,0.0,0
2518,11.0,0.0,0
2519,1.0,0.0,0
2520,1.0,0.0,0
2521,1.0,0.0,0
2522,39641.0,10070.0,1000
2523,2301.0,0.0,0
2524,141.0,1996.0,999
2525,11.0,0.0,0
2526,1481.0,1996.0,999
2527,1.0,0.0,0
2528,1.0,1866.0,935
2529,1.0,1650.0,826
2530,11.0,1992.0,997
2531,571.0,0.0,0
2532,551.0,10162.0,645
2533,1.0,0.0,0
2534,1.0,0.0,0
2535,1.0,1076.0,540
2536,41.0,0.0,0
2537,1.0,659.0,331
2538,91.0,0.0,0
2539,1.0,0.0,0
2540,1.0,0.0,0
2541,1.0,606.6666666666666,305
2542,1.0,0.0,0
2543,141.0,0.0,0
2544,1.0,1715.0,859
2545,1.0,0.0,0
2546,11.0,0.0,0
2547,1.0,0.0,0
2548,121.0,0.0,0
2549,251.0,0.0,0
2550,1821.0,5812.0,493
2551,1.0,0.0,0
2552,24621.0,143082.0,982
2553,71.0,0.0,0
2554,1.0,579.6666666666666,292
2555,191.0,0.0,0
2556,281.0,0.0,0
2557,1.0,867.0,435
2558,1.0,0.0,0
2559,1.0,1220.0,612
2560,1.0,0.0,0
2561,1821.0,0.0,0
2562,1.0,0.0,0
2563,51.0,0.0,0
2564,1.0,0.0,0
2565,1.0,0.0,0
2566,1.0,0.0,0
2567,1.0,0.0,0
2568,291.0,0.0,0
2569,1.0,0.0,0
2570,11.0,0.0,0
2571,1.0,0.0,0
2572,1.0,54.0,28
2573,171.0,0.0,0
2574,1.0,42.0,22
2575,1.0,54.0,28
2576,1.0,0.0,0
2577,1.0,0.0,0
2578,7511.0,4004.0,1000
2579,1.0,0.0,0
2580,4131.0,5996.0,999
2581,1.0,0.0,0
2582,1.0,0.0,0
2583,1.0,0.0,0
2584,681.0,1994.0,998
2585,1.0,4.0,3
2586,1.0,6.0,4
2587,1.0,10.0,6
2588,1.0,1934.0,968
2589,1.0,52.0,27
2590,81.0,1994.0,998
2591,1.0,4.0,3
2592,1.0,4.0,3
2593,1.0,0.0,0
2594,1.0,0.0,0
2595,1.0,0.0,0
2596,1.0,0.0,0
2597,1.0,2.0,2
2598,1.0,22.0,12
2599,1.0,6.0,4
2600,1.0,8.0,5
2601,1.0,36.0,19
2602,1.0,0.0,0
2603,1.0,0.0,0
2604,1.0,0.0,0
2605,91.0,48.0,10
2606,1.0,0.0,0
2607,1.0,0.0,0
2608,11.0,0.0,0
2609,31.0,0.0,0
2610,1.0,0.0,0
2611,11.0,0.0,0
2612,11.0,0.0,0
2613,1.0,23.0,13
2614,241.0,24.0,13
2615,1541.0,2010.0,1000
2616,1.0,0.0,0
2617,211.0,3992.0,1000
2618,1.0,0.0,0
2619,1.0,0.0,0
2620,1.0,0.0,0
2621,1.0,0.0,0
2622,1.0,0.0,0
2623,351.0,1998.0,1000
2624,1.0,4.0,3
2625,1.0,0.0,0
2626,1.0,4.0,3
2627,1.0,0.0,0
2628,1.0,0.0,0
2629,1.0,10.0,6
2630,1.0,0.0,0
2631,1.0,0.0,0
2632,1.0,0.0,0
2633,21.0,2000.0,1000
2634,21.0,48.0,11
2635,1.0,0.0,0
2636,1.0,0.0,0
2637,1.0,0.0,0
2638,1.0,0.0,0
2639,71.0,0.0,0
2640,11.0,0.0,0
2641,1.0,0.0,0
2642,31.0,0.0,0
2643,51.0,0.0,0
2644,61.0,1998.0,1000
2645,1.0,0.0,0
2646,21.0,0.0,0
2647,1.0,1982.0,992
2648,201.0,7936.0,998
2649,1.0,4.0,3
2650,11.0,1318.0,660
2651,1.0,4.0,3
2652,1.0,6.0,4
2653,1.0,23.0,13
2654,2411.0,1998.0,1000
2655,1.0,0.0,0
2656,211.0,5976.0,999
2657,1.0,0.0,0
2658,181.0,2000.0,1000
2659,1.0,10.0,6
2660,1.0,1986.0,994
2661,1.0,10.0,6
2662,1.0,8.0,5
2663,1.0,1978.0,990
2664,1.0,0.0,0
2665,11.0,0.0,0
2666,51.0,0.0,0
2667,1.0,0.0,0
2668,1.0,1980.0,991
2669,31.0,0.0,0
2670,1.0,0.0,0
2671,1.0,0.0,0
2672,1.0,0.0,0
2673,1.0,8.0,5
2674,1.0,8.0,5
2675,1.0,0.0,0
2676,1.0,0.0,0
2677,1.0,42.0,22
2678,1.0,10.0,6
2679,241.0,3980.0,998
2680,101.0,1998.0,1000
2681,1.0,0.0,0
2682,1.0,0.0,0
2683,1.0,0.0,0
2684,1.0,0.0,0
2685,1.0,0.0,0
2686,5611.0,12736.0,988
2687,11.0,0.0,0
2688,6191.0,2746.0,690
2689,381.0,26.0,14
2690,1.0,0.0,0
2691,11.0,0.0,0
2692,1.0,2.0,2
2693,221.0,1534.0,768
2694,1.0,0.0,0
2695,411.0,8.0,5
2696,281.0,456.0,229
2697,1771.0,6618.0,828
2698,21.0,0.0,0
2699,31.0,0.0,0
2700,51.0,0.0,0
2701,1.0,18.0,11
2702,211.0,0.0,0
2703,161.0,0.0,0
2704,271.0,5954.0,997
2705,11.0,0.0,0
2706,1.0,19.0,11
2707,1.0,0.0,0
2708,1.0,0.0,0
2709,1.0,0.0,0
2710,1.0,0.0,0
2711,411.0,80.0,14
2712,1.0,0.0,0
2713,1.0,1322.0,662
2714,1.0,14.0,8
2715,1.0,12.0,7
2716,1.0,4.0,3
2717,1.0,16.0,9
2718,1.0,636.0,319
2719,1.0,10.0,6
2720,1.0,10.0,6
2721,1.0,0.0,0
2722,471.0,1998.0,1000
2723,11.0,0.0,0
2724,441.0,0.0,0
2725,71.0,0.0,0
2726,1.0,77.0,40
2727,1.0,0.0,0
2728,1.0,0.0,0
2729,1.0,0.0,0
2730,101.0,1996.0,999
2731,1.0,0.0,0
2732,521.0,0.0,0
2733,1.0,38.0,21
2734,1.0,0.0,0
2735,1.0,0.0,0
2736,1.0,0.0,0
2737,11.0,0.0,0
2738,1.0,0.0,0
2739,1.0,0.0,0
2740,1.0,38.0,21
2741,1.0,174.0,88
2742,1.0,39.0,21
2743,911.0,18.0,10
2744,2551.0,2430.0,147
2745,21.0,0.0,0
2746,711.0,1996.0,999
2747,1.0,0.0,0
2748,1.0,0.0,0
2749,1.0,0.0,0
2750,91.0,0.0,0
2751,1.0,0.0,0
2752,1.0,0.0,0
2753,1.0,0.0,0
2754,221.0,1998.0,1000
2755,1.0,36.0,20
2756,1.0,0.0,0
2757,1.0,41.0,22
2758,1.0,0.0,0
2759,1861.0,114.0,25
2760,181.0,0.0,0
2761,1.0,0.0,0
2762,1.0,0.0,0
2763,1.0,0.0,0
2764,1.0,0.0,0
2765,21.0,0.0,0
2766,1.0,0.0,0
2767,1.0,0.0,0
2768,1.0,38.0,20
2769,1.0,1976.0,989
2770,1.0,0.0,0
2771,1.0,2.0,2
2772,1.0,0.0,0
2773,291.0,2756.0,381
2774,1.0,0.0,0
2775,21.0,0.0,0
2776,1.0,0.0,0
2777,1.0,0.0,0
2778,1.0,0.0,0
2779,241.0,60.0,16
2780,11.0,0.0,0
2781,1.0,0.0,0
2782,1.0,0.0,0
2783,1.0,22.0,12
2784,1.0,0.0,0
2785,1.0,22.0,12
2786,31.0,0.0,0
2787,1.0,22.0,12
2788,1.0,22.0,12
2789,1.0,0.0,0
2790,51.0,1992.0,997
2791,1.0,0.0,0
2792,1.0,22.0,12
2793,1.0,0.0,0
2794,1.0,0.0,0
2795,1.0,0.0,0
2796,1.0,0.0,0
2797,1.0,0.0,0
2798,2141.0,1998.0,1000
2799,1.0,0.0,0
2800,1.0,4.0,3
2801,1.0,0.0,0
2802,1.0,0.0,0
2803,1.0,778.0,390
2804,1.0,2.0,2
2805,1.0,768.0,385
2806,1.0,4.0,3
2807,1.0,1666.0,834
2808,1.0,2.0,2
2809,1.0,0.0,0
2810,1681.0,0.0,0
2811,1.0,42.0,22
2812,1.0,0.0,0
2813,1961.0,2206.0,983
2814,1.0,0.0,0
2815,121.0,0.0,0
2816,1.0,0.0,0
2817,2961.0,22710.0,991
2818,1.0,0.0,0
2819,1.0,1946.0,974
2820,891.0,3968.0,999
2821,141.0,1998.0,1000
2822,1.0,0.0,0
2823,1.0,0.0,0
2824,1.0,0.0,0
2825,81.0,1990.0,996
2826,371.0,0.0,0
2827,1.0,0.0,0
2828,21.0,1996.0,999
2829,501.0,7004.0,993
2830,3971.0,772.0,172
2831,1.0,1962.0,982
2832,1.0,0.0,0
2833,1.0,0.0,0
2834,131.0,0.0,0
2835,281.0,3980.0,997
2836,1.0,0.0,0
2837,1.0,978.0,490
2838,13901.0,26292.0,845
2839,1.0,0.0,0
2840,1.0,0.0,0
2841,1.0,8.0,5
2842,1.0,0.0,0
2843,3561.0,47254.0,667
2844,11811.0,43844.0,822
2845,11771.0,14864.0,997
2846,1.0,0.0,0
2847,2951.0,19492.0,999
2848,1.0,0.0,0
2849,21.0,0.0,0
2850,51.0,0.0,0
2851,11.0,0.0,0
2852,1.0,0.0,0
2853,1.0,4.0,3
2854,1.0,0.0,0
2855,1.0,0.0,0
2856,1.0,8.0,5
2857,61.0,0.0,0
2858,1.0,0.0,0
2859,1.0,1970.0,986
2860,81.0,0.0,0
2861,731.0,10332.0,996
2862,1.0,0.0,0
2863,385091.0,14276.0,1000
2864,31.0,0.0,0
2865,1.0,0.0,0
2866,1.0,198.0,100
2867,3611.0,6090.0,1000
2868,1.0,0.0,0
2869,211.0,0.0,0
2870,1.0,0.0,0
2871,1.0,1920.0,961
2872,1.0,0.0,0
2873,1.0,0.0,0
2874,20661.0,6056.0,1000
2875,1.0,2.0,2
2876,1.0,704.0,353
2877,1.0,4.0,3
2878,1.0,22.0,12
2879,1.0,4.0,3
2880,1.0,1258.0,630
2881,1.0,6.0,4
2882,1.0,400.0,201
2883,1.0,652.0,329
2884,1.0,7.0,5
2885,1.0,678.0,340
2886,1.0,8.0,5
2887,1.0,26.0,14
2888,1.0,1690.0,846
2889,1.0,270.0,136
2890,1.0,17.0,10
2891,1.0,1886.0,944
2892,1.0,12.0,8
2893,1761.0,2032.0,1000
2894,1.0,0.0,0
2895,1.0,237.0,120
2896,1.0,16.0,9
2897,1.0,1705.0,854
2898,1.0,2.0,2
2899,91.0,0.0,0
2900,34151.0,261644.0,978
2901,1.0,0.0,0
2902,12181.0,6142.0,983
2903,1.0,0.0,0
2904,51.0,1994.0,998
2905,11.0,0.0,0
2906,261.0,2246.0,998
2907,1.0,0.0,0
2908,1.0,7.0,5
2909,1.0,0.0,0
2910,1.0,7.0,5
2911,21.0,1996.0,999
2912,1.0,0.0,0
2913,1.0,0.0,0
2914,1.0,0.0,0
2915,1.0,0.0,0
2916,1.0,896.0,450
2917,1.0,37.0,20
2918,1.0,16.0,9
2919,1.0,8.0,5
2920,1.0,642.0,322
2921,1.0,8.0,5
2922,1.0,7.0,5
2923,1.0,74.0,38
2924,1.0,6.0,5
2925,1841.0,3986.0,994
2926,1.0,0.0,0
2927,141.0,0.0,0
2928,1.0,16.0,9
2929,1.0,0.0,0
2930,1.0,0.0,0
2931,21.0,1992.0,997
2932,1.0,0.0,0
2933,1.0,0.0,0
2934,1.0,0.0,0
2935,1.0,0.0,0
2936,1.0,18.0,10
2937,1.0,0.0,0
2938,1.0,0.0,0
2939,1.0,6.0,4
2940,1.0,8.0,5
2941,1.0,14.0,8
2942,1.0,2.0,2
2943,1.0,28.0,15
2944,11.0,1950.0,976
2945,1.0,4.0,3
2946,11.0,44.0,23
2947,1.0,0.0,0
2948,1.0,1984.0,993
2949,1.0,6.0,4
2950,1.0,0.0,0
2951,1.0,0.0,0
2952,21.0,3970.0,998
2953,101.0,1996.0,999
2954,1.0,0.0,0
2955,1.0,2.0,2
2956,1.0,0.0,0
2957,1.0,0.0,0
2958,11.0,0.0,0
2959,1.0,0.0,0
2960,1.0,0.0,0
2961,1.0,0.0,0
2962,1.0,10.0,6
2963,1.0,0.0,0
2964,101.0,102.0,20
2965,1.0,10.0,6
2966,1.0,10.0,6
2967,1.0,0.0,0
2968,101.0,0.0,0
2969,171.0,22.0,12
2970,191.0,1974.0,988
2971,1.0,0.0,0
2972,1.0,2.0,2
2973,1.0,0.0,0
2974,1.0,4.0,3
2975,11.0,0.0,0
2976,1.0,4.0,3
2977,1.0,2.0,2
2978,5371.0,6128.0,984
2979,11.0,0.0,0
2980,41.0,1996.0,999
2981,1.0,0.0,0
2982,1.0,2.0,2
2983,1.0,0.0,0
2984,1141.0,3984.0,998
2985,1.0,0.0,0
2986,1.0,0.0,0
2987,311.0,10142.0,988
2988,1.0,1760.0,881
2989,1.0,0.0,0
2990,21.0,0.0,0
2991,1.0,694.0,348
2992,1.0,282.0,142
2993,11.0,0.0,0
2994,71.0,1996.0,999
2995,4451.0,15336.0,559
2996,101.0,0.0,0
2997,11.0,0.0,0
2998,1.0,0.0,0
2999,1.0,0.0,0
3000,161.0,1994.0,998
3001,1.0,1010.0,506
3002,801.0,1998.0,1000
3003,1.0,0.0,0
3004,1.0,0.0,0
3005,81.0,0.0,0
3006,11.0,0.0,0
3007,1.0,0.0,0
3008,1091.0,1682.0,833
3009,1.0,0.0,0
3010,11.0,10.0,6
3011,1.0,0.0,0
3012,281.0,370.0,176
3013,1.0,0.0,0
3014,1.0,4.0,3
3015,1.0,4.0,3
3016,251.0,1994.0,998
3017,1.0,1930.0,966
3018,1.0,8.0,5
3019,1.0,52.0,27
3020,511.0,5912.0,993
3021,1.0,0.0,0
3022,1.0,0.0,0
3023,91.0,0.0,0
3024,101.0,0.0,0
3025,1.0,24.0,13
3026,1.0,0.0,0
3027,1.0,22.0,12
3028,1.0,0.0,0
3029,1.0,0.0,0
3030,171.0,0.0,0
3031,1.0,0.0,0
3032,1.0,0.0,0
3033,4681.0,2028.0,1000
3034,1.0,0.0,0
3035,291.0,12.0,5
3036,1.0,0.0,0
3037,1.0,238.0,121
3038,1.0,9.0,6
3039,1.0,11.0,7
3040,1.0,1089.0,546
3041,1.0,6.0,4
3042,1.0,16.0,9
3043,1.0,6.0,4
3044,1.0,8.0,5
3045,1.0,144.0,73
3046,1.0,18.0,10
3047,1.0,5.0,4
3048,1.0,4.0,3
3049,11.0,4.0,3
3050,1.0,0.0,0
3051,1.0,4.0,3
3052,1.0,0.0,0
3053,1.0,0.0,0
3054,1.0,0.0,0
3055,1.0,0.0,0
3056,91.0,1994.0,998
3057,1.0,0.0,0
3058,1.0,262.0,133
3059,1.0,28.0,15
3060,1.0,25.0,14
3061,241.0,1998.0,1000
3062,1.0,0.0,0
3063,1.0,0.0,0
3064,1.0,0.0,0
3065,201.0,1990.0,996
3066,1.0,0.0,0
3067,1.0,0.0,0
3068,41.0,0.0,0
3069,1.0,0.0,0
3070,1.0,0.0,0
3071,301.0,0.0,0
3072,1.0,0.0,0
3073,1.0,0.0,0
3074,621.0,1998.0,1000
3075,1.0,16.0,9
3076,1.0,0.0,0
3077,1.0,0.0,0
3078,1.0,0.0,0
3079,1.0,16.0,9
3080,11.0,0.0,0
3081,181.0,1998.0,1000
3082,1.0,0.0,0
3083,1.0,0.0,0
3084,11.0,0.0,0
3085,31.0,0.0,0
3086,1.0,1044.0,523
3087,1.0,0.0,0
3088,1331.0,7676.0,973
3089,3371.0,11298.0,1000
3090,41.0,0.0,0
3091,1.0,0.0,0
3092,1.0,0.0,0
3093,171.0,0.0,0
3094,381.0,5966.0,998
3095,701.0,19024.0,987
3096,371.0,0.0,0
3097,1091.0,12990.0,484
3098,1.0,4.0,3
3099,1.0,0.0,0
3100,1.0,4.0,3
3101,231.0,0.0,0
3102,1.0,0.0,0
3103,1.0,0.0,0
3104,11.0,0.0,0
3105,1.0,0.0,0
3106,721.0,9912.0,997
3107,6941.0,3950.0,1000
3108,1.0,1956.0,979
3109,1.0,0.0,0
3110,1.0,0.0,0
3111,101.0,0.0,0
3112,1.0,9.0,6
3113,1.0,4.0,3
3114,1.0,6.0,4
3115,1.0,0.0,0
3116,1.0,6.0,4
3117,621.0,1966.0,984
3118,1.0,0.0,0
3119,1.0,0.0,0
3120,201.0,1994.0,998
3121,1.0,0.0,0
3122,1.0,0.0,0
3123,1.0,4.0,3
3124,1.0,0.0,0
3125,1.0,0.0,0
3126,1.0,0.0,0
3127,1.0,0.0,0
3128,11.0,0.0,0
3129,1.0,0.0,0
3130,1.0,2.0,2
3131,1.0,10.0,6
3132,1.0,7.0,5
3133,1.0,212.0,107
3134,1.0,12.0,7
3135,1.0,7.0,5
3136,1.0,0.0,0
3137,1.0,8.0,5
3138,1.0,0.0,0
3139,21.0,0.0,0
3140,171.0,0.0,0
3141,1.0,0.0,0
3142,1.0,0.0,0
3143,1.0,0.0,0
3144,101.0,0.0,0
3145,81.0,0.0,0
3146,1.0,0.0,0
3147,11.0,0.0,0
3148,1.0,0.0,0
3149,3211.0,20800.0,986
3150,141.0,0.0,0
3151,1.0,1676.0,839
3152,1.0,0.0,0
3153,11.0,0.0,0
3154,1.0,8.0,5
3155,1.0,1984.0,993
3156,1.0,4.0,3
3157,11.0,0.0,0
3158,1.0,0.0,0
3159,1.0,876.0,439
3160,351.0,2866.0,999
3161,14891.0,14326.0,1000
3162,441.0,1994.0,998
3163,2051.0,9872.0,996
3164,1.0,534.0,268
3165,1.0,1777.0,891
3166,1.0,5.0,4
3167,1.0,4.0,3
3168,1.0,203.0,103
3169,1.0,0.0,0
3170,1.0,0.0,0
3171,101.0,0.0,0
3172,1.0,0.0,0
3173,1.0,0.0,0
3174,1.0,1773.0,888
3175,31.0,1990.0,996
3176,1.0,0.0,0
3177,1.0,0.0,0
3178,521.0,0.0,0
3179,1.0,1986.0,994
3180,1.0,0.0,0
3181,211.0,0.0,0
3182,1231.0,0.0,0
3183,21.0,0.0,0
3184,1.0,1979.0,991
3185,1.0,0.0,0
3186,4941.0,6226.0,982
3187,1.0,239.0,121
3188,11.0,0.0,0
3189,1.0,0.0,0
3190,1.0,0.0,0
3191,1511.0,3148.0,284
3192,11.0,0.0,0
3193,1.0,0.0,0
3194,281.0,5962.0,997
3195,1.0,0.0,0
3196,3681.0,6102.0,1000
3197,1.0,0.0,0
3198,1.0,0.0,0
3199,1.0,237.0,120
3200,1.0,0.0,0
3201,1.0,102.0,52
3202,1.0,0.0,0
3203,1.0,0.0,0
3204,12701.0,43244.0,989
3205,3361.0,1998.0,1000
3206,1.0,0.0,0
3207,291.0,0.0,0
3208,1.0,0.0,0
3209,21.0,0.0,0
3210,61.0,0.0,0
3211,1.0,0.0,0
3212,1.0,10.0,6
3213,1.0,10.0,6
3214,421.0,1988.0,995
3215,1.0,0.0,0
3216,1.0,0.0,0
3217,1.0,12.0,7
3218,1.0,10.0,6
3219,961.0,1998.0,1000
3220,1.0,1930.0,966
3221,1.0,2.0,2
3222,1.0,22.0,12
3223,1.0,9.0,6
3224,1.0,8.0,5
3225,2861.0,1998.0,1000
3226,1.0,0.0,0
3227,1.0,0.0,0
3228,1.0,0.0,0
3229,1.0,0.0,0
3230,1.0,1978.0,990
3231,1.0,0.0,0
3232,16141.0,29854.0,999
3233,61.0,0.0,0
3234,121.0,0.0,0
3235,561.0,0.0,0
3236,1.0,744.0,373
3237,1.0,0.0,0
3238,1.0,0.0,0
3239,1.0,0.0,0
3240,1.0,456.0,229
3241,21.0,0.0,0
3242,1711.0,3988.0,1000
3243,1.0,0.0,0
3244,1.0,0.0,0
3245,1.0,0.0,0
3246,21.0,0.0,0
3247,1.0,1976.0,989
3248,11.0,0.0,0
3249,21.0,1994.0,998
3250,1.0,0.0,0
3251,1.0,0.0,0
3252,61.0,0.0,0
3253,51.0,0.0,0
3254,1.0,0.0,0
3255,91.0,0.0,0
3256,21.0,0.0,0
3257,111.0,0.0,0
3258,311.0,0.0,0
3259,511.0,2806.0,987
3260,1.0,34.0,18
3261,721.0,8500.0,975
3262,161.0,1996.0,999
3263,1421.0,72.0,12
3264,1.0,1465.0,734
3265,21.0,0.0,0
3266,1.0,1984.0,993
3267,1.0,917.0,460
3268,16441.0,10252.0,1000
3269,1.0,0.0,0
3270,11.0,1996.0,999
3271,1.0,0.0,0
3272,1.0,0.0,0
3273,1.0,2.0,2
3274,1.0,22.0,12
3275,921.0,5060.0,992
3276,1221.0,3100.0,999
3277,21.0,1998.0,1000
3278,1.0,0.0,0
3279,1.0,0.0,0
3280,1.0,8.0,5
3281,1.0,0.0,0
3282,1.0,8.0,5
3283,1.0,4.0,3
3284,1.0,2.0,2
3285,2661.0,1998.0,1000
3286,1.0,0.0,0
3287,1.0,0.0,0
3288,1.0,2.0,2
3289,1.0,1236.0,619
3290,31.0,1886.0,944
3291,31.0,110.0,56
3292,15571.0,63574.0,997
3293,1.0,0.0,0
3294,1921.0,4046.0,999
3295,361.0,1996.0,999
3296,1.0,0.0,0
3297,31.0,0.0,0
3298,1.0,0.0,0
3299,951.0,17688.0,978
3300,1.0,0.0,0
3301,301.0,1996.0,999
3302,81.0,0.0,0
3303,31.0,0.0,0
3304,1.0,0.0,0
3305,1.0,8.0,5
3306,1.0,7.0,5
3307,91.0,1506.0,754
3308,101.0,484.0,243
3309,1.0,0.0,0
3310,1.0,0.0,0
3311,1.0,4.0,3
3312,61.0,4.0,3
3313,1.0,0.0,0
3314,1.0,4.0,3
3315,1.0,0.0,0
3316,51.0,0.0,0
3317,1.0,2.0,2
3318,171.0,1996.0,999
3319,1.0,0.0,0
3320,861.0,4670.0,997
3321,1.0,0.0,0
3322,1.0,0.0,0
3323,61.0,1996.0,999
3324,371.0,76.0,21
3325,621.0,3890.0,969
3326,1.0,0.0,0
3327,3721.0,228.0,60
3328,1.0,16.0,9
3329,1.0,36.0,19
3330,1.0,0.0,0
3331,11.0,0.0,0
3332,4361.0,5942.0,995
3333,2531.0,7912.0,999
3334,1.0,0.0,0
3335,1.0,4.0,3
3336,1.0,5.0,4
3337,241.0,0.0,0
3338,81.0,0.0,0
3339,1.0,0.0,0
3340,1.0,0.0,0
3341,11.0,0.0,0
3342,41.0,0.0,0
3343,1.0,0.0,0
3344,1.0,0.0,0
3345,1.0,0.0,0
3346,1.0,0.0,0
3347,1.0,0.0,0
3348,41.0,3970.0,996
3349,1.0,4.0,3
3350,1.0,16.0,9
3351,1.0,4.0,3
3352,1.0,20.0,11
3353,1.0,1962.0,982
3354,1.0,0.0,0
3355,61.0,1996.0,999
3356,5691.0,3952.0,993
3357,1.0,54.0,28
3358,1.0,0.0,0
3359,8781.0,1998.0,1000
3360,1.0,0.0,0
3361,1.0,0.0,0
3362,1.0,0.0,0
3363,1.0,0.0,0
3364,1.0,0.0,0
3365,91.0,10.0,5
3366,1.0,6.0,4
3367,1.0,0.0,0
3368,1.0,0.0,0
3369,1.0,2.0,2
3370,1.0,0.0,0
3371,1.0,0.0,0
3372,21881.0,49918.0,775
3373,5201.0,27644.0,430
3374,11.0,1964.0,983
3375,1.0,0.0,0
3376,1.0,0.0,0
3377,1.0,1480.0,741
3378,1.0,16.0,9
3379,1.0,472.0,237
3380,1.0,18.0,10
3381,1.0,2.0,2
3382,1.0,0.0,0
3383,1.0,2.0,2
3384,1.0,0.0,0
3385,41.0,0.0,0
3386,1051.0,1998.0,1000
3387,1.0,0.0,0
3388,1.0,0.0,0
3389,2461.0,2018.0,1000
3390,1.0,22.0,12
3391,1.0,14.0,8
3392,1.0,1860.0,931
3393,1.0,116.0,59
3394,1.0,0.0,0
3395,61.0,3988.0,1000
3396,101.0,2002.0,1000
3397,91.0,0.0,0
3398,1.0,0.0,0
3399,1.0,0.0,0
3400,81.0,0.0,0
3401,1.0,0.0,0
3402,11.0,0.0,0
3403,3011.0,4232.0,1000
3404,1.0,0.0,0
3405,171.0,0.0,0
3406,331.0,0.0,0
3407,1.0,0.0,0
3408,11.0,0.0,0
3409,1.0,0.0,0
3410,1.0,0.0,0
3411,1.0,1912.0,957
3412,541.0,1998.0,1000
3413,1.0,0.0,0
3414,1.0,0.0,0
3415,321.0,0.0,0
3416,31.0,0.0,0
3417,1.0,2.0,2
3418,1.0,0.0,0
3419,1.0,0.0,0
3420,81.0,1996.0,999
3421,31.0,0.0,0
3422,11.0,1988.0,995
3423,1.0,52.0,27
3424,1.0,52.0,27
3425,1.0,1952.0,977
3426,1141.0,0.0,0
3427,471.0,4054.0,679
3428,1.0,1418.0,710
3429,1.0,6.0,4
3430,1.0,574.0,288
3431,1.0,4.0,3
3432,5851.0,21418.0,997
3433,1.0,26.0,14
3434,3531.0,11706.0,993
3435,21.0,0.0,0
3436,1501.0,7936.0,999
3437,41.0,0.0,0
3438,111.0,1962.0,982
3439,91.0,34.0,18
3440,1.0,0.0,0
3441,1.0,7.666666666666667,6
3442,1.0,0.0,0
3443,1.0,8.666666666666668,6
3444,1.0,10.0,6
3445,1.0,0.0,0
3446,1.0,0.0,0
3447,1.0,0.0,0
3448,21.0,0.0,0
3449,1.0,16.0,9
3450,1.0,0.0,0
3451,1.0,0.0,0
3452,1.0,174.0,88
3453,21.0,1994.0,998
3454,1.0,0.0,0
3455,241.0,0.0,0
3456,51.0,0.0,0
3457,1.0,1022.0,512
3458,1.0,0.0,0
3459,411.0,1992.0,997
3460,1.0,0.0,0
3461,11.0,6.0,4
3462,1.0,4.0,3
3463,1.0,6.0,4
3464,1.0,10.0,6
3465,1.0,1984.0,993
3466,14761.0,4654.0,997
3467,1.0,0.0,0
3468,137641.0,8520.0,1000
3469,181.0,7934.0,998
3470,1.0,0.0,0
3471,8631.0,4292.0,435
3472,21.0,2002.0,1000
3473,1.0,0.0,0
3474,11.0,4.0,3
3475,1.0,0.0,0
3476,1.0,0.0,0
3477,91.0,0.0,0
3478,1.0,17.0,10
3479,1.0,360.0,182
3480,1.0,6.0,4
3481,1.0,14.0,8
3482,1.0,1959.0,981
3483,1.0,5.0,4
3484,1.0,4.0,3
3485,21.0,0.0,0
3486,1.0,0.0,0
3487,521.0,1998.0,1000
3488,1.0,68.0,35
3489,1.0,0.0,0
3490,251.0,0.0,0
3491,1.0,0.0,0
3492,1.0,0.0,0
3493,1.0,0.0,0
3494,1.0,0.0,0
3495,1.0,0.0,0
3496,1.0,0.0,0
3497,1.0,0.0,0
3498,1.0,14.0,8
3499,41.0,1996.0,999
3500,1.0,0.0,0
3501,1.0,0.0,0
3502,91.0,5950.0,995
3503,1.0,0.0,0
3504,1.0,0.0,0
3505,1.0,14.0,8
3506,1.0,0.0,0
3507,521.0,1994.0,998
3508,1.0,0.0,0
3509,251.0,1996.0,999
3510,1.0,14.0,8
3511,341.0,94.0,48
3512,21.0,0.0,0
3513,1.0,0.0,0
3514,11.0,0.0,0
3515,1.0,14.0,8
3516,751.0,36.0,11
3517,1.0,0.0,0
3518,1.0,4.0,3
3519,271.0,3976.0,999
3520,1.0,7.0,5
3521,1.0,10.0,6
3522,1.0,0.0,0
3523,361.0,1988.0,995
3524,1.0,0.0,0
3525,441.0,0.0,0
3526,1.0,0.0,0
3527,59721.0,24574.0,1000
3528,141.0,1994.0,998
3529,1.0,0.0,0
3530,1.0,0.0,0
3531,1.0,0.0,0
3532,1.0,0.0,0
3533,1.0,0.0,0
3534,1.0,0.0,0
3535,1.0,0.0,0
3536,311.0,1998.0,1000
3537,1.0,0.0,0
3538,1.0,0.0,0
3539,1.0,4.0,3
3540,1881.0,3940.0,999
3541,1.0,0.0,0
3542,71.0,0.0,0
3543,1.0,0.0,0
3544,16091.0,27086.0,945
3545,1.0,0.0,0
3546,1.0,2.0,2
3547,1.0,2.0,2
3548,1.0,0.0,0
3549,1.0,0.0,0
3550,1.0,0.0,0
3551,1.0,0.0,0
3552,1.0,0.0,0
3553,1.0,0.0,0
3554,16011.0,9720.0,1000
3555,1.0,23.0,13
3556,141.0,1996.0,999
3557,1.0,1925.0,964
3558,1.0,100.0,51
3559,1.0,0.0,0
3560,1.0,1982.0,992
3561,1.0,0.0,0
3562,2921.0,2186.0,120
3563,1.0,784.0,393
3564,61.0,0.0,0
3565,201.0,2004.0,1000
3566,1.0,10.0,6
3567,1.0,0.0,0
3568,1.0,0.0,0
3569,11.0,0.0,0
3570,51.0,0.0,0
3571,1.0,0.0,0
3572,1.0,2.0,2
3573,1.0,0.0,0
3574,51.0,0.0,0
3575,61.0,0.0,0
3576,1.0,0.0,0
3577,1.0,2.0,2
3578,1.0,0.0,0
3579,1121.0,1996.0,999
3580,181.0,0.0,0
3581,1.0,0.0,0
3582,161.0,1996.0,999
3583,51.0,0.0,0
3584,1.0,0.0,0
3585,1.0,0.0,0
3586,91.0,0.0,0
3587,1.0,0.0,0
3588,1.0,0.0,0
3589,101.0,0.0,0
3590,41.0,1994.0,998
3591,61.0,1996.0,999
3592,981.0,1998.0,1000
3593,731.0,0.0,0
3594,181.0,0.0,0
3595,301.0,5102.0,991
3596,1.0,0.0,0
3597,791.0,1998.0,1000
3598,51.0,1996.0,999
3599,1.0,0.0,0
3600,1.0,2.0,2
3601,1.0,0.0,0
3602,1.0,1910.0,956
3603,21.0,0.0,0
3604,451.0,5848.0,988
3605,1.0,1112.0,557
3606,188901.0,57108.0,999
3607,151.0,0.0,0
3608,1.0,0.0,0
3609,1.0,4.0,3
3610,1.0,4.0,3
3611,1.0,0.0,0
3612,1.0,0.0,0
3613,51.0,0.0,0
3614,591.0,304.0,27
3615,911.0,4898.0,315
3616,561.0,448.0,36
3617,121.0,1998.0,1000
3618,311.0,5964.0,997
3619,721.0,3992.0,1000
3620,1.0,2.0,2
3621,411.0,72.0,13
3622,1.0,24.0,13
3623,521.0,0.0,0
3624,1.0,0.0,0
3625,61.0,0.0,0
3626,1.0,948.0,475
3627,1.0,1990.0,996
3628,991.0,2088.0,1000
3629,1.0,0.0,0
3630,1.0,0.0,0
3631,271.0,4070.0,1000
3632,11521.0,1998.0,1000
3633,1.0,0.0,0
3634,1.0,0.0,0
3635,101.0,0.0,0
3636,6751.0,2002.0,1000
3637,1.0,0.0,0
3638,1.0,1691.0,848
3639,1.0,5.0,4
3640,1.0,132.0,67
3641,1.0,6.0,4
3642,101.0,1994.0,998
3643,1.0,0.0,0
3644,1.0,4.0,3
3645,1.0,9.0,6
3646,1.0,352.0,177
3647,1.0,1970.0,986
3648,1.0,4.0,3
3649,40871.0,7456.0,1000
3650,1.0,0.0,0
3651,261.0,1996.0,999
3652,371.0,1310.0,656
3653,19711.0,5292.0,1000
3654,1.0,0.0,0
3655,1.0,0.0,0
3656,381.0,1998.0,1000
3657,11.0,0.0,0
3658,11.0,1990.0,996
3659,1.0,0.0,0
3660,1.0,0.0,0
3661,1.0,0.0,0
3662,1.0,0.0,0
3663,1.0,18.0,10
3664,1.0,0.0,0
3665,141.0,4.0,3
3666,1.0,0.0,0
3667,1.0,17.0,10
3668,1.0,22.0,12
3669,221.0,3848.0,966
3670,1.0,18.0,10
3671,71.0,0.0,0
3672,281.0,92.0,25
3673,1.0,6.0,4
3674,1.0,0.0,0
3675,1041.0,2002.0,1000
3676,1.0,0.0,0
3677,1.0,0.0,0
3678,371.0,0.0,0
3679,161.0,0.0,0
3680,1.0,0.0,0
3681,1.0,0.0,0
3682,1.0,14.0,8
3683,1.0,20.0,11
3684,581.0,0.0,0
3685,1.0,14.0,8
3686,1.0,18.0,10
3687,1.0,0.0,0
3688,1.0,0.0,0
3689,1.0,0.0,0
3690,441.0,0.0,0
3691,1.0,0.0,0
3692,451.0,0.0,0
3693,1.0,0.0,0
3694,231.0,3992.0,1000
3695,441.0,1998.0,1000
3696,41.0,1998.0,1000
3697,1.0,924.0,463
3698,1.0,8.0,5
3699,1.0,10.0,6
3700,1.0,10.0,6
3701,1.0,6.0,4
3702,1.0,78.0,40
3703,1.0,564.0,283
3704,1.0,0.0,0
3705,1.0,0.0,0
3706,1381.0,1998.0,1000
3707,1.0,0.0,0
3708,1.0,0.0,0
3709,11.0,10.0,6
3710,1.0,0.0,0
3711,1.0,0.0,0
3712,1.0,10.0,6
3713,1.0,4.0,3
3714,1.0,2.0,2
3715,1.0,1926.0,964
3716,1.0,40.0,21
3717,1.0,14.0,8
3718,1.0,0.0,0
3719,1.0,0.0,0
3720,1.0,1962.0,982
3721,2261.0,2026.0,1000
3722,1.0,0.0,0
3723,31.0,0.0,0
3724,19021.0,2010.0,1000
3725,1371.0,4010.0,1000
3726,1.0,6.0,4
3727,301.0,3988.0,999
3728,1.0,0.0,0
3729,1.0,912.0,457
3730,61.0,0.0,0
3731,31.0,0.0,0
3732,11.0,0.0,0
3733,1.0,0.0,0
3734,1.0,1790.0,896
3735,1.0,0.0,0
3736,1.0,0.0,0
3737,10321.0,2118.0,865
3738,1.0,4.0,3
3739,1.0,1958.0,980
3740,1.0,0.0,0
3741,1.0,8.0,5
3742,1.0,0.0,0
3743,11.0,0.0,0
3744,1.0,0.0,0
3745,1.0,2.0,2
3746,1.0,0.0,0
3747,11.0,0.0,0
3748,991.0,1998.0,1000
3749,1.0,0.0,0
3750,1.0,2.0,2
3751,1.0,0.0,0
3752,81.0,1996.0,999
3753,1.0,0.0,0
3754,1.0,0.0,0
3755,1.0,0.0,0
3756,1.0,1964.0,983
3757,1.0,1934.0,968
3758,1.0,6.0,4
3759,1.0,54.0,28
3760,1.0,6.0,4
3761,41.0,0.0,0
3762,1401.0,1452.0,351
3763,191.0,0.0,0
3764,1.0,1872.0,937
3765,1.0,0.0,0
3766,11.0,0.0,0
3767,1.0,126.0,64
3768,1.0,1164.0,583
3769,1.0,0.0,0
3770,1.0,572.0,287
3771,1.0,0.0,0
3772,6521.0,4266.0,948
3773,4671.0,124.0,20
3774,1.0,0.0,0
3775,1.0,28.0,15
3776,1.0,4.0,3
3777,1.0,0.0,0
3778,1.0,2.0,2
3779,1.0,0.0,0
3780,1.0,0.0,0
3781,11.0,0.0,0
3782,1.0,0.0,0
3783,1.0,0.0,0
3784,41.0,0.0,0
3785,1.0,0.0,0
3786,1.0,25.0,14
3787,1.0,0.0,0
3788,1.0,0.0,0
3789,1.0,27.0,15
3790,1.0,0.0,0
3791,1.0,0.0,0
3792,1.0,28.0,15
3793,1.0,0.0,0
3794,1.0,27.0,15
3795,1.0,28.0,15
3796,1.0,26.0,14
3797,1.0,0.0,0
3798,41.0,0.0,0
3799,31.0,1994.0,998
3800,1.0,8.0,5
3801,1.0,16.0,9
3802,1.0,18.0,10
3803,1.0,26.0,14
3804,5771.0,4004.0,1000
3805,41.0,0.0,0
3806,1.0,0.0,0
3807,1.0,294.0,148
3808,1.0,128.0,65
3809,1.0,548.0,275
3810,51.0,0.0,0
3811,1.0,214.0,108
3812,1.0,0.0,0
3813,1.0,0.0,0
3814,41.0,1996.0,999
3815,1.0,0.0,0
3816,1.0,1376.0,689
3817,1.0,0.0,0
3818,1.0,0.0,0
3819,1.0,0.0,0
3820,111.0,0.0,0
3821,61.0,0.0,0
3822,1.0,4.0,3
3823,1.0,0.0,0
3824,1.0,78.0,40
3825,1.0,192.0,97
3826,1.0,2.0,2
3827,1.0,35.0,19
3828,1.0,0.0,0
3829,1.0,0.0,0
3830,1.0,0.0,0
3831,1.0,6.0,4
3832,3391.0,1998.0,1000
3833,61.0,0.0,0
3834,5501.0,2036.0,1000
3835,1461.0,10010.0,999
3836,1.0,1332.0,667
3837,1.0,10.0,6
3838,1.0,0.0,0
3839,1.0,0.0,0
3840,221.0,1998.0,1000
3841,1.0,0.0,0
3842,1.0,0.0,0
3843,541.0,0.0,0
3844,1.0,16.0,9
3845,221.0,0.0,0
3846,1.0,0.0,0
3847,151.0,0.0,0
3848,1.0,0.0,0
3849,1.0,0.0,0
3850,1.0,0.0,0
3851,1.0,214.0,108
3852,591.0,0.0,0
3853,71.0,0.0,0
3854,1.0,0.0,0
3855,2731.0,19616.0,994
3856,521.0,0.0,0
3857,1.0,0.0,0
3858,11.0,0.0,0
3859,1.0,0.0,0
3860,1.0,0.0,0
3861,1.0,0.0,0
3862,1.0,0.0,0
3863,371.0,1974.0,988
3864,101.0,2.0,2
3865,221.0,1996.0,999
3866,1.0,0.0,0
3867,1.0,0.0,0
3868,1.0,0.0,0
3869,1231.0,3856.0,959
3870,3101.0,17350.0,888
3871,1.0,1914.0,958
3872,141.0,0.0,0
3873,1.0,1728.0,865
3874,61.0,0.0,0
3875,421.0,0.0,0
3876,1.0,0.0,0
3877,21.0,0.0,0
3878,131.0,0.0,0
3879,1.0,0.0,0
3880,1.0,0.0,0
3881,1.0,0.0,0
3882,1.0,0.0,0
3883,1.0,0.0,0
3884,61001.0,2800.0,1000
3885,6311.0,1980.0,991
3886,1.0,0.0,0
3887,191.0,1996.0,999
3888,1.0,1894.0,948
3889,1.0,0.0,0
3890,1.0,1824.0,913
3891,1.0,1984.0,993
3892,1.0,0.0,0
3893,1.0,8.0,5
3894,231.0,1990.0,996
3895,1.0,8.0,5
3896,1.0,8.0,5
3897,11.0,0.0,0
3898,235961.0,8072.0,1000
3899,1.0,0.0,0
3900,1.0,0.0,0
3901,31.0,0.0,0
3902,241.0,3980.0,997
3903,1.0,0.0,0
3904,1.0,1135.6666666666665,571
3905,1.0,3.0,3
3906,1.0,2.0,2
3907,1.0,1240.0,621
3908,1.0,2.0,2
3909,1.0,22.0,12
3910,1.0,2.0,2
3911,94401.0,169850.0,978
3912,94781.0,1998.0,1000
3913,1.0,0.0,0
3914,196261.0,19944.0,1000
3915,1.0,16.0,9
3916,1.0,4.0,3
3917,1.0,1940.0,971
3918,1.0,52.0,27
3919,11.0,6.0,4
3920,1.0,0.0,0
3921,1.0,6.0,4
3922,1.0,4.0,3
3923,1.0,0.0,0
3924,11.0,0.0,0
3925,61.0,0.0,0
3926,1.0,0.0,0
3927,1.0,0.0,0
3928,1.0,0.0,0
3929,1.0,1088.0,545
3930,1.0,1564.0,783
3931,1.0,0.0,0
3932,1.0,1934.0,968
3933,1.0,0.0,0
3934,1.0,0.0,0
3935,1.0,1034.0,518
3936,291.0,1996.0,999
3937,5101.0,30044.0,868
3938,1.0,6.0,4
3939,1.0,8.0,5
3940,1.0,8.0,5
3941,401.0,42.0,22
3942,5251.0,5982.0,1000
3943,1.0,0.0,0
3944,661.0,0.0,0
3945,1.0,580.0,291
3946,1.0,12.0,7
3947,9991.0,10912.0,999
3948,1.0,1946.0,974
3949,1.0,1969.0,986
3950,81.0,1992.0,997
3951,1.0,1081.0,542
3952,1.0,0.0,0
3953,1.0,58.0,30
3954,1.0,8.0,5
3955,1.0,58.0,30
3956,1.0,6.0,4
3957,2981.0,4050.0,1000
3958,21.0,0.0,0
3959,1.0,1899.0,951
3960,1.0,62.0,32
3961,1.0,0.0,0
3962,241.0,1946.0,974
3963,101.0,1994.0,998
3964,1.0,0.0,0
3965,1.0,10.0,6
3966,1.0,6.0,4
3967,1.0,4.0,3
3968,1.0,0.0,0
3969,1.0,10.0,6
3970,1.0,54.0,28
3971,1.0,8.0,5
3972,1.0,0.0,0
3973,1.0,0.0,0
3974,4041.0,3990.0,1000
3975,1.0,0.0,0
3976,1.0,188.0,95
3977,31.0,14.0,8
3978,921.0,204.0,30
3979,1.0,0.0,0
3980,1.0,1964.0,983
3981,1.0,1452.0,727
3982,1281.0,2002.0,1000
3983,1.0,6.0,4
3984,1.0,10.0,6
3985,1.0,2.0,2
3986,1.0,10.0,6
3987,21.0,1998.0,1000
3988,1.0,16.0,9
3989,1.0,0.0,0
3990,1.0,8.0,5
3991,1.0,8.0,5
3992,21.0,1996.0,999
3993,1.0,0.0,0
3994,1.0,0.0,0
3995,131.0,0.0,0
3996,21.0,0.0,0
3997,1.0,0.0,0
3998,21.0,0.0,0
3999,1.0,12.0,7
4000,1.0,12.0,7
4001,41.0,3978.0,999
4002,1.0,14.0,8
4003,1.0,13.0,8
4004,1.0,0.0,0
4005,1.0,0.0,0
4006,1.0,0.0,0
4007,1.0,36.0,19
4008,1.0,0.0,0
4009,1.0,6.0,4
4010,4231.0,0.0,0
4011,1.0,0.0,0
4012,9281.0,34920.0,919
4013,1.0,0.0,0
4014,1.0,1937.0,970
4015,6741.0,15680.0,999
4016,121.0,0.0,0
4017,241.0,3966.0,994
4018,1.0,0.0,0
4019,1.0,0.0,0
4020,1.0,1966.0,984
4021,1.0,0.0,0
4022,3511.0,39856.0,765
4023,1.0,1155.6666666666665,580
4024,1.0,0.0,0
4025,1.0,0.0,0
4026,1.0,0.0,0
4027,1.0,1266.0,634
4028,121.0,1996.0,999
4029,31.0,0.0,0
4030,21.0,1996.0,999
4031,1.0,0.0,0
4032,1.0,0.0,0
4033,12051.0,1998.0,1000
4034,21.0,0.0,0
4035,31.0,0.0,0
4036,1.0,0.0,0
4037,11.0,0.0,0
4038,1.0,0.0,0
4039,9441.0,12188.0,993
4040,11.0,0.0,0
4041,1.0,1750.0,877
4042,1.0,468.0,235
4043,1.0,4.0,3
4044,1.0,0.0,0
4045,971.0,32.0,10
4046,1051.0,1994.0,998
4047,31.0,0.0,0
4048,1.0,6.0,4
4049,1.0,4.0,3
4050,1.0,2.0,2
4051,1.0,56.0,29
4052,1.0,0.0,0
4053,1.0,0.0,0
4054,1.0,0.0,0
4055,1.0,16.0,9
4056,1.0,0.0,0
4057,31.0,0.0,0
4058,1.0,0.0,0
4059,1.0,0.0,0
4060,1.0,0.0,0
4061,1.0,0.0,0
4062,1.0,16.0,9
4063,1.0,0.0,0
4064,1.0,6.0,4
4065,1.0,6.0,4
4066,1.0,6.0,4
4067,1.0,2.0,2
4068,1.0,162.0,82
4069,1.0,4.0,3
4070,1.0,0.0,0
4071,481.0,1996.0,999
4072,1.0,5.0,4
4073,1.0,54.0,28
4074,711.0,5948.0,997
4075,1.0,1986.0,994
4076,2471.0,13714.0,996
4077,141.0,0.0,0
4078,121.0,0.0,0
4079,1.0,0.0,0
4080,11.0,0.0,0
4081,1.0,4.0,3
4082,1.0,6.0,4
4083,21.0,1998.0,1000
4084,1.0,0.0,0
4085,1.0,6.0,4
4086,11.0,6.0,4
4087,11.0,1986.0,994
4088,1.0,0.0,0
4089,3801.0,1994.0,998
4090,821.0,44.0,11
4091,1.0,0.0,0
4092,1.0,0.0,0
4093,1.0,0.0,0
4094,2121.0,1998.0,1000
4095,1.0,0.0,0
4096,1.0,0.0,0
4097,1.0,0.0,0
4098,1.0,10.0,6
4099,1.0,0.0,0
4100,1.0,1472.0,737
4101,1.0,0.0,0
4102,1.0,0.0,0
4103,801.0,54.0,13
4104,151.0,8.0,5
4105,1.0,0.0,0
4106,1.0,0.0,0
4107,1.0,0.0,0
4108,1.0,0.0,0
4109,1.0,1986.0,994
4110,1.0,108.0,55
4111,1.0,0.0,0
4112,1.0,0.0,0
4113,116071.0,90736.0,999
4114,1.0,0.0,0
4115,41.0,1990.0,996
4116,1.0,0.0,0
4117,1.0,0.0,0
4118,1.0,0.0,0
4119,1.0,1460.0,731
4120,11.0,0.0,0
4121,1.0,196.0,99
4122,1.0,6.0,4
4123,1.0,0.0,0
4124,14611.0,46910.0,849
4125,1.0,2.0,2
4126,1.0,26.0,14
4127,341.0,98.0,14
4128,1.0,0.0,0
4129,1501.0,3992.0,1000
4130,1.0,0.0,0
4131,21.0,1996.0,999
4132,1.0,0.0,0
4133,1.0,0.0,0
4134,1.0,0.0,0
4135,331.0,1998.0,1000
4136,11.0,0.0,0
4137,1.0,0.0,0
4138,1.0,0.0,0
4139,1.0,0.0,0
4140,1.0,0.0,0
4141,21.0,1996.0,999
4142,1.0,6.0,4
4143,1.0,4.0,3
4144,1.0,6.0,4
4145,1.0,4.0,3
4146,1.0,0.0,0
4147,211.0,0.0,0
4148,1.0,0.0,0
4149,21.0,0.0,0
4150,1.0,4.0,3
4151,1.0,4.0,3
4152,1.0,0.0,0
4153,1.0,414.0,208
4154,751.0,0.0,0
4155,68101.0,11344.0,998
4156,1.0,1974.0,988
4157,1.0,0.0,0
4158,1.0,0.0,0
4159,1.0,8.0,5
4160,71.0,1998.0,1000
4161,1.0,0.0,0
4162,1.0,0.0,0
4163,1.0,0.0,0
4164,181.0,3980.0,998
4165,21.0,1994.0,998
4166,1.0,0.0,0
4167,1.0,0.0,0
4168,4741.0,2190.0,1000
4169,1.0,0.0,0
4170,41.0,0.0,0
4171,1.0,0.0,0
4172,1.0,0.0,0
4173,911.0,13736.0,999
4174,1.0,0.0,0
4175,1.0,1874.0,938
4176,1.0,10.0,6
4177,1.0,842.0,422
4178,1.0,0.0,0
4179,1.0,750.0,376
4180,1.0,0.0,0
4181,90571.0,51584.0,979
4182,1.0,160.0,81
4183,1.0,38.0,20
4184,1.0,1948.0,975
4185,1.0,150.0,76
4186,1.0,8.0,5
4187,11.0,1984.0,993
4188,1.0,260.0,131
4189,11.0,0.0,0
4190,1.0,6.0,4
4191,11.0,3972.0,995
4192,1.0,1776.0,889
4193,2141.0,1778.0,159
4194,1731.0,5776.0,584
4195,21.0,1998.0,1000
4196,11.0,0.0,0
4197,1.0,4.0,3
4198,191.0,0.0,0
4199,3251.0,3952.0,1000
4200,1.0,0.0,0
4201,1.0,10.0,6
4202,11.0,0.0,0
4203,21.0,0.0,0
4204,1.0,0.0,0
4205,51.0,0.0,0
4206,1.0,0.0,0
4207,1.0,1967.0,985
4208,1.0,6.0,4
4209,51.0,3980.0,999
4210,1.0,4.0,3
4211,1.0,0.0,0
4212,1.0,0.0,0
4213,11.0,32.0,17
4214,1.0,1982.0,992
4215,31.0,0.0,0
4216,1951.0,2016.0,1000
4217,11.0,0.0,0
4218,1.0,1972.0,987
4219,1.0,0.0,0
4220,1.0,4.0,3
4221,1.0,0.0,0
4222,1231.0,1998.0,1000
4223,1.0,0.0,0
4224,1.0,0.0,0
4225,1.0,0.0,0
4226,1.0,0.0,0
4227,201.0,3988.0,1000
4228,12711.0,94972.0,845
4229,1.0,0.0,0
4230,1.0,0.0,0
4231,21.0,0.0,0
4232,24811.0,1996.0,999
4233,1.0,0.0,0
4234,211.0,0.0,0
4235,6641.0,14496.0,972
4236,1.0,22.0,12
4237,1.0,6.0,4
4238,1.0,36.0,19
4239,1.0,4.0,3
4240,1.0,8.0,5
4241,11.0,0.0,0
4242,1.0,0.0,0
4243,1.0,8.0,5
4244,1.0,497.0,250
4245,51.0,0.0,0
4246,12001.0,3200.0,911
4247,401.0,0.0,0
4248,1.0,0.0,0
4249,1.0,0.0,0
4250,11.0,0.0,0
4251,371.0,304.0,26
4252,1.0,1486.0,744
4253,1.0,0.0,0
4254,1.0,0.0,0
4255,1.0,1942.0,972
4256,1.0,0.0,0
4257,2381.0,18018.0,991
4258,1651.0,14094.0,527
4259,1.0,2.0,2
4260,1.0,56.0,29
4261,1.0,8.0,5
4262,371.0,1990.0,996
4263,1.0,0.0,0
4264,1.0,0.0,0
4265,1.0,0.0,0
4266,1.0,0.0,0
4267,1.0,0.0,0
4268,1.0,0.0,0
4269,1.0,1112.0,557
4270,1.0,1990.0,996
4271,1.0,0.0,0
4272,181.0,1998.0,1000
4273,1.0,6.0,4
4274,1.0,10.0,6
4275,1.0,0.0,0
4276,1.0,120.0,61
4277,1.0,12.0,7
4278,1.0,26.0,14
4279,1.0,36.0,19
4280,1.0,8.0,5
4281,1.0,3.0,3
4282,141.0,1998.0,1000
4283,1131.0,1998.0,1000
4284,1.0,0.0,0
4285,45371.0,17686.0,998
4286,1.0,0.0,0
4287,11.0,0.0,0
4288,1.0,42.0,22
4289,1.0,3.0,3
4290,1.0,0.0,0
4291,1.0,6.0,4
4292,1.0,0.0,0
4293,1.0,0.0,0
4294,91.0,5966.0,999
4295,1.0,6.0,4
4296,1.0,6.0,4
4297,1.0,868.0,435
4298,1.0,0.0,0
4299,34481.0,62234.0,1000
4300,1.0,0.0,0
4301,1.0,0.0,0
4302,1.0,0.0,0
4303,1.0,0.0,0
4304,21.0,1996.0,999
4305,1.0,0.0,0
4306,1.0,0.0,0
4307,1.0,0.0,0
4308,51.0,0.0,0
4309,1261.0,5886.0,1000
4310,1.0,6.0,4
4311,791.0,2924.0,1000
4312,11.0,0.0,0
4313,1.0,6.0,4
4314,1.0,0.0,0
4315,1.0,2.0,2
4316,21.0,0.0,0
4317,1.0,36.0,19
4318,1.0,1936.0,969
4319,1.0,0.0,0
4320,11.0,1990.0,996
4321,1.0,36.0,19
4322,1.0,1578.0,790
4323,1.0,8.0,5
4324,531.0,0.0,0
4325,1.0,8.0,5
4326,1.0,0.0,0
4327,11.0,1992.0,997
4328,1.0,636.0,319
4329,1.0,4.0,3
4330,1.0,0.0,0
4331,241.0,3688.0,926
4332,61.0,0.0,0
4333,1.0,52.0,27
4334,1.0,1938.0,970
4335,1.0,4.0,3
4336,1.0,0.0,0
